corpus,zipf_a,filler_n,seed,lr,docs,train_tokens,facts_delivered,bits_delivered,obj_loss_bits_indist,ideal_loss_bits,facts_stored,bits_stored,bits_stored_soft,unseen_top1_acc,train_loss_nats,wall_seconds,git_commit,config_hash,obj_loss_bits_indist_fullvocab,unseen_loss_bits,delivered_top1_acc,cooldown,model_size,n_params_nonemb,n_params_total,bits_stored_per_param,bits_stored_per_param_total,k_sub,frac_stored,mean_exposures,cap,warmup_docs,facts_with_at_least_cstar_exposures,cap_adequacy,budget_tokens,n_uncapped,corpus_type,level,tau,n_facts_at_cap,weighted_acc_p,head_loss_bits
CURATEDF,0.5,0,1,0.0003,83072,1001257,29275,351300,8.47861734381169,,1091.852783203125,13102.2333984375,26528.5571354121,0.0002,2.206307411193848,8.551454067230225,b2ce10ecdabd,3835f54b6088,8.567907678241879,12.711924601244926,0.0375405636208368,1,L,31524864,34350080,0.0004156158579601,0.0003814323983652,,,,,,,,300000000,,CURATED,100,2.0057493899e-06,39473.0,0.28436,3.8354797225296497
CURATEDF,0.5,0,1,0.0003,187520,2259419,49600,595200,5.000057887002792,,5205.890625,62470.6875,95102.66747346362,0.00015,1.8166791200637815,19.511264324188232,b2ce10ecdabd,3835f54b6088,5.057236397567678,12.70593163230419,0.1052016129032258,1,L,31524864,34350080,0.001981632260174,0.0018186475111557,,,,,,,,300000000,,CURATED,100,2.0057493899e-06,39473.0,0.582135,0.0967195313344709
CURATEDF,0.5,0,1,0.0003,423552,5102709,128946,1547352,5.063409691577628,,13856.51904296875,166278.228515625,240233.5794867058,0.00015,2.3286452293396,42.21978092193604,b2ce10ecdabd,3835f54b6088,5.155441044894187,12.520322853136063,0.1077040001240829,1,L,31524864,34350080,0.0052745105741177,0.0048406940687074,,,,,,,,300000000,,CURATED,100,2.0057493899e-06,39473.0,0.675135,1.6367089753746986
CURATEDF,0.5,0,1,0.0003,956800,11525385,281060,3372720,2.8895251724979327,,64049.3818359375,768592.58203125,885094.8271638739,0.00035,2.0004899501800537,90.89569544792175,b2ce10ecdabd,3835f54b6088,2.944134100019266,12.807432015538216,0.2281292250764961,1,L,31524864,34350080,0.0243805201516888,0.0223752777877445,,,,,,,,300000000,,CURATED,100,2.0057493899e-06,39473.0,0.826715,1.1806563854468983
CURATEDF,0.5,0,1,0.0003,2160896,26031791,460927,5531124,1.149717987291642,,133899.46899414062,1606793.6279296875,1774530.4719858272,0.0002,1.8867690563201904,198.65039658546448,b2ce10ecdabd,3835f54b6088,1.1907236864100257,13.083758687996864,0.290744521366724,1,L,31524864,34350080,0.0509690899199339,0.0467769981301262,,,,,,,,300000000,,CURATED,100,2.0057493899e-06,39473.0,0.92824,0.2861888105850667
CURATEDF,0.5,0,1,0.0003,4881024,58800178,667240,8006880,0.8044147330400057,,179201.099609375,2150413.1953125,2284917.950953085,0.0002,1.775436282157898,438.1063232421875,b2ce10ecdabd,3835f54b6088,0.8369788331941439,12.989345156884191,0.2688148192554403,1,L,31524864,34350080,0.0682132425793335,0.0626028584303879,,,,,,,,300000000,,CURATED,100,2.0057493899e-06,39473.0,0.94665,0.1417683777476195
CURATEDF,0.5,0,1,0.0003,11025024,132815102,856805,10281660,0.6490079921418277,,200012.81909179688,2400153.8291015625,2558144.8960968046,0.0004,1.680669188499451,969.9626264572144,b2ce10ecdabd,3835f54b6088,0.6650248885345768,12.767756255280972,0.2336844439516576,1,L,31524864,34350080,0.0761352635526536,0.0698733111859291,,,,,,,,300000000,,CURATED,100,2.0057493899e-06,39473.0,0.953165,0.064812238604296
CURATEDF,0.5,0,1,0.0003,24903168,300000660,970005,11640060,0.6035443883983052,,173238.18237304688,2078858.1884765625,2432494.0467658,0.00035,1.6866822242736816,2165.986158847809,b2ce10ecdabd,3835f54b6088,0.6249062794020889,12.498738702344896,0.1788392843335859,1,L,31524864,34350080,0.0659434466862906,0.0605197480901518,,,,,,,,300000000,,CURATED,100,2.0057493899e-06,39473.0,0.94913,0.0273525694001
CURATEDF,0.5,0,2,0.0003,83072,1000576,29141,349692,8.415579291728958,,1144.885498046875,13738.6259765625,27547.29570140376,0.0002,2.095893859863281,8.608175039291382,b2ce10ecdabd,a7fd73b94860,8.512084742107318,12.678057983589172,0.0395319309563844,1,L,31524864,34350080,0.0004358028626725,0.0003999590678264,,,,,,,,300000000,,CURATED,100,2.0057493899e-06,39473.0,0.288915,3.839698330670595
CURATEDF,0.5,0,2,0.0003,187648,2259826,49489,593868,4.9675239467772885,,5226.917724609375,62723.0126953125,96201.42061344368,0.00015,1.7013907432556152,18.82465100288391,b2ce10ecdabd,a7fd73b94860,5.024767745936694,12.703243235266209,0.1058619087069853,1,L,31524864,34350080,0.0019896362660061,0.0018259932057017,,,,,,,,300000000,,CURATED,100,2.0057493899e-06,39473.0,0.58386,0.0917189207570627
CURATEDF,0.5,0,2,0.0003,423680,5103316,128921,1547052,5.024321126600467,,14855.525146484377,178266.3017578125,249808.0567585701,0.00045,2.279070377349853,40.38065195083618,b2ce10ecdabd,a7fd73b94860,5.113595257243179,12.515364804816246,0.115473817298966,1,L,31524864,34350080,0.0056547841652167,0.0051896910213254,,,,,,,,300000000,,CURATED,100,2.0057493899e-06,39473.0,0.6823,1.6570325318090615
CURATEDF,0.5,0,2,0.0003,956800,11525059,280733,3368796,2.732995646249773,,67301.46166992188,807617.5400390625,923549.39466942,0.0001,2.060431241989136,87.2276885509491,b2ce10ecdabd,a7fd73b94860,2.7858878892162395,12.836761250591278,0.2399789123473193,1,L,31524864,34350080,0.0256184305835248,0.0235113729004142,,,,,,,,300000000,,CURATED,100,2.0057493899e-06,39473.0,0.841265,1.1408887889739123
CURATEDF,0.5,0,2,0.0003,2160896,26032521,461653,5539836,1.12985166989462,,136143.29174804688,1633719.5009765625,1798290.0252105226,0.00025,1.84702467918396,189.74513149261475,b2ce10ecdabd,a7fd73b94860,1.173652446535952,13.09870494301319,0.2951480874163061,1,L,31524864,34350080,0.0518232053586833,0.0475608645154993,,,,,,,,300000000,,CURATED,100,2.0057493899e-06,39473.0,0.929235,0.2967015746887773
CURATEDF,0.5,0,2,0.0003,4881024,58800778,667756,8013072,0.7966793824376084,,181544.9736328125,2178539.68359375,2306026.8556452985,0.00035,1.7986265420913696,415.548317193985,b2ce10ecdabd,a7fd73b94860,0.8266260234332765,12.995963352274895,0.2721173602333787,1,L,31524864,34350080,0.0691054427258988,0.063421677142928,,,,,,,,300000000,,CURATED,100,2.0057493899e-06,39473.0,0.94701,0.1278145104043651
CURATEDF,0.5,0,2,0.0003,11024384,132815010,857590,10291080,0.6340363099714025,,200324.62744140625,2403895.529296875,2579726.614876837,0.00015,1.7057963609695437,924.0520651340483,b2ce10ecdabd,a7fd73b94860,0.6562449081115069,12.764468059682846,0.2338343497475483,1,L,31524864,34350080,0.0762539539995121,0.0699822396133247,,,,,,,,300000000,,CURATED,100,2.0057493899e-06,39473.0,0.95306,0.0546137122726067
CURATEDF,0.5,0,2,0.0003,24901760,300001013,969868,11638416,0.6054736847568852,,166481.2158203125,1997774.58984375,2328935.80746337,0.00015,1.7174004316329956,2077.59996342659,b2ce10ecdabd,a7fd73b94860,0.6298394380561664,12.43508476164341,0.1718976190574387,1,L,31524864,34350080,0.0633713943966181,0.0581592412548602,,,,,,,,300000000,,CURATED,100,2.0057493899e-06,39473.0,0.948185,0.0187480176509125
CURATEDF,0.5,0,1,0.0003,83072,1001257,29275,351300,8.47861734381169,,1091.852783203125,13102.2333984375,26528.5571354121,0.0002,2.206307411193848,7.837013483047485,b2ce10ecdabd,3d3c50a22e1e,8.567907678241879,12.711924601244926,0.0375405636208368,1,L,31524864,34350080,0.0004156158579601,0.0003814323983652,,,,,,,,300000000,,CURATED,1000,6.5247445428e-05,2971.0,0.28436,3.8354797225296497
CURATEDF,0.5,0,1,0.0003,187520,2259419,49600,595200,5.000057887002792,,5205.890625,62470.6875,95102.66747346362,0.00015,1.8166791200637815,17.766090869903564,b2ce10ecdabd,3d3c50a22e1e,5.057236397567678,12.70593163230419,0.1052016129032258,1,L,31524864,34350080,0.001981632260174,0.0018186475111557,,,,,,,,300000000,,CURATED,1000,6.5247445428e-05,2971.0,0.582135,0.0967195313344709
CURATEDF,0.5,0,1,0.0003,423552,5102709,89522,1074264,2.986975392298452,,16696.14404296875,200353.728515625,268018.77803964936,0.0001,1.7288206815719604,38.37753701210022,b2ce10ecdabd,3d3c50a22e1e,3.024257340739005,12.796808729076384,0.1867473917025982,1,L,31524864,34350080,0.0063554192816065,0.0058327004919821,,,,,,,,300000000,,CURATED,1000,6.5247445428e-05,2971.0,0.757715,0.0473423670153133
CURATEDF,0.5,0,1,0.0003,956800,11525385,160074,1920888,1.9768415223421612,,38866.91943359375,466403.033203125,564789.687596367,0.00035,1.6087831258773804,82.83778738975525,b2ce10ecdabd,3d3c50a22e1e,2.0037243307172097,12.909360170006751,0.2430500893336831,1,L,31524864,34350080,0.0147947674953688,0.0135779314983582,,,,,,,,300000000,,CURATED,1000,6.5247445428e-05,2971.0,0.84166,0.0159858550128992
CURATEDF,0.5,0,1,0.0003,2160896,26031791,262127,3145524,1.5236374587278938,,63245.00415039063,758940.0498046875,846892.5249125409,0.0004,1.619755744934082,180.8590054512024,b2ce10ecdabd,3d3c50a22e1e,1.5639399647887005,12.821455984807017,0.241520331747588,1,L,31524864,34350080,0.0240743322415185,0.0220942731372004,,,,,,,,300000000,,CURATED,1000,6.5247445428e-05,2971.0,0.880895,0.008662087497767
CURATEDF,0.5,0,1,0.0003,4881024,58800178,405844,4870128,1.2808889758793085,,83698.9169921875,1004387.00390625,1067147.8734494396,0.00015,1.5226296186447144,415.4635968208313,b2ce10ecdabd,3d3c50a22e1e,1.331131492970967,12.700886599969865,0.2064783512876869,1,L,31524864,34350080,0.0318601534302019,0.0292397282308003,,,,,,,,300000000,,CURATED,1000,6.5247445428e-05,2971.0,0.902425,0.0062774371758569
CURATEDF,0.5,0,1,0.0003,11025024,132815102,588891,7066692,1.1063736815008671,,94669.22778320312,1136030.7333984375,1221058.726739837,0.00035,1.4334657192230225,947.4019820690156,b2ce10ecdabd,3d3c50a22e1e,1.1589168899459712,12.53767191631794,0.1610026303679288,1,L,31524864,34350080,0.0360360232925489,0.0330721422889972,,,,,,,,300000000,,CURATED,1000,6.5247445428e-05,2971.0,0.91374,0.0043745249583153
CURATEDF,0.5,0,1,0.0003,24903168,300000660,784277,9411324,1.072801059746774,,75918.52612304688,911022.3134765624,1069054.7593971172,0.0004,1.47522234916687,2118.856764316559,b2ce10ecdabd,3d3c50a22e1e,1.1035401879949605,12.29856520793438,0.0970447941224847,1,L,31524864,34350080,0.0288985327098179,0.0265216940827084,,,,,,,,300000000,,CURATED,1000,6.5247445428e-05,2971.0,0.90743,0.0018684531014296
CURATEDF,0.5,0,2,0.0003,83072,1000576,29141,349692,8.415579291728958,,1144.885498046875,13738.6259765625,27547.29570140376,0.0002,2.095893859863281,8.628652811050415,b2ce10ecdabd,5e012242b463,8.512084742107318,12.678057983589172,0.0395319309563844,1,L,31524864,34350080,0.0004358028626725,0.0003999590678264,,,,,,,,300000000,,CURATED,1000,6.5247445428e-05,2971.0,0.288915,3.839698330670595
CURATEDF,0.5,0,2,0.0003,187648,2259826,49489,593868,4.9675239467772885,,5226.917724609375,62723.0126953125,96201.42061344368,0.00015,1.7013907432556152,19.22941541671753,b2ce10ecdabd,5e012242b463,5.024767745936694,12.703243235266209,0.1058619087069853,1,L,31524864,34350080,0.0019896362660061,0.0018259932057017,,,,,,,,300000000,,CURATED,1000,6.5247445428e-05,2971.0,0.58386,0.0917189207570627
CURATEDF,0.5,0,2,0.0003,423680,5103316,89607,1075284,2.947654365096012,,17365.123291015625,208381.4794921875,275657.2546355316,0.0005,1.7695053815841677,41.141178607940674,b2ce10ecdabd,5e012242b463,2.984807538993972,12.79743489960432,0.1940361802091354,1,L,31524864,34350080,0.0066100675166175,0.0060664044884957,,,,,,,,300000000,,CURATED,1000,6.5247445428e-05,2971.0,0.761045,0.0517986701829358
CURATEDF,0.5,0,2,0.0003,956800,11525059,159781,1917372,1.946629893287876,,40283.99096679688,483407.8916015625,576250.7179146117,0.00025,1.6072309017181396,88.6034631729126,b2ce10ecdabd,5e012242b463,1.973729253213648,12.876844619607926,0.2523641734624267,1,L,31524864,34350080,0.0153341784948402,0.0140729771692398,,,,,,,,300000000,,CURATED,1000,6.5247445428e-05,2971.0,0.844835,0.0155356928117107
CURATEDF,0.5,0,2,0.0003,2160896,26032521,262318,3147816,1.5057282079281291,,64477.95751953125,773735.490234375,858314.5508118311,0.0003,1.5478156805038452,193.8661768436432,b2ce10ecdabd,5e012242b463,1.543738493419059,12.79394060804844,0.246044876828887,1,L,31524864,34350080,0.0245436583083871,0.0225249982018782,,,,,,,,300000000,,CURATED,1000,6.5247445428e-05,2971.0,0.882595,0.0083994564800523
CURATEDF,0.5,0,2,0.0003,4881024,58800778,406407,4876884,1.262253683519478,,85530.77954101562,1026369.3544921876,1083441.1021366366,0.0006,1.5657967329025269,427.6774911880493,b2ce10ecdabd,5e012242b463,1.3027246776525996,12.717491769742963,0.210700110972498,1,L,31524864,34350080,0.0325574554260468,0.0298796787225004,,,,,,,,300000000,,CURATED,1000,6.5247445428e-05,2971.0,0.90371,0.0054328240136383
CURATEDF,0.5,0,2,0.0003,11024384,132815010,589557,7074684,1.1010190678866254,,93919.06518554688,1127028.7822265625,1220566.1386018482,0.0002,1.4808543920516968,954.0074105262756,b2ce10ecdabd,5e012242b463,1.1523203512195008,12.547128549695016,0.1595486102276794,1,L,31524864,34350080,0.0357504724596611,0.0328100773630385,,,,,,,,300000000,,CURATED,1000,6.5247445428e-05,2971.0,0.913615,0.0041164678359637
CURATEDF,0.5,0,2,0.0003,24901760,300001013,784413,9412956,1.069081562881114,,76319.49291992188,915833.9150390624,1069321.8892708535,0.00025,1.4709687232971191,2093.805246114731,b2ce10ecdabd,5e012242b463,1.115545595791957,12.28389926829338,0.0975391789784208,1,L,31524864,34350080,0.0290511614907858,0.026661769493377,,,,,,,,300000000,,CURATED,1000,6.5247445428e-05,2971.0,0.907515,0.0014163108764914
CURATEDF,0.5,0,1,0.0003,83072,1001257,29275,351300,8.47861734381169,,1091.852783203125,13102.2333984375,26528.5571354121,0.0002,2.206307411193848,8.650852918624878,b2ce10ecdabd,fa9fd1f03d0e,8.567907678241879,12.711924601244926,0.0375405636208368,1,L,31524864,34350080,0.0004156158579601,0.0003814323983652,,,,,,,,300000000,,CURATED,30,2.6046921207e-07,156827.0,0.28436,3.8354797225296497
CURATEDF,0.5,0,1,0.0003,187520,2259419,49600,595200,5.000057887002792,,5205.890625,62470.6875,95102.66747346362,0.00015,1.8166791200637815,20.215502500534058,b2ce10ecdabd,fa9fd1f03d0e,5.057236397567678,12.70593163230419,0.1052016129032258,1,L,31524864,34350080,0.001981632260174,0.0018186475111557,,,,,,,,300000000,,CURATED,30,2.6046921207e-07,156827.0,0.582135,0.0967195313344709
CURATEDF,0.5,0,1,0.0003,423552,5102709,159575,1914900,10.698943309812543,,1332.041259765625,15984.4951171875,41977.88893317104,0.0001,2.45379638671875,45.276248931884766,b2ce10ecdabd,fa9fd1f03d0e,10.750845377292633,12.200944719696045,0.0085915713614287,1,L,31524864,34350080,0.0005070440626544,0.0004653408410457,,,,,,,,300000000,,CURATED,30,2.6046921207e-07,156827.0,0.1718,9.72285282421112
CURATEDF,0.5,0,1,0.0003,956800,11525385,409156,4909872,10.960232578542232,,1672.1083984375,20065.30078125,111207.0754724329,5e-05,2.384577512741089,100.37720346450806,b2ce10ecdabd,fa9fd1f03d0e,11.043900361216068,12.209214685678482,0.0043308664665799,1,L,31524864,34350080,0.000636491271818,0.0005841413114976,,,,,,,,300000000,,CURATED,30,2.6046921207e-07,156827.0,0.0505,10.390654923915864
CURATEDF,0.5,0,1,0.0003,2160896,26031791,651205,7814460,9.29312137358278,,37319.01440429688,447828.1728515625,645845.329551138,0.00015,2.331374406814575,220.9321863651276,b2ce10ecdabd,fa9fd1f03d0e,9.401022583614886,12.431268747162818,0.0575517694120898,1,L,31524864,34350080,0.0142055544744479,0.0130371799090879,,,,,,,,300000000,,CURATED,30,2.6046921207e-07,156827.0,0.23195,8.725882112145424
CURATEDF,0.5,0,1,0.0003,4881024,58800178,854388,10252656,4.470302164863981,,214251.4091796875,2571016.91015625,2536409.038981503,0.0002,2.086888074874878,458.004540681839,b2ce10ecdabd,fa9fd1f03d0e,4.563446176667707,12.822398825216291,0.2510100797295842,1,L,31524864,34350080,0.0815552102034841,0.0748474795446255,,,,,,,,300000000,,CURATED,30,2.6046921207e-07,156827.0,0.732095,4.276237827084959
CURATEDF,0.5,0,1,0.0003,11025024,132815102,970507,11646084,2.1060737466472945,,303066.0598144531,3636792.7177734375,3627070.6329660425,0.0004,1.9186722040176392,950.0773069858552,b2ce10ecdabd,fa9fd1f03d0e,2.167849224735736,13.050085102963449,0.3125201569901092,1,L,31524864,34350080,0.1153626774654265,0.1058743594708786,,,,,,,,300000000,,CURATED,30,2.6046921207e-07,156827.0,0.92103,1.7929911017939448
CURATEDF,0.5,0,1,0.0003,24903168,300000660,998704,11984448,0.96595830534191,,353924.17578125,4247090.109375,4374614.753661806,0.0,1.855011820793152,2052.714255809784,b2ce10ecdabd,fa9fd1f03d0e,1.0001109983117378,12.930038579820115,0.3546275973661866,1,L,31524864,34350080,0.1347219169407043,0.1236413455041443,,,,,,,,300000000,,CURATED,30,2.6046921207e-07,156827.0,0.964665,0.694730017364258
CURATEDF,0.5,0,2,0.0003,83072,1000576,29141,349692,8.415579291728958,,1144.885498046875,13738.6259765625,27547.29570140376,0.0002,2.095893859863281,7.934677362442017,b2ce10ecdabd,3fa408d50b64,8.512084742107318,12.678057983589172,0.0395319309563844,1,L,31524864,34350080,0.0004358028626725,0.0003999590678264,,,,,,,,300000000,,CURATED,30,2.6046921207e-07,156827.0,0.288915,3.839698330670595
CURATEDF,0.5,0,2,0.0003,187648,2259826,49489,593868,4.9675239467772885,,5226.917724609375,62723.0126953125,96201.42061344368,0.00015,1.7013907432556152,18.028114557266235,b2ce10ecdabd,3fa408d50b64,5.024767745936694,12.703243235266209,0.1058619087069853,1,L,31524864,34350080,0.0019896362660061,0.0018259932057017,,,,,,,,300000000,,CURATED,30,2.6046921207e-07,156827.0,0.58386,0.0917189207570627
CURATEDF,0.5,0,2,0.0003,423680,5103316,159721,1916652,10.86700400470972,,1227.005615234375,14724.0673828125,38903.34099168868,0.0001,2.42315411567688,39.54070854187012,b2ce10ecdabd,3fa408d50b64,10.911355866832734,12.199252125120164,0.007926321523156,1,L,31524864,34350080,0.0004670620429262,0.0004286472515584,,,,,,,,300000000,,CURATED,30,2.6046921207e-07,156827.0,0.1568,9.994629652500151
CURATEDF,0.5,0,2,0.0003,956800,11525059,409314,4911768,10.700472664012908,,2493.06982421875,29916.837890625,137579.66366575746,0.00025,2.3755979537963867,86.38342380523682,b2ce10ecdabd,3fa408d50b64,10.793910891551972,12.240417630529404,0.0063349897633601,1,L,31524864,34350080,0.0009489918145443,0.0008709393949191,,,,,,,,300000000,,CURATED,30,2.6046921207e-07,156827.0,0.077345,9.9935406870842
CURATEDF,0.5,0,2,0.0003,2160896,26032521,651703,7820436,8.640074528467432,,57867.892822265625,694414.7138671875,839414.6544358967,0.00025,2.2801125049591064,188.61341309547424,b2ce10ecdabd,3fa408d50b64,8.765662897008061,12.477068292474748,0.0890390254456401,1,L,31524864,34350080,0.0220275244920069,0.020215810672557,,,,,,,,300000000,,CURATED,30,2.6046921207e-07,156827.0,0.311545,8.049974299788476
CURATEDF,0.5,0,2,0.0003,4881024,58800778,854385,10252620,4.1652278362078405,,224601.40991210935,2695216.9189453125,2629253.642567123,0.00045,2.084704875946045,414.02558732032776,b2ce10ecdabd,3fa408d50b64,4.234245542590488,12.837132493543624,0.2631249378207717,1,L,31524864,34350080,0.0854949578512158,0.0784631919036378,,,,,,,,300000000,,CURATED,30,2.6046921207e-07,156827.0,0.76454,3.835170798335224
CURATEDF,0.5,0,2,0.0003,11024384,132815010,970459,11645508,2.052323845866808,,307484.0715332031,3689808.8583984375,3669732.063949456,0.00025,1.90780770778656,915.9333076477052,b2ce10ecdabd,3fa408d50b64,2.102684274966434,13.070739915204047,0.3170880995487702,1,L,31524864,34350080,0.1170444021074424,0.1074177660837598,,,,,,,,300000000,,CURATED,30,2.6046921207e-07,156827.0,0.919655,1.720995614351705
CURATEDF,0.5,0,2,0.0003,24901760,300001013,998654,11983848,1.0448206748845197,,348507.18798828125,4182086.255859375,4331124.617896833,0.0,1.8680434226989744,2034.4961912631989,b2ce10ecdabd,3fa408d50b64,1.072231611430742,13.105290894699664,0.3492210515353666,1,L,31524864,34350080,0.1326599301382989,0.1217489524292046,,,,,,,,300000000,,CURATED,30,2.6046921207e-07,156827.0,0.960015,0.7513037617271766
CURATEDF,0.5,0,1,0.0003,83072,1001257,29275,351300,8.47861734381169,,1091.852783203125,13102.2333984375,26528.5571354121,0.0002,2.206307411193848,7.850223541259766,b2ce10ecdabd,959f7beac183,8.567907678241879,12.711924601244926,0.0375405636208368,1,L,31524864,34350080,0.0004156158579601,0.0003814323983652,,,,,,,,300000000,,CURATED,300,1.1174214588e-05,11878.0,0.28436,3.8354797225296497
CURATEDF,0.5,0,1,0.0003,187520,2259419,49600,595200,5.000057887002792,,5205.890625,62470.6875,95102.66747346362,0.00015,1.8166791200637815,17.69933319091797,b2ce10ecdabd,959f7beac183,5.057236397567678,12.70593163230419,0.1052016129032258,1,L,31524864,34350080,0.001981632260174,0.0018186475111557,,,,,,,,300000000,,CURATED,300,1.1174214588e-05,11878.0,0.582135,0.0967195313344709
CURATEDF,0.5,0,1,0.0003,423552,5102709,104261,1251132,3.0834803023282693,,20281.545654296875,243378.5478515625,313086.5158226859,0.00025,2.031693458557129,38.64970684051514,b2ce10ecdabd,959f7beac183,3.135909656243152,12.733158946943282,0.1947708155494384,1,L,31524864,34350080,0.0077202092878675,0.0070852396224859,,,,,,,,300000000,,CURATED,300,1.1174214588e-05,11878.0,0.773065,0.283640691768378
CURATEDF,0.5,0,1,0.0003,956800,11525385,207723,2492676,1.6363951775109442,,55711.286376953125,668535.4365234375,796644.4620536115,0.00015,1.7316021919250488,84.28128051757812,b2ce10ecdabd,959f7beac183,1.6581025386532122,12.967250929832458,0.2684440336409545,1,L,31524864,34350080,0.0212066081085532,0.0194624127956452,,,,,,,,300000000,,CURATED,300,1.1174214588e-05,11878.0,0.87422,0.0966085022366605
CURATEDF,0.5,0,1,0.0003,2160896,26031791,344921,4139052,1.171671896528101,,94167.79077148438,1130013.4892578125,1259036.043439908,0.00045,1.7376961708068848,186.19654273986816,b2ce10ecdabd,959f7beac183,1.2023366713099606,12.958794229507449,0.273256774739723,1,L,31524864,34350080,0.0358451503314276,0.0328969681950613,,,,,,,,300000000,,CURATED,300,1.1174214588e-05,11878.0,0.910035,0.0417985831894911
CURATEDF,0.5,0,1,0.0003,4881024,58800178,522255,6267060,0.9509895506856678,,123579.49633789062,1482953.9560546875,1586180.5166614982,0.0002,1.63469135761261,407.550675868988,b2ce10ecdabd,959f7beac183,0.9896472817167924,12.831805261468888,0.236870877253449,1,L,31524864,34350080,0.047040772517042,0.0431717759042973,,,,,,,,300000000,,CURATED,300,1.1174214588e-05,11878.0,0.927675,0.0219493667765054
CURATEDF,0.5,0,1,0.0003,11025024,132815102,722246,8666952,0.8131096118152534,,137210.67041015625,1646528.044921875,1784535.260007831,0.00045,1.5600597858428955,901.8926248550416,b2ce10ecdabd,959f7beac183,0.8502706385858404,12.621602711844444,0.1902218911561988,1,L,31524864,34350080,0.052229505095466,0.0479337470224778,,,,,,,,300000000,,CURATED,300,1.1174214588e-05,11878.0,0.93621,0.0144039914944441
CURATEDF,0.5,0,1,0.0003,24903168,300000660,894868,10738416,0.8005230881555009,,114215.5263671875,1370586.31640625,1591092.3079516958,0.0004,1.588434100151062,2013.3551032543185,b2ce10ecdabd,959f7beac183,0.8286396648499142,12.330713549256323,0.1278780781076091,1,L,31524864,34350080,0.0434763593716455,0.0399005276379632,,,,,,,,300000000,,CURATED,300,1.1174214588e-05,11878.0,0.930715,0.0034136001333827
CURATEDF,0.5,0,2,0.0003,83072,1000576,29141,349692,8.415579291728958,,1144.885498046875,13738.6259765625,27547.29570140376,0.0002,2.095893859863281,8.001088380813599,b2ce10ecdabd,a877af4e82eb,8.512084742107318,12.678057983589172,0.0395319309563844,1,L,31524864,34350080,0.0004358028626725,0.0003999590678264,,,,,,,,300000000,,CURATED,300,1.1174214588e-05,11878.0,0.288915,3.839698330670595
CURATEDF,0.5,0,2,0.0003,187648,2259826,49489,593868,4.9675239467772885,,5226.917724609375,62723.0126953125,96201.42061344368,0.00015,1.7013907432556152,18.140483617782596,b2ce10ecdabd,a877af4e82eb,5.024767745936694,12.703243235266209,0.1058619087069853,1,L,31524864,34350080,0.0019896362660061,0.0018259932057017,,,,,,,,300000000,,CURATED,300,1.1174214588e-05,11878.0,0.58386,0.0917189207570627
CURATEDF,0.5,0,2,0.0003,423680,5103316,104348,1252176,3.026080328723879,,21194.5244140625,254334.29296875,324812.49701205763,0.0002,1.993826389312744,39.48242998123169,b2ce10ecdabd,a877af4e82eb,3.076182425139373,12.726914779949189,0.2033579944033426,1,L,31524864,34350080,0.0080677364054211,0.0074041834245728,,,,,,,,300000000,,CURATED,300,1.1174214588e-05,11878.0,0.777855,0.2928991432765033
CURATEDF,0.5,0,2,0.0003,956800,11525059,207264,2487168,1.6112445224399794,,57386.3984375,688636.78125,817323.0647499054,0.00035,1.7721352577209473,85.94803953170776,b2ce10ecdabd,a877af4e82eb,1.6325175565879084,13.0051857326746,0.2771200015439246,1,L,31524864,34350080,0.0218442427301193,0.0200476034189731,,,,,,,,300000000,,CURATED,300,1.1174214588e-05,11878.0,0.87603,0.0927675823417957
CURATEDF,0.5,0,2,0.0003,2160896,26032521,345042,4140504,1.1623314265700084,,95116.76123046876,1141401.134765625,1270788.839180169,0.0003,1.6938714981079102,192.249342918396,b2ce10ecdabd,a877af4e82eb,1.1974972902253675,12.968546621894836,0.2759113383298265,1,L,31524864,34350080,0.0362063777583822,0.0332284854872426,,,,,,,,300000000,,CURATED,300,1.1174214588e-05,11878.0,0.91044,0.0385371040455065
CURATEDF,0.5,0,2,0.0003,4881024,58800778,522618,6271416,0.9382487637903656,,125758.40771484376,1509100.892578125,1610303.6943892878,0.0002,1.6870067119598389,426.6632993221283,b2ce10ecdabd,a877af4e82eb,0.986249800003594,12.86352620844841,0.2408757448078711,1,L,31524864,34350080,0.0478701793155436,0.0439329658789186,,,,,,,,300000000,,CURATED,300,1.1174214588e-05,11878.0,0.927905,0.0177993299211957
CURATEDF,0.5,0,2,0.0003,11024384,132815010,723093,8677116,0.8199133962473488,,136692.46362304688,1640309.5634765625,1770812.731721675,0.00025,1.5881524085998535,954.2449793815612,b2ce10ecdabd,a877af4e82eb,0.8506309144400526,12.601717433094976,0.1892827063738689,1,L,31524864,34350080,0.0520322486871493,0.0477527145053683,,,,,,,,300000000,,CURATED,300,1.1174214588e-05,11878.0,0.93543,0.0130806731526972
CURATEDF,0.5,0,2,0.0003,24901760,300001013,894566,10734792,0.802454375499819,,113540.60009765624,1362487.201171875,1583110.8048461594,0.00025,1.5828673839569092,2129.4788987636566,b2ce10ecdabd,a877af4e82eb,0.8360281425927969,12.35454386460781,0.1271666931226986,1,L,31524864,34350080,0.0432194473914899,0.0396647460841976,,,,,,,,300000000,,CURATED,300,1.1174214588e-05,11878.0,0.93022,0.004087490920705
CURATEDF,0.5,0,1,0.0003,83072,1001257,29275,351300,8.47861734381169,,1091.852783203125,13102.2333984375,26528.5571354121,0.0002,2.206307411193848,7.860792875289917,b2ce10ecdabd,b280c0af6f0e,8.567907678241879,12.711924601244926,0.0375405636208368,1,L,31524864,34350080,0.0004156158579601,0.0003814323983652,,,,,,,,300000000,,CURATED,x30,4.1506236635e-08,535963.0,0.28436,3.8354797225296497
CURATEDF,0.5,0,1,0.0003,187520,2259419,49600,595200,5.000057887002792,,5205.890625,62470.6875,95102.66747346362,0.00015,1.8166791200637815,17.738500356674194,b2ce10ecdabd,b280c0af6f0e,5.057236397567678,12.70593163230419,0.1052016129032258,1,L,31524864,34350080,0.001981632260174,0.0018186475111557,,,,,,,,300000000,,CURATED,x30,4.1506236635e-08,535963.0,0.582135,0.0967195313344709
CURATEDF,0.5,0,1,0.0003,423552,5102709,173430,2081160,11.908917198529243,,55.65869140625,667.904296875,7234.272239261627,0.0001,2.457973003387451,38.96903014183045,b2ce10ecdabd,b280c0af6f0e,11.95006293987751,12.12008175058365,0.000565069480482,1,L,31524864,34350080,2.118658773198831e-05,1.9444039049545155e-05,,,,,,,,300000000,,CURATED,x30,4.1506236635e-08,535963.0,0.00387,11.764420224189758
CURATEDF,0.5,0,1,0.0003,956800,11525385,503739,6044868,12.006952684578897,,37.016845703125,444.2021484375,4055.4165334200807,0.00015,2.403844118118286,85.84580707550049,b2ce10ecdabd,b280c0af6f0e,12.069603541240692,12.020472917366028,0.0003176248017326,1,L,31524864,34350080,1.4090533378272463e-05,1.293161903662233e-05,,,,,,,,300000000,,CURATED,x30,4.1506236635e-08,535963.0,0.000215,11.995984735488893
CURATEDF,0.5,0,1,0.0003,2160896,26031791,828789,9945468,11.990055285086632,,75.658935546875,907.9072265625,5566.203265404176,0.00045,2.4020261764526367,187.5672469139099,b2ce10ecdabd,b280c0af6f0e,12.10066471461296,12.009852285718916,0.0003354291623078,1,L,31524864,34350080,2.8799719058661125e-05,2.643100762974933e-05,,,,,,,,300000000,,CURATED,x30,4.1506236635e-08,535963.0,0.000775,11.988954907417297
CURATEDF,0.5,0,1,0.0003,4881024,58800178,977172,11726064,11.921985531845094,,334.4326171875,4013.19140625,44214.43530260584,0.0002,2.375506401062012,410.212877035141,b2ce10ecdabd,b280c0af6f0e,12.048142761540412,12.047464478111268,0.000586386020066,1,L,31524864,34350080,0.0001273024177439,0.0001168320832513,,,,,,,,300000000,,CURATED,x30,4.1506236635e-08,535963.0,0.000655,11.913141825675964
CURATEDF,0.5,0,1,0.0003,11025024,132815102,999399,11992788,11.589808332538604,,1569.006103515625,18828.0732421875,285122.7146534753,0.0,2.334652900695801,900.707496881485,b2ce10ecdabd,b280c0af6f0e,11.6413828623271,12.3257628296457,0.0018140902682512,1,L,31524864,34350080,0.0005972451853301,0.0005481231264144,,,,,,,,300000000,,CURATED,x30,4.1506236635e-08,535963.0,0.002165,11.585174585342408
CURATEDF,0.5,0,1,0.0003,24903168,300000660,1000000,12000000,10.1270644761312,,43062.859375,516754.3125,,,2.276519536972046,2068.288615465164,b2ce10ecdabd,b280c0af6f0e,10.19751534089446,,0.043307,1,L,31524864,34350080,0.0163919600890268,0.015043758631712,,,,,,,,300000000,,CURATED,x30,4.1506236635e-08,535963.0,0.063045,10.08626450109482
CURATEDF,0.5,0,2,0.0003,83072,1000576,29141,349692,8.415579291728958,,1144.885498046875,13738.6259765625,27547.29570140376,0.0002,2.095893859863281,7.872565507888794,b2ce10ecdabd,986d73fd4854,8.512084742107318,12.678057983589172,0.0395319309563844,1,L,31524864,34350080,0.0004358028626725,0.0003999590678264,,,,,,,,300000000,,CURATED,x30,4.1506236635e-08,535963.0,0.288915,3.839698330670595
CURATEDF,0.5,0,2,0.0003,187648,2259826,49489,593868,4.9675239467772885,,5226.917724609375,62723.0126953125,96201.42061344368,0.00015,1.7013907432556152,17.799187898635864,b2ce10ecdabd,986d73fd4854,5.024767745936694,12.703243235266209,0.1058619087069853,1,L,31524864,34350080,0.0019896362660061,0.0018259932057017,,,,,,,,300000000,,CURATED,x30,4.1506236635e-08,535963.0,0.58386,0.0917189207570627
CURATEDF,0.5,0,2,0.0003,423680,5103316,173482,2081784,11.847032059941291,,20.64599609375,247.751953125,8893.24277801418,0.00025,2.4289259910583496,39.11235523223877,b2ce10ecdabd,986d73fd4854,11.8908003948164,12.122541767549516,0.0003631500674421,1,L,31524864,34350080,7.858938047282298e-06,7.2125582567784415e-06,,,,,,,,300000000,,CURATED,x30,4.1506236635e-08,535963.0,0.000775,11.659166094779968
CURATEDF,0.5,0,2,0.0003,956800,11525059,504210,6050520,12.00567496831894,,32.90185546875,394.822265625,4173.255448101998,0.0005,2.388671875,86.4819507598877,b2ce10ecdabd,986d73fd4854,12.07858154996872,12.019912168359756,0.0003093948949842,1,L,31524864,34350080,1.252415444599539e-05,1.1494071211042304e-05,,,,,,,,300000000,,CURATED,x30,4.1506236635e-08,535963.0,0.000465,11.988234023094178
CURATEDF,0.5,0,2,0.0003,2160896,26032521,829267,9951204,11.97614199860096,,93.542236328125,1122.5068359375,9652.909445624056,0.0002,2.387314319610596,190.44586062431333,b2ce10ecdabd,986d73fd4854,12.094792813282012,12.013699995040891,0.0003569417328797,1,L,31524864,34350080,3.560703183168371e-05,3.267843440066224e-05,,,,,,,,300000000,,CURATED,x30,4.1506236635e-08,535963.0,0.000485,11.960624053001403
CURATEDF,0.5,0,2,0.0003,4881024,58800778,977310,11727720,11.910939814944268,,467.39892578125,5608.787109375,56597.80739087533,0.0004,2.405819892883301,414.8723375797272,b2ce10ecdabd,986d73fd4854,12.037216303014755,12.059370385026932,0.0007223910529923,1,L,31524864,34350080,0.0001779162983661,0.0001632830872409,,,,,,,,300000000,,CURATED,x30,4.1506236635e-08,535963.0,0.000515,11.916269686698914
CURATEDF,0.5,0,2,0.0003,11024384,132815010,999395,11992740,11.032262230936288,,13970.007080078123,167640.0849609375,703060.0227939058,0.0016528925619834,2.294149160385132,914.3401789665222,b2ce10ecdabd,986d73fd4854,11.123914845178128,12.50030140994994,0.0142226046758288,1,L,31524864,34350080,0.0053177100133068,0.0048803404522183,,,,,,,,300000000,,CURATED,x30,4.1506236635e-08,535963.0,0.023305,10.999535717964172
CURATEDF,0.5,0,2,0.0003,24901760,300001013,1000000,12000000,9.581888136762975,,117882.859375,1414594.3125,,,2.250800132751465,2026.8601706027985,b2ce10ecdabd,986d73fd4854,9.65207111918807,,0.118127,1,L,31524864,34350080,0.0448723367212623,0.0411816890237227,,,,,,,,300000000,,CURATED,x30,4.1506236635e-08,535963.0,0.163555,9.56674407863617
FLAT,0.5,16,1,0.0003,35712,1002054,16528,198336,11.587704494094847,,20.96484375,251.578125,3066.8747295696257,0.00035,5.094217777252197,4.448803424835205,b2ce10ecdabd,a9427cf280ac,11.641749634139538,12.439970220828055,0.0015125847047434,1,L,31524864,34358272,7.980308019726905e-06,7.322199585590335e-06,,,,,,,,300000000,,FLAT,100,2.0057493899e-06,39473.0,0.00665,10.663586951732636
FLAT,0.5,16,1,0.0003,80640,2262035,28598,343176,10.147234700864551,,223.01806640625,2676.216796875,13810.36524527364,0.00015,5.028491020202637,9.700967073440552,b2ce10ecdabd,a9427cf280ac,10.248147553733586,12.751122494769096,0.0080425204559759,1,L,31524864,34358272,8.489225510616002e-05,7.789148409078897e-05,,,,,,,,300000000,,FLAT,100,2.0057493899e-06,39473.0,0.07645,7.385833179950714
FLAT,0.5,16,1,0.0003,182016,5105143,48504,582048,6.003047015304878,,3091.158203125,37093.8984375,61859.71701083337,0.0001,4.869333744049072,19.828600883483887,b2ce10ecdabd,a9427cf280ac,6.097660073563727,12.670587962269783,0.0639741052284347,1,L,31524864,34358272,0.0011766553041275,0.0010796206059926,,,,,,,,300000000,,FLAT,100,2.0057493899e-06,39473.0,0.491235,0.3729612850062549
FLAT,0.5,16,1,0.0003,410880,11524536,123248,1478976,5.648411032780558,,9841.91015625,118102.921875,184393.332791273,0.00015,5.078898906707764,42.39290070533752,b2ce10ecdabd,a9427cf280ac,5.778968725634348,12.451241943860056,0.0800986628586265,1,L,31524864,34358272,0.0037463419945285,0.0034373941121078,,,,,,,,300000000,,FLAT,100,2.0057493899e-06,39473.0,0.631705,1.945325572282076
FLAT,0.5,16,1,0.0003,928128,26032025,274142,3289704,3.403979412484895,,55161.07080078125,661932.849609375,776526.9349123229,0.0002,4.942917346954346,88.55079984664917,b2ce10ecdabd,a9427cf280ac,3.54094486099866,12.771664025831225,0.2014576387419658,1,L,31524864,34358272,0.0209971674932324,0.0192656036255075,,,,,,,,300000000,,FLAT,100,2.0057493899e-06,39473.0,0.79612,1.6186171794869006
FLAT,0.5,16,1,0.0003,2096512,58801209,453838,5446056,1.197416104271441,,129232.19970703124,1550786.396484375,1737416.924470383,0.0003,4.865480422973633,189.73244380950928,b2ce10ecdabd,a9427cf280ac,1.253876223422616,13.10391926908493,0.2849981711535834,1,L,31524864,34358272,0.0491924849060213,0.0451357506129637,,,,,,,,300000000,,FLAT,100,2.0057493899e-06,39473.0,0.92772,0.3518314675912261
FLAT,0.5,16,1,0.0003,4735616,132815933,659496,7913952,0.7963986246004893,,179379.990234375,2152559.8828125,2317988.258839877,0.0,4.808295249938965,415.5352680683136,b2ce10ecdabd,a9427cf280ac,0.8528076537926006,13.030190743994712,0.2722397103242476,1,L,31524864,34358272,0.0682813376391568,0.0626504116043001,,,,,,,,300000000,,FLAT,100,2.0057493899e-06,39473.0,0.946455,0.1300757268734741
FLAT,0.5,16,1,0.0003,10696320,300001987,851316,10215792,0.6334044837402232,,209127.1591796875,2509525.91015625,2655765.391777792,0.00025,4.812057971954346,916.8365561962128,b2ce10ecdabd,a9427cf280ac,0.6753569790737145,12.857382773041724,0.2458957660845091,1,L,31524864,34358272,0.0796046546039421,0.07303993373579,,,,,,,,300000000,,FLAT,100,2.0057493899e-06,39473.0,0.95459,0.0606186992273433
FLAT,0.5,16,2,0.0003,35712,1002175,16510,198120,11.607873456926344,,17.96923828125,215.630859375,3146.9499245841507,0.00035,5.059120655059815,4.374677419662476,b2ce10ecdabd,f4b0c8e9f589,11.651005299904346,12.495019119763374,0.0013325257419745,1,L,31524864,34358272,6.840025047372132e-06,6.275951810818658e-06,,,,,,,,300000000,,FLAT,100,2.0057493899e-06,39473.0,0.004425,10.649181768894197
FLAT,0.5,16,2,0.0003,80640,2261705,28348,340176,10.047533995177746,,231.0791015625,2772.94921875,14263.542926857996,0.0002,5.017547607421875,9.489330530166626,b2ce10ecdabd,f4b0c8e9f589,10.15341872497797,12.657950100648405,0.0083956540143925,1,L,31524864,34358272,8.796070361318608e-05,8.070688824950219e-05,,,,,,,,300000000,,FLAT,100,2.0057493899e-06,39473.0,0.085305,7.215467964529991
FLAT,0.5,16,2,0.0003,182016,5104542,48215,578580,5.855711741358731,,3323.228759765625,39878.7451171875,65009.22186118208,0.0001,4.8854079246521,19.375086069107056,b2ce10ecdabd,f4b0c8e9f589,5.951450014252029,12.641587356185912,0.0691693456393238,1,L,31524864,34358272,0.0012649934070195,0.0011606737707061,,,,,,,,300000000,,FLAT,100,2.0057493899e-06,39473.0,0.503405,0.2803449459541589
FLAT,0.5,16,2,0.0003,411008,11527477,123342,1480104,5.618054946391778,,9646.88720703125,115762.646484375,184296.49423925663,0.00025,5.044108867645264,40.11178040504456,b2ce10ecdabd,f4b0c8e9f589,5.751714935291447,12.466426927137377,0.0784566489922329,1,L,31524864,34358272,0.0036721061345221,0.0033692802270258,,,,,,,,300000000,,FLAT,100,2.0057493899e-06,39473.0,0.630315,1.8997141933143136
FLAT,0.5,16,2,0.0003,928256,26034033,274555,3294660,3.3827242733737943,,54360.969970703125,652331.6396484375,770701.968095446,0.0001,4.955478191375732,85.62003135681152,b2ce10ecdabd,f4b0c8e9f589,3.521797166892076,12.754722792100909,0.1982407896414197,1,L,31524864,34358272,0.0206926075763066,0.0189861597128178,,,,,,,,300000000,,FLAT,100,2.0057493899e-06,39473.0,0.794685,1.5691598377637566
FLAT,0.5,16,2,0.0003,2096512,58800742,453358,5440296,1.18419932256466,,128898.31689453124,1546779.802734375,1729744.7874083435,0.0001,4.862131595611572,185.4173080921173,b2ce10ecdabd,f4b0c8e9f589,1.2403497367580398,13.078435039162636,0.284563192885093,1,L,31524864,34358272,0.0490653917724871,0.0450191384111044,,,,,,,,300000000,,FLAT,100,2.0057493899e-06,39473.0,0.927475,0.3227132408688776
FLAT,0.5,16,2,0.0003,4735360,132815534,658774,7905288,0.798304259973382,,179957.16650390625,2159485.998046875,2317603.6252126545,0.0001,4.840750217437744,404.3807713985443,b2ce10ecdabd,f4b0c8e9f589,0.8549545620800415,13.025311639094353,0.2734139477271416,1,L,31524864,34358272,0.0685010408941613,0.0628519966908369,,,,,,,,300000000,,FLAT,100,2.0057493899e-06,39473.0,0.94632,0.1295195582734886
FLAT,0.5,16,2,0.0003,10696192,300002541,850259,10203108,0.6368214369920577,,206945.41723632807,2483345.006835937,2626694.546308761,0.00025,4.799625873565674,893.1642298698425,b2ce10ecdabd,f4b0c8e9f589,0.6721240382915724,12.837426179218292,0.2436351746938286,1,L,31524864,34358272,0.0787741703449041,0.0722779366446583,,,,,,,,300000000,,FLAT,100,2.0057493899e-06,39473.0,0.954235,0.05985188692878
FLAT,0.5,16,1,0.0003,35712,1002054,16528,198336,11.587704494094847,,20.96484375,251.578125,3066.8747295696257,0.00035,5.094217777252197,4.407469272613525,b2ce10ecdabd,97f784825738,11.641749634139538,12.439970220828055,0.0015125847047434,1,L,31524864,34358272,7.980308019726905e-06,7.322199585590335e-06,,,,,,,,300000000,,FLAT,1000,6.5247445428e-05,2971.0,0.00665,10.663586951732636
FLAT,0.5,16,1,0.0003,80640,2262035,28598,343176,10.147234700864551,,223.01806640625,2676.216796875,13810.36524527364,0.00015,5.028491020202637,9.57052230834961,b2ce10ecdabd,97f784825738,10.248147553733586,12.751122494769096,0.0080425204559759,1,L,31524864,34358272,8.489225510616002e-05,7.789148409078897e-05,,,,,,,,300000000,,FLAT,1000,6.5247445428e-05,2971.0,0.07645,7.385833179950714
FLAT,0.5,16,1,0.0003,182016,5105143,48504,582048,6.003047015304878,,3091.158203125,37093.8984375,61859.71701083337,0.0001,4.869333744049072,19.556474208831787,b2ce10ecdabd,97f784825738,6.097660073563727,12.670587962269783,0.0639741052284347,1,L,31524864,34358272,0.0011766553041275,0.0010796206059926,,,,,,,,300000000,,FLAT,1000,6.5247445428e-05,2971.0,0.491235,0.3729612850062549
FLAT,0.5,16,1,0.0003,410880,11524536,87072,1044864,3.244132914851783,,13796.7421875,165560.90625,225419.64973920255,0.00015,4.862425804138184,40.29366612434387,b2ce10ecdabd,97f784825738,3.3006976598607563,12.746322557890416,0.1586962513781697,1,L,31524864,34358272,0.0052517563993297,0.0048186621914513,,,,,,,,300000000,,FLAT,1000,6.5247445428e-05,2971.0,0.73584,0.0644777499847114
FLAT,0.5,16,1,0.0003,928128,26032025,156376,1876512,2.051133591568707,,35289.822265625,423477.8671875,521056.4775780932,0.0002,4.729546070098877,85.64688277244568,b2ce10ecdabd,97f784825738,2.091396539812121,12.813475738668442,0.2259170205146569,1,L,31524864,34358272,0.0134331385914147,0.012325354057023,,,,,,,,300000000,,FLAT,1000,6.5247445428e-05,2971.0,0.834605,0.0178313480542274
FLAT,0.5,16,1,0.0003,2096512,58801209,257788,3093456,1.53649988828225,,60560.0634765625,726720.76171875,813132.4563841176,0.0002,4.732186794281006,184.69764804840088,b2ce10ecdabd,97f784825738,1.5976670214880375,12.695560186123847,0.235166105482024,1,L,31524864,34358272,0.0230523044197351,0.0211512605092232,,,,,,,,300000000,,FLAT,1000,6.5247445428e-05,2971.0,0.87829,0.0065194295640103
FLAT,0.5,16,1,0.0003,4735616,132815933,399971,4799652,1.2840152014277266,,81518.35083007812,978220.2099609376,1026477.6155290256,0.00025,4.704307556152344,416.19389843940735,b2ce10ecdabd,97f784825738,1.3302581891775256,12.563009055376051,0.204054793972563,1,L,31524864,34358272,0.0310301167345539,0.0284711702020677,,,,,,,,300000000,,FLAT,1000,6.5247445428e-05,2971.0,0.901615,0.005239994296804
FLAT,0.5,16,1,0.0003,10696320,300001987,582143,6985716,1.1148075993881756,,93557.87524414062,1122694.5029296875,1169549.6226777288,0.00025,4.727034568786621,921.4149827957152,b2ce10ecdabd,97f784825738,1.1742376308163924,12.444801458621026,0.1609570157160697,1,L,31524864,34358272,0.0356129848150871,0.0326761049836757,,,,,,,,300000000,,FLAT,1000,6.5247445428e-05,2971.0,0.91345,0.0027543194873142
FLAT,0.5,16,2,0.0003,35712,1002175,16510,198120,11.607873456926344,,17.96923828125,215.630859375,3146.9499245841507,0.00035,5.059120655059815,4.40684700012207,b2ce10ecdabd,17dbc733b9a6,11.651005299904346,12.495019119763374,0.0013325257419745,1,L,31524864,34358272,6.840025047372132e-06,6.275951810818658e-06,,,,,,,,300000000,,FLAT,1000,6.5247445428e-05,2971.0,0.004425,10.649181768894197
FLAT,0.5,16,2,0.0003,80640,2261705,28348,340176,10.047533995177746,,231.0791015625,2772.94921875,14263.542926857996,0.0002,5.017547607421875,9.468208074569702,b2ce10ecdabd,17dbc733b9a6,10.15341872497797,12.657950100648405,0.0083956540143925,1,L,31524864,34358272,8.796070361318608e-05,8.070688824950219e-05,,,,,,,,300000000,,FLAT,1000,6.5247445428e-05,2971.0,0.085305,7.215467964529991
FLAT,0.5,16,2,0.0003,182016,5104542,48215,578580,5.855711741358731,,3323.228759765625,39878.7451171875,65009.22186118208,0.0001,4.8854079246521,19.19527912139893,b2ce10ecdabd,17dbc733b9a6,5.951450014252029,12.641587356185912,0.0691693456393238,1,L,31524864,34358272,0.0012649934070195,0.0011606737707061,,,,,,,,300000000,,FLAT,1000,6.5247445428e-05,2971.0,0.503405,0.2803449459541589
FLAT,0.5,16,2,0.0003,411008,11527477,87189,1046268,3.241832677450037,,13825.713623046877,165908.5634765625,224985.0794746891,0.0001,4.829209804534912,39.45207643508911,b2ce10ecdabd,17dbc733b9a6,3.2970740076104783,12.71505592303276,0.1588159056761747,1,L,31524864,34358272,0.0052627844318872,0.0048287807802605,,,,,,,,300000000,,FLAT,1000,6.5247445428e-05,2971.0,0.7365,0.0603171192794106
FLAT,0.5,16,2,0.0003,928256,26034033,156482,1877784,2.065028968629857,,34897.79638671875,418773.556640625,515212.25819097983,0.00015,4.7677154541015625,83.56303453445435,b2ce10ecdabd,17dbc733b9a6,2.1041730263899763,12.78379056842327,0.2232589051775923,1,L,31524864,34358272,0.0132839131880354,0.0121884347571561,,,,,,,,300000000,,FLAT,1000,6.5247445428e-05,2971.0,0.83276,0.0168734182105399
FLAT,0.5,16,2,0.0003,2096512,58800742,257199,3086388,1.5416187390878593,,59687.20727539063,716246.4873046875,807109.2943487638,0.00025,4.743592262268066,180.35583639144895,b2ce10ecdabd,17dbc733b9a6,1.6061467422999558,12.699246669054032,0.2323103900092924,1,L,31524864,34358272,0.0227200500311337,0.0208464059922654,,,,,,,,300000000,,FLAT,1000,6.5247445428e-05,2971.0,0.87767,0.0058518332018866
FLAT,0.5,16,2,0.0003,4735360,132815534,398994,4787928,1.2921185232097974,,80447.58935546875,965371.072265625,1020005.7290019684,0.0003,4.731865406036377,395.0740995407105,b2ce10ecdabd,17dbc733b9a6,1.3341532114809758,12.573110703396797,0.2018702035619583,1,L,31524864,34358272,0.030622529323699,0.0280971951169612,,,,,,,,300000000,,FLAT,1000,6.5247445428e-05,2971.0,0.900985,0.0053325728150666
FLAT,0.5,16,2,0.0003,10696192,300002541,580972,6971664,1.113849761728149,,96161.1611328125,1153933.93359375,1225121.387618923,0.00015,4.693652153015137,873.6920614242554,b2ce10ecdabd,17dbc733b9a6,1.186110984924204,12.559157728767396,0.1657618611568199,1,L,31524864,34358272,0.0366039305861478,0.0335853308802535,,,,,,,,300000000,,FLAT,1000,6.5247445428e-05,2971.0,0.914635,0.0040155534672085
FLAT,0.5,16,1,0.0003,35712,1002054,16528,198336,11.587704494094847,,20.96484375,251.578125,3066.8747295696257,0.00035,5.094217777252197,4.778232097625732,b2ce10ecdabd,e2a8e9ab882c,11.641749634139538,12.439970220828055,0.0015125847047434,1,L,31524864,34358272,7.980308019726905e-06,7.322199585590335e-06,,,,,,,,300000000,,FLAT,30,2.6046921207e-07,156827.0,0.00665,10.663586951732636
FLAT,0.5,16,1,0.0003,80640,2262035,28598,343176,10.147234700864551,,223.01806640625,2676.216796875,13810.36524527364,0.00015,5.028491020202637,9.979323148727415,b2ce10ecdabd,e2a8e9ab882c,10.248147553733586,12.751122494769096,0.0080425204559759,1,L,31524864,34358272,8.489225510616002e-05,7.789148409078897e-05,,,,,,,,300000000,,FLAT,30,2.6046921207e-07,156827.0,0.07645,7.385833179950714
FLAT,0.5,16,1,0.0003,182016,5105143,48504,582048,6.003047015304878,,3091.158203125,37093.8984375,61859.71701083337,0.0001,4.869333744049072,20.070685386657715,b2ce10ecdabd,e2a8e9ab882c,6.097660073563727,12.670587962269783,0.0639741052284347,1,L,31524864,34358272,0.0011766553041275,0.0010796206059926,,,,,,,,300000000,,FLAT,30,2.6046921207e-07,156827.0,0.491235,0.3729612850062549
FLAT,0.5,16,1,0.0003,410880,11524536,150744,1808928,10.90144133807659,,1290.197265625,15482.3671875,26620.279525178525,0.0002,5.097716808319092,41.42265033721924,b2ce10ecdabd,e2a8e9ab882c,10.964893786879776,12.135464733457566,0.0088030037679774,1,L,31524864,34358272,0.0004911160659567,0.0004506154205747,,,,,,,,300000000,,FLAT,30,2.6046921207e-07,156827.0,0.201585,9.996652188777924
FLAT,0.5,16,1,0.0003,928128,26032025,398985,4787820,11.262518901171685,,784.591552734375,9415.0986328125,64535.71449982475,0.00015,5.070077896118164,88.36905360221863,b2ce10ecdabd,e2a8e9ab882c,11.444777329523564,12.169556811094283,0.0022106094214068,1,L,31524864,34358272,0.0002986562807316,0.0002740271289782,,,,,,,,300000000,,FLAT,30,2.6046921207e-07,156827.0,0.035545,10.782227531433106
FLAT,0.5,16,1,0.0003,2096512,58801209,642886,7714632,10.083444619733095,,14894.04541015625,178728.544921875,396993.4681423948,0.0003,5.063895225524902,190.90678906440732,b2ce10ecdabd,e2a8e9ab882c,10.346040996277331,12.37541951262951,0.0234116157452487,1,L,31524864,34358272,0.0056694469775309,0.0052019072705948,,,,,,,,300000000,,FLAT,30,2.6046921207e-07,156827.0,0.12473,9.551759393692016
FLAT,0.5,16,1,0.0003,4735616,132815933,848419,10181028,4.8324974511415695,,185358.86645507807,2224306.397460937,2336591.312146398,0.00045,4.945664882659912,434.2825541496277,b2ce10ecdabd,e2a8e9ab882c,5.030827171233976,12.875882598257064,0.2187197599299402,1,L,31524864,34358272,0.0705572083502386,0.0647385991199131,,,,,,,,300000000,,FLAT,30,2.6046921207e-07,156827.0,0.667105,4.467982033673674
FLAT,0.5,16,1,0.0003,10696320,300001987,968134,11617608,2.1000214568630304,,304724.63916015625,3656695.669921875,3660262.278843613,0.0002,4.907354354858398,935.4996073246002,b2ce10ecdabd,e2a8e9ab882c,2.1868716345081127,13.067386074090004,0.3149987501730132,1,L,31524864,34358272,0.1159940188773494,0.106428392845888,,,,,,,,300000000,,FLAT,30,2.6046921207e-07,156827.0,0.91634,1.784510472279042
FLAT,0.5,16,2,0.0003,35712,1002175,16510,198120,11.607873456926344,,17.96923828125,215.630859375,3146.9499245841507,0.00035,5.059120655059815,4.465204238891602,b2ce10ecdabd,e5ab83247cc9,11.651005299904346,12.495019119763374,0.0013325257419745,1,L,31524864,34358272,6.840025047372132e-06,6.275951810818658e-06,,,,,,,,300000000,,FLAT,30,2.6046921207e-07,156827.0,0.004425,10.649181768894197
FLAT,0.5,16,2,0.0003,80640,2261705,28348,340176,10.047533995177746,,231.0791015625,2772.94921875,14263.542926857996,0.0002,5.017547607421875,9.697359561920166,b2ce10ecdabd,e5ab83247cc9,10.15341872497797,12.657950100648405,0.0083956540143925,1,L,31524864,34358272,8.796070361318608e-05,8.070688824950219e-05,,,,,,,,300000000,,FLAT,30,2.6046921207e-07,156827.0,0.085305,7.215467964529991
FLAT,0.5,16,2,0.0003,182016,5104542,48215,578580,5.855711741358731,,3323.228759765625,39878.7451171875,65009.22186118208,0.0001,4.8854079246521,19.756240606307983,b2ce10ecdabd,e5ab83247cc9,5.951450014252029,12.641587356185912,0.0691693456393238,1,L,31524864,34358272,0.0012649934070195,0.0011606737707061,,,,,,,,300000000,,FLAT,30,2.6046921207e-07,156827.0,0.503405,0.2803449459541589
FLAT,0.5,16,2,0.0003,411008,11527477,150761,1809132,11.07736285490036,,864.193115234375,10370.3173828125,22114.034283529472,0.0003,5.069087505340576,41.25249171257019,b2ce10ecdabd,e5ab83247cc9,11.132296465494631,12.132707537841798,0.0059763466679048,1,L,31524864,34358272,0.0003289567683087,0.0003018288400188,,,,,,,,300000000,,FLAT,30,2.6046921207e-07,156827.0,0.142205,10.308196839809415
FLAT,0.5,16,2,0.0003,928256,26034033,399243,4790916,11.667774205498697,,224.528564453125,2694.3427734375,27164.44432596621,0.0002,5.0889811515808105,88.18161249160767,b2ce10ecdabd,e5ab83247cc9,11.84928228881836,12.096252974891662,0.0008065263511194,1,L,31524864,34358272,8.546722908741176e-05,7.84190419540744e-05,,,,,,,,300000000,,FLAT,30,2.6046921207e-07,156827.0,0.00966,11.444929706573486
FLAT,0.5,16,2,0.0003,2096512,58800742,642735,7712820,10.955752344241144,,2833.082275390625,33996.9873046875,192821.1051581721,5e-05,5.100495338439941,190.4725432395935,b2ce10ecdabd,e5ab83247cc9,11.231234910621644,12.31684144730568,0.0046519949901592,1,L,31524864,34358272,0.0010784182068061,0.0009894847827238,,,,,,,,300000000,,FLAT,30,2.6046921207e-07,156827.0,0.03116,10.59128062915802
FLAT,0.5,16,2,0.0003,4735360,132815534,847701,10172412,6.560901359539814,,119661.04174804688,1435932.5009765625,1682359.6415295098,0.00035,5.002009868621826,414.1590540409088,b2ce10ecdabd,e5ab83247cc9,6.794182632819228,12.77095770497322,0.1414036317050469,1,L,31524864,34358272,0.0455492052551459,0.0417929196490604,,,,,,,,300000000,,FLAT,30,2.6046921207e-07,156827.0,0.48734,6.289577421069145
FLAT,0.5,16,2,0.0003,10696192,300002541,967830,11613960,2.3839276613404743,,288909.71337890625,3466916.560546875,3490804.21211148,0.00025,4.896271705627441,909.9692714214324,b2ce10ecdabd,e5ab83247cc9,2.4578637355720856,13.06744401715994,0.2987570131118068,1,L,31524864,34358272,0.1099740370187441,0.1009048580949261,,,,,,,,300000000,,FLAT,30,2.6046921207e-07,156827.0,0.900455,2.069887599429116
FLAT,0.5,16,1,0.0003,35712,1002054,16528,198336,11.587704494094847,,20.96484375,251.578125,3066.8747295696257,0.00035,5.094217777252197,4.391983985900879,b2ce10ecdabd,3a9ae1030e33,11.641749634139538,12.439970220828055,0.0015125847047434,1,L,31524864,34358272,7.980308019726905e-06,7.322199585590335e-06,,,,,,,,300000000,,FLAT,300,1.1174214588e-05,11878.0,0.00665,10.663586951732636
FLAT,0.5,16,1,0.0003,80640,2262035,28598,343176,10.147234700864551,,223.01806640625,2676.216796875,13810.36524527364,0.00015,5.028491020202637,9.548326015472412,b2ce10ecdabd,3a9ae1030e33,10.248147553733586,12.751122494769096,0.0080425204559759,1,L,31524864,34358272,8.489225510616002e-05,7.789148409078897e-05,,,,,,,,300000000,,FLAT,300,1.1174214588e-05,11878.0,0.07645,7.385833179950714
FLAT,0.5,16,1,0.0003,182016,5105143,48504,582048,6.003047015304878,,3091.158203125,37093.8984375,61859.71701083337,0.0001,4.869333744049072,19.594194650650024,b2ce10ecdabd,3a9ae1030e33,6.097660073563727,12.670587962269783,0.0639741052284347,1,L,31524864,34358272,0.0011766553041275,0.0010796206059926,,,,,,,,300000000,,FLAT,300,1.1174214588e-05,11878.0,0.491235,0.3729612850062549
FLAT,0.5,16,1,0.0003,410880,11524536,100625,1207500,3.508744752671914,,16490.433349609375,197885.2001953125,257629.1020330517,5e-05,4.971493244171143,40.09680461883545,b2ce10ecdabd,3a9ae1030e33,3.6032324885849327,12.64967496368885,0.1641242236024844,1,L,31524864,34358272,0.0062771151112757,0.0057594631125602,,,,,,,,300000000,,FLAT,300,1.1174214588e-05,11878.0,0.743045,0.3518118243059143
FLAT,0.5,16,1,0.0003,928128,26032025,202595,2431140,1.7065832539204362,,51106.538330078125,613278.4599609375,747376.1594352544,0.0003,4.8088908195495605,84.69949221611023,b2ce10ecdabd,3a9ae1030e33,1.7456541713082034,12.969130761051176,0.252503763666428,1,L,31524864,34358272,0.0194538019247581,0.0178495140838554,,,,,,,,300000000,,FLAT,300,1.1174214588e-05,11878.0,0.868545,0.11082851240749
FLAT,0.5,16,1,0.0003,2096512,58801209,339015,4068180,1.1813720324528607,,91254.23266601562,1095050.7919921875,1232145.7055483302,0.0004,4.792359828948975,182.47842812538147,b2ce10ecdabd,3a9ae1030e33,1.2232698297806617,12.941033720564842,0.2694187572821261,1,L,31524864,34358272,0.0347360988454125,0.0318715327706872,,,,,,,,300000000,,FLAT,300,1.1174214588e-05,11878.0,0.908425,0.0349247356752166
FLAT,0.5,16,1,0.0003,4735616,132815933,515250,6183000,0.9594492503524392,,122070.20654296876,1464842.478515625,1559694.952396067,0.0002,4.75172233581543,402.8744156360626,b2ce10ecdabd,3a9ae1030e33,1.0010770539783844,12.78285045554638,0.2371586608442503,1,L,31524864,34358272,0.0464662584592157,0.0426343466433825,,,,,,,,300000000,,FLAT,300,1.1174214588e-05,11878.0,0.92692,0.0199316914187511
FLAT,0.5,16,1,0.0003,10696320,300001987,715471,8585652,0.8156822429567602,,139192.32446289062,1670307.8935546875,1774140.8625290815,0.00015,4.773412704467773,888.0784101486206,b2ce10ecdabd,3a9ae1030e33,0.8602019581962942,12.613888399481771,0.1947905645372069,1,L,31524864,34358272,0.0529838255148281,0.0486144324590796,,,,,,,,300000000,,FLAT,300,1.1174214588e-05,11878.0,0.936145,0.0106461727202986
FLAT,0.5,16,2,0.0003,35712,1002175,16510,198120,11.607873456926344,,17.96923828125,215.630859375,3146.9499245841507,0.00035,5.059120655059815,4.421720743179321,b2ce10ecdabd,303d6479fc13,11.651005299904346,12.495019119763374,0.0013325257419745,1,L,31524864,34358272,6.840025047372132e-06,6.275951810818658e-06,,,,,,,,300000000,,FLAT,300,1.1174214588e-05,11878.0,0.004425,10.649181768894197
FLAT,0.5,16,2,0.0003,80640,2261705,28348,340176,10.047533995177746,,231.0791015625,2772.94921875,14263.542926857996,0.0002,5.017547607421875,9.570737600326538,b2ce10ecdabd,303d6479fc13,10.15341872497797,12.657950100648405,0.0083956540143925,1,L,31524864,34358272,8.796070361318608e-05,8.070688824950219e-05,,,,,,,,300000000,,FLAT,300,1.1174214588e-05,11878.0,0.085305,7.215467964529991
FLAT,0.5,16,2,0.0003,182016,5104542,48215,578580,5.855711741358731,,3323.228759765625,39878.7451171875,65009.22186118208,0.0001,4.8854079246521,19.478795766830444,b2ce10ecdabd,303d6479fc13,5.951450014252029,12.641587356185912,0.0691693456393238,1,L,31524864,34358272,0.0012649934070195,0.0011606737707061,,,,,,,,300000000,,FLAT,300,1.1174214588e-05,11878.0,0.503405,0.2803449459541589
FLAT,0.5,16,2,0.0003,411008,11527477,100740,1208880,3.4822798836663016,,16381.4052734375,196576.86328125,256266.1572600755,0.00015,4.945579051971436,40.313151121139526,b2ce10ecdabd,303d6479fc13,3.57944416087172,12.645601707339289,0.1628548739328965,1,L,31524864,34358272,0.0062356133647793,0.0057213838717281,,,,,,,,300000000,,FLAT,300,1.1174214588e-05,11878.0,0.743545,0.334962905254215
FLAT,0.5,16,2,0.0003,928256,26034033,203048,2436576,1.709040402096915,,50389.427734375,604673.1328125,738843.0194558873,0.0003,4.834314346313477,85.52183127403259,b2ce10ecdabd,303d6479fc13,1.7485038230409706,12.946103335690498,0.2484092431346282,1,L,31524864,34358272,0.0191808323998638,0.0175990554126965,,,,,,,,300000000,,FLAT,300,1.1174214588e-05,11878.0,0.86813,0.1040815864028409
FLAT,0.5,16,2,0.0003,2096512,58800742,338694,4064328,1.191424183379623,,90176.31103515624,1082115.732421875,1213007.8966724968,0.0003,4.801121234893799,184.9429726600647,b2ce10ecdabd,303d6479fc13,1.2303125993226596,12.879326632785798,0.2664912871205276,1,L,31524864,34358272,0.0343257859073357,0.0314950569231734,,,,,,,,300000000,,FLAT,300,1.1174214588e-05,11878.0,0.90784,0.039523532394669
FLAT,0.5,16,2,0.0003,4735360,132815534,514740,6176880,0.9630116152928706,,121008.3310546875,1452099.97265625,1544576.9339196295,0.0002,4.78079891204834,406.5786962509155,b2ce10ecdabd,303d6479fc13,1.0061827998093404,12.730383347558975,0.2353304580953491,1,L,31524864,34358272,0.046062053516115,0.0422634750855994,,,,,,,,300000000,,FLAT,300,1.1174214588e-05,11878.0,0.926805,0.0209661978362128
FLAT,0.5,16,2,0.0003,10696192,300002541,714414,8572968,0.8202422350261691,,138797.58251953125,1665570.990234375,1787202.5423391876,0.00015,4.748022556304932,901.6847584247588,b2ce10ecdabd,303d6479fc13,0.8709890815909387,12.68305748875141,0.1945258631549773,1,L,31524864,34358272,0.0528335662363008,0.0484765645441765,,,,,,,,300000000,,FLAT,300,1.1174214588e-05,11878.0,0.93585,0.0127448166523827
RAW,0.5,16,1,0.0003,35712,1002054,16528,198336,11.587704494094847,,20.96484375,251.578125,3066.8747295696257,0.00035,5.094217777252197,4.442111253738403,b2ce10ecdabd,9cdcf6e0691e,11.641749634139538,12.439970220828055,0.0015125847047434,1,L,31524864,34358272,7.980308019726905e-06,7.322199585590335e-06,,,,30.0,300000.0,1.0,0.999755859375,300000000,,RAW,RAW,,,0.00665,10.663586951732636
RAW,0.5,16,1,0.0003,80640,2262035,28598,343176,10.147234700864551,,223.01806640625,2676.216796875,13810.36524527364,0.00015,5.028491020202637,9.605689287185667,b2ce10ecdabd,9cdcf6e0691e,10.248147553733586,12.751122494769096,0.0080425204559759,1,L,31524864,34358272,8.489225510616002e-05,7.789148409078897e-05,,,,30.0,300000.0,271.0,0.4757706195226014,300000000,,RAW,RAW,,,0.07645,7.385833179950714
RAW,0.5,16,1,0.0003,182016,5105143,48504,582048,6.003047015304878,,3091.158203125,37093.8984375,61859.71701083337,0.0001,4.869333744049072,19.78285837173462,b2ce10ecdabd,9cdcf6e0691e,6.097660073563727,12.670587962269783,0.0639741052284347,1,L,31524864,34358272,0.0011766553041275,0.0010796206059926,,,,30.0,300000.0,1180.0,0.9955185712394068,300000000,,RAW,RAW,,,0.491235,0.3729612850062549
RAW,0.5,16,1,0.0003,410880,11524536,80843,970116,3.5045150259053712,,11629.262939453123,139551.1552734375,193259.12334797895,0.0001,4.798918724060059,41.3875458240509,b2ce10ecdabd,9cdcf6e0691e,3.559657876932892,12.692447426486016,0.1440941083334364,1,L,31524864,34358272,0.0044267012626426,0.0040616465017052,,,,30.0,300000.0,2714.0,0.9993873995371224,300000000,,RAW,RAW,,,0.71018,0.0169378026371123
RAW,0.5,16,1,0.0003,928128,26032025,132695,1592340,2.438634297669347,,26722.603759765625,320671.2451171875,392034.5495273213,0.0002,4.686084747314453,86.63444137573242,b2ce10ecdabd,9cdcf6e0691e,2.4876673109344325,12.66251852223873,0.2016277930592712,1,L,31524864,34358272,0.0101720104206377,0.0093331598608098,,,,30.0,300000.0,5468.0,0.999755859375,300000000,,RAW,RAW,,,0.802095,0.0048854275633639
RAW,0.5,16,1,0.0003,2096512,58801209,213412,2560944,1.886988122664088,,43829.8974609375,525958.76953125,587048.161059089,0.00035,4.693493366241455,186.91930747032168,b2ce10ecdabd,9cdcf6e0691e,1.9692255966411356,12.529460461950302,0.2056210522369876,1,L,31524864,34358272,0.0166839346089248,0.0153080681569564,,,,30.0,300000.0,10129.0,0.9984724157971542,300000000,,RAW,RAW,,,0.84998,0.0018309518305904
RAW,0.5,16,1,0.0003,4735616,132815933,332441,3989292,1.6058428515100445,,59032.837646484375,708394.0517578125,744686.8943431331,0.00015,4.67079496383667,418.7689561843872,b2ce10ecdabd,9cdcf6e0691e,1.653671877759737,12.4917863301754,0.1778180188364251,1,L,31524864,34358272,0.0224709629756947,0.0206178602858086,,,,30.0,300000.0,18171.0,0.992821733570146,300000000,,RAW,RAW,,,0.87726,0.0019862377954414
RAW,0.5,16,1,0.0003,10696320,300001987,494409,5932908,1.4027794732827144,,68026.29467773438,816315.5361328125,858981.5711753123,0.0002,4.697377681732178,932.3446435928344,b2ce10ecdabd,9cdcf6e0691e,1.4867066313081203,12.340412109327316,0.137835274034251,1,L,31524864,34358272,0.0258943396594133,0.0237589229205942,,,,30.0,300000.0,31962.0,0.9771352473982776,300000000,,RAW,RAW,,,0.89081,0.0012137571199273
RAW,0.5,16,2,0.0003,35712,1002175,16510,198120,11.607873456926344,,17.96923828125,215.630859375,3146.9499245841507,0.00035,5.059120655059815,4.3520424365997314,b2ce10ecdabd,7fc7993aab16,11.651005299904346,12.495019119763374,0.0013325257419745,1,L,31524864,34358272,6.840025047372132e-06,6.275951810818658e-06,,,,30.0,300000.0,0.0,,300000000,,RAW,RAW,,,0.004425,10.649181768894197
RAW,0.5,16,2,0.0003,80640,2261705,28348,340176,10.047533995177746,,231.0791015625,2772.94921875,14263.542926857996,0.0002,5.017547607421875,9.455839157104492,b2ce10ecdabd,7fc7993aab16,10.15341872497797,12.657950100648405,0.0083956540143925,1,L,31524864,34358272,8.796070361318608e-05,8.070688824950219e-05,,,,30.0,300000.0,277.0,0.51961145504287,300000000,,RAW,RAW,,,0.085305,7.215467964529991
RAW,0.5,16,2,0.0003,182016,5104542,48215,578580,5.855711741358731,,3323.228759765625,39878.7451171875,65009.22186118208,0.0001,4.8854079246521,19.259936571121216,b2ce10ecdabd,7fc7993aab16,5.951450014252029,12.641587356185912,0.0691693456393238,1,L,31524864,34358272,0.0012649934070195,0.0011606737707061,,,,30.0,300000.0,1174.0,0.9972004931058348,300000000,,RAW,RAW,,,0.503405,0.2803449459541589
RAW,0.5,16,2,0.0003,411008,11527477,80822,969864,3.496371676034112,,11576.26806640625,138915.216796875,192040.4510476041,0.0001,4.750735759735107,39.59016466140747,b2ce10ecdabd,7fc7993aab16,3.552340112453832,12.689166105639934,0.1434757862958105,1,L,31524864,34358272,0.0044065286624828,0.0040431374661937,,,,30.0,300000.0,2739.0,0.9993907626243612,300000000,,RAW,RAW,,,0.709945,0.013572103907587
RAW,0.5,16,2,0.0003,928256,26034033,132811,1593732,2.448753023205507,,26092.575439453125,313110.9052734375,385023.5127229522,0.00025,4.728618144989014,83.6392662525177,b2ce10ecdabd,7fc7993aab16,2.495667707267476,12.633042829537391,0.1967081039974098,1,L,31524864,34358272,0.009932188931043,0.0091131156209904,,,,30.0,300000.0,5506.0,0.999755859375,300000000,,RAW,RAW,,,0.800515,0.0045382763226807
RAW,0.5,16,2,0.0003,2096512,58800742,212944,2555328,1.90858565483154,,43133.01171875,517596.140625,581013.0774737755,0.00025,4.714147090911865,180.800087928772,b2ce10ecdabd,7fc7993aab16,1.9918485100077064,12.550023976957798,0.2027997971297618,1,L,31524864,34358272,0.016418663713347,0.0150646732357494,,,,30.0,300000.0,10121.0,0.9986690102494196,300000000,,RAW,RAW,,,0.84835,0.0018030403864395
RAW,0.5,16,2,0.0003,4735360,132815534,331432,3977184,1.6206690191916702,,58507.083984375,702085.0078125,731350.2074471957,0.00045,4.694921016693115,396.92169523239136,b2ce10ecdabd,7fc7993aab16,1.669582934995795,12.447983767294884,0.1767723092519732,1,L,31524864,34358272,0.0222708338349215,0.0204342351039219,,,,30.0,300000.0,18157.0,0.992761311817584,300000000,,RAW,RAW,,,0.87572,0.0019095316246384
RAW,0.5,16,2,0.0003,10696192,300002541,493308,5919696,1.427908395230759,,67941.5634765625,815298.76171875,864169.8418506411,0.00025,4.659427165985107,878.733076095581,b2ce10ecdabd,7fc7993aab16,1.5191879503735353,12.418512011098862,0.1379705984901927,1,L,31524864,34358272,0.0258620865650284,0.0237293296274838,,,,30.0,300000.0,31974.0,0.9732343106166338,300000000,,RAW,RAW,,,0.890305,0.0014451563603652
CURATEDF,0.5,0,1,0.0003,83072,1001257,29275,351300,10.05395878907323,,255.852783203125,3070.2333984375,13669.5307912153,0.00025,2.2753303050994877,7.341920375823975,b2ce10ecdabd,7c6415c1eeaa,10.13420200378418,12.610565886664393,0.0089837745516652,1,M,7993152,9582336,0.000384107971228,0.0003204055251702,,,,,,,,300000000,,CURATED,100,2.0057493899e-06,39473.0,0.09434,7.283395317316056
CURATEDF,0.5,0,1,0.0003,187520,2259419,49600,595200,6.6671999471156855,,2364.890625,28378.6875,46559.65468016922,0.0001,1.9533259868621824,16.56486701965332,b2ce10ecdabd,7c6415c1eeaa,6.737030091324728,12.583039093923569,0.0479233870967741,1,M,7993152,9582336,0.0035503750585501,0.0029615625563536,,,,,,,,300000000,,CURATED,100,2.0057493899e-06,39473.0,0.441925,0.8688260641396046
CURATEDF,0.5,0,1,0.0003,423552,5102709,128946,1547352,6.960800617887899,,5029.51904296875,60354.228515625,109797.61793039132,0.00015,2.412436485290528,36.3999924659729,b2ce10ecdabd,7c6415c1eeaa,7.074117572485357,12.412978484106064,0.0392489879484435,1,M,7993152,9582336,0.0075507419996047,0.0062984880216708,,,,,,,,300000000,,CURATED,100,2.0057493899e-06,39473.0,0.533575,3.0554595661461352
CURATEDF,0.5,0,1,0.0003,956800,11525385,281060,3372720,6.373515196196959,,24661.3818359375,295936.58203125,353540.3193493391,0.00045,2.2150418758392334,80.4878032207489,b2ce10ecdabd,7c6415c1eeaa,6.480290766597837,12.47753644411564,0.0879883298939728,1,M,7993152,9582336,0.0370237650968291,0.0308835530325016,,,,,,,,300000000,,CURATED,100,2.0057493899e-06,39473.0,0.615855,3.946973323583603
CURATEDF,0.5,0,1,0.0003,2160896,26031791,460927,5531124,2.6224905285299664,,74136.46899414062,889637.6279296875,1016910.7436904776,0.00025,2.044922113418579,178.50361394882202,b2ce10ecdabd,7c6415c1eeaa,2.7152908501376865,12.986676087331771,0.1610862457612593,1,M,7993152,9582336,0.1112999762708988,0.092841414445255,,,,,,,,300000000,,CURATED,100,2.0057493899e-06,39473.0,0.86528,1.4025898208469152
CURATEDF,0.5,0,1,0.0003,4881024,58800178,667240,8006880,1.4241615999628416,,108645.099609375,1303741.1953125,1481501.3535793251,0.00025,1.8713301420211792,395.2777860164642,b2ce10ecdabd,7c6415c1eeaa,1.5059599191094797,13.094861794281003,0.1630717582878724,1,M,7993152,9582336,0.1631072692365289,0.1360567188744477,,,,,,,,300000000,,CURATED,100,2.0057493899e-06,39473.0,0.921365,0.5498663236834109
CURATEDF,0.5,0,1,0.0003,11025024,132815102,856805,10281660,1.13848303095466,,126270.81909179688,1515249.8291015625,1689852.0632842134,0.00025,1.7429090738296509,878.1227369308472,b2ce10ecdabd,7c6415c1eeaa,1.167357783085634,12.95056527478695,0.1476181861683813,1,M,7993152,9582336,0.189568499273073,0.1581294821118318,,,,,,,,300000000,,CURATED,100,2.0057493899e-06,39473.0,0.93457,0.352633343364112
CURATEDF,0.5,0,1,0.0003,24903168,300000660,970005,11640060,0.8996333363049082,,128311.18237304688,1539734.1884765625,1851002.7992923008,0.0003,1.751232624053955,1952.250555753708,b2ce10ecdabd,7c6415c1eeaa,0.92819143171167,12.81767537767887,0.1325230282318132,1,M,7993152,9582336,0.1926316662658939,0.160684637699676,,,,,,,,300000000,,CURATED,100,2.0057493899e-06,39473.0,0.936215,0.1798047473337501
CURATEDF,0.5,0,2,0.0003,83072,1000576,29141,349692,10.206052851616144,,170.885498046875,2050.6259765625,12844.469687432884,0.0004,2.231323480606079,7.183091878890991,b2ce10ecdabd,adc34c2f9017,10.280402348690034,12.609034443974496,0.006108232387358,1,M,7993152,9582336,0.0002565478520316,0.0002140006337246,,,,,,,,300000000,,CURATED,100,2.0057493899e-06,39473.0,0.06343,7.675501585006714
CURATEDF,0.5,0,2,0.0003,187648,2259826,49489,593868,6.845685708813631,,2151.917724609375,25823.0126953125,44430.36777670169,0.00035,1.8418833017349243,16.243385553359985,b2ce10ecdabd,adc34c2f9017,6.921206947445609,12.567533012461665,0.0437268888035725,1,M,7993152,9582336,0.0032306420164801,0.0026948556902317,,,,,,,,300000000,,CURATED,100,2.0057493899e-06,39473.0,0.421655,1.1028142765909434
CURATEDF,0.5,0,2,0.0003,423680,5103316,128921,1547052,7.111618453157991,,4825.525146484375,57906.3017578125,107200.00218158677,0.0001,2.3543496131896973,35.65479826927185,b2ce10ecdabd,adc34c2f9017,7.226032291730196,12.395980839323997,0.0376742346087914,1,M,7993152,9582336,0.0072444890023125,0.0060430256002098,,,,,,,,300000000,,CURATED,100,2.0057493899e-06,39473.0,0.526095,3.251410218000412
CURATEDF,0.5,0,2,0.0003,956800,11525059,280733,3368796,6.508960784833282,,23772.461669921875,285269.5400390625,340277.5752725448,0.0003,2.2597877979278564,79.25253367424011,b2ce10ecdabd,adc34c2f9017,6.61717878785342,12.459428511857986,0.084924109385074,1,M,7993152,9582336,0.0356892424964597,0.0297703545397554,,,,,,,,300000000,,CURATED,100,2.0057493899e-06,39473.0,0.60585,4.121724370956421
CURATEDF,0.5,0,2,0.0003,2160896,26032521,461653,5539836,2.6934568727129324,,73301.29174804688,879615.5009765625,1005605.584876504,0.00035,1.988096117973328,186.67316913604736,b2ce10ecdabd,adc34c2f9017,2.789871687954688,12.980333086824418,0.1590242021604971,1,M,7993152,9582336,0.1100461371154411,0.0917955184389863,,,,,,,,300000000,,CURATED,100,2.0057493899e-06,39473.0,0.86194,1.461016812711954
CURATEDF,0.5,0,2,0.0003,4881024,58800778,667756,8013072,1.4505768920790962,,108240.9736328125,1298891.68359375,1469276.2603038598,0.0002,1.8945722579956052,414.79550409317017,b2ce10ecdabd,adc34c2f9017,1.5268656132203806,13.064608540701864,0.16234073523862,1,M,7993152,9582336,0.1625005609293743,0.1355506302005847,,,,,,,,300000000,,CURATED,100,2.0057493899e-06,39473.0,0.92252,0.5412993639651686
CURATEDF,0.5,0,2,0.0003,11024384,132815010,857590,10291080,1.097674223068864,,127490.62744140624,1529887.529296875,1722651.640749049,0.00025,1.7877793312072754,889.6335525512695,b2ce10ecdabd,adc34c2f9017,1.148506895782761,12.99165873878002,0.1489056542170501,1,M,7993152,9582336,0.1913997793732529,0.1596570532797926,,,,,,,,300000000,,CURATED,100,2.0057493899e-06,39473.0,0.93528,0.314588929861784
CURATEDF,0.5,0,2,0.0003,24901760,300001013,969868,11638416,0.9047913552206148,,127281.2158203125,1527374.58984375,1847866.1676552545,0.0001,1.7748558521270752,1939.2301743030548,b2ce10ecdabd,adc34c2f9017,0.9408435625716624,12.770867051291466,0.1314797477594889,1,M,7993152,9582336,0.1910853928267284,0.1593948062188332,,,,,,,,300000000,,CURATED,100,2.0057493899e-06,39473.0,0.93565,0.1749887962993234
CURATEDF,0.5,0,1,0.0003,83072,1001257,29275,351300,10.05395878907323,,255.852783203125,3070.2333984375,13669.5307912153,0.00025,2.2753303050994877,7.831103801727295,b2ce10ecdabd,d7d80f0c7097,10.13420200378418,12.610565886664393,0.0089837745516652,1,M,7993152,9582336,0.000384107971228,0.0003204055251702,,,,,,,,300000000,,CURATED,1000,6.5247445428e-05,2971.0,0.09434,7.283395317316056
CURATEDF,0.5,0,1,0.0003,187520,2259419,49600,595200,6.6671999471156855,,2364.890625,28378.6875,46559.65468016922,0.0001,1.9533259868621824,17.466142416000366,b2ce10ecdabd,d7d80f0c7097,6.737030091324728,12.583039093923569,0.0479233870967741,1,M,7993152,9582336,0.0035503750585501,0.0029615625563536,,,,,,,,300000000,,CURATED,1000,6.5247445428e-05,2971.0,0.441925,0.8688260641396046
CURATEDF,0.5,0,1,0.0003,423552,5102709,89522,1074264,3.8517537045721935,,9591.14404296875,115093.728515625,158083.34098661432,0.0003,1.8139995336532595,38.44715332984924,b2ce10ecdabd,d7d80f0c7097,3.9106517133287575,12.757967127513885,0.1073814257947767,1,M,7993152,9582336,0.0143990416441004,0.0120110303495541,,,,,,,,300000000,,CURATED,1000,6.5247445428e-05,2971.0,0.6907,0.1384342320254072
CURATEDF,0.5,0,1,0.0003,956800,11525385,160074,1920888,2.4629964396993698,,23957.91943359375,287495.033203125,367578.92701082287,0.0004,1.641798496246338,84.44938111305237,b2ce10ecdabd,d7d80f0c7097,2.4984750169909327,12.9600259496212,0.1499119157389707,1,M,7993152,9582336,0.0359676674737481,0.0300026040835058,,,,,,,,300000000,,CURATED,1000,6.5247445428e-05,2971.0,0.80388,0.0389483827059157
CURATEDF,0.5,0,1,0.0003,2160896,26031791,262127,3145524,1.9007548312299367,,40017.00415039063,480204.0498046875,570181.3039563883,0.0004,1.6615662574768066,184.20817399024963,b2ce10ecdabd,d7d80f0c7097,1.9457145529671815,12.890042044353486,0.1529067970869082,1,M,7993152,9582336,0.0600769320794459,0.0501134639616777,,,,,,,,300000000,,CURATED,1000,6.5247445428e-05,2971.0,0.851875,0.0199041523409541
CURATEDF,0.5,0,1,0.0003,4881024,58800178,405844,4870128,1.5999151579494817,,54653.9169921875,655847.00390625,741730.3744041248,0.0002,1.5702877044677734,407.066712141037,b2ce10ecdabd,d7d80f0c7097,1.669382268070554,12.76037774822712,0.1349114438059944,1,M,7993152,9582336,0.0820511112395022,0.0684433319710611,,,,,,,,300000000,,CURATED,1000,6.5247445428e-05,2971.0,0.877425,0.0138701345599256
CURATEDF,0.5,0,1,0.0003,11025024,132815102,588891,7066692,1.4028624250028583,,64391.227783203125,772694.7333984375,869466.3726478178,0.00025,1.459941864013672,907.7902116775512,b2ce10ecdabd,d7d80f0c7097,1.4758071287272114,12.706778349518776,0.1095873429887704,1,M,7993152,9582336,0.0966695908445676,0.0806374075589123,,,,,,,,300000000,,CURATED,1000,6.5247445428e-05,2971.0,0.89198,0.010040404414758
CURATEDF,0.5,0,1,0.0003,24903168,300000660,784277,9411324,1.2815660393552095,,61100.52612304688,733206.3134765625,869330.7888195288,0.00015,1.4867573976516724,2009.5985736846924,b2ce10ecdabd,d7d80f0c7097,1.33349589035113,12.39147756538391,0.0781509594186747,1,M,7993152,9582336,0.0917293094734796,0.0765164479179776,,,,,,,,300000000,,CURATED,1000,6.5247445428e-05,2971.0,0.89258,0.0087814832804724
CURATEDF,0.5,0,2,0.0003,83072,1000576,29141,349692,10.206052851616144,,170.885498046875,2050.6259765625,12844.469687432884,0.0004,2.231323480606079,7.891507387161255,b2ce10ecdabd,9c65bbfa3357,10.280402348690034,12.609034443974496,0.006108232387358,1,M,7993152,9582336,0.0002565478520316,0.0002140006337246,,,,,,,,300000000,,CURATED,1000,6.5247445428e-05,2971.0,0.06343,7.675501585006714
CURATEDF,0.5,0,2,0.0003,187648,2259826,49489,593868,6.845685708813631,,2151.917724609375,25823.0126953125,44430.36777670169,0.00035,1.8418833017349243,17.78377628326416,b2ce10ecdabd,9c65bbfa3357,6.921206947445609,12.567533012461665,0.0437268888035725,1,M,7993152,9582336,0.0032306420164801,0.0026948556902317,,,,,,,,300000000,,CURATED,1000,6.5247445428e-05,2971.0,0.421655,1.1028142765909434
CURATEDF,0.5,0,2,0.0003,423680,5103316,89607,1075284,3.880811328436742,,9394.123291015623,112729.4794921875,156054.1267646341,0.0003,1.8395663499832156,36.97071552276611,b2ce10ecdabd,9c65bbfa3357,3.9396931521090353,12.745109089136124,0.1050810762552032,1,M,7993152,9582336,0.0141032573247934,0.0117643004265543,,,,,,,,300000000,,CURATED,1000,6.5247445428e-05,2971.0,0.688075,0.1441383966300636
CURATEDF,0.5,0,2,0.0003,956800,11525059,159781,1917372,2.471713204076877,,23799.990966796875,285599.8916015625,366784.82668378047,0.0002,1.6580190658569336,78.88132524490356,b2ce10ecdabd,9c65bbfa3357,2.5080804703889568,12.966002020478248,0.1491979647142025,1,M,7993152,9582336,0.0357305718196729,0.0298048295949508,,,,,,,,300000000,,CURATED,1000,6.5247445428e-05,2971.0,0.80325,0.0393809491344727
CURATEDF,0.5,0,2,0.0003,2160896,26032521,262318,3147816,1.9013079873676284,,39981.95751953125,479783.490234375,572780.214580569,0.00015,1.5972129106521606,171.9346113204956,b2ce10ecdabd,9c65bbfa3357,1.944670865914072,12.90091135828495,0.1526620361545909,1,M,7993152,9582336,0.0600243170947299,0.0500695749172618,,,,,,,,300000000,,CURATED,1000,6.5247445428e-05,2971.0,0.85231,0.0193268173171672
CURATEDF,0.5,0,2,0.0003,4881024,58800778,406407,4876884,1.580795675689113,,55269.779541015625,663237.3544921875,751888.0175751868,0.0002,1.6053619384765625,381.1296362876892,b2ce10ecdabd,9c65bbfa3357,1.6322515781935782,12.840972020459176,0.1362402714520173,1,M,7993152,9582336,0.082975696507734,0.0692145792520933,,,,,,,,300000000,,CURATED,1000,6.5247445428e-05,2971.0,0.87909,0.0129151766276918
CURATEDF,0.5,0,2,0.0003,11024384,132815010,589557,7074684,1.4191957992100763,,64724.06518554688,776688.7822265625,876447.0587071073,0.0001,1.5126012563705444,850.634673833847,b2ce10ecdabd,9c65bbfa3357,1.4896949036141474,12.669421385478971,0.1100283772391812,1,M,7993152,9582336,0.0971692746774442,0.0810542212490318,,,,,,,,300000000,,CURATED,1000,6.5247445428e-05,2971.0,0.89106,0.0140622767861932
CURATEDF,0.5,0,2,0.0003,24901760,300001013,784413,9412956,1.2713494214394916,,60724.49291992188,728693.9150390625,880755.2279222675,0.00035,1.49715256690979,1895.8157613277435,b2ce10ecdabd,9c65bbfa3357,1.3268097599891968,12.397377018594742,0.0776580704297353,1,M,7993152,9582336,0.0911647764285056,0.0760455399433982,,,,,,,,300000000,,CURATED,1000,6.5247445428e-05,2971.0,0.892145,0.0080681723766028
CURATEDF,0.5,0,1,0.0003,83072,1001257,29275,351300,10.05395878907323,,255.852783203125,3070.2333984375,13669.5307912153,0.00025,2.2753303050994877,7.359468698501587,b2ce10ecdabd,9c5f06482eac,10.13420200378418,12.610565886664393,0.0089837745516652,1,M,7993152,9582336,0.000384107971228,0.0003204055251702,,,,,,,,300000000,,CURATED,30,2.6046921207e-07,156827.0,0.09434,7.283395317316056
CURATEDF,0.5,0,1,0.0003,187520,2259419,49600,595200,6.6671999471156855,,2364.890625,28378.6875,46559.65468016922,0.0001,1.9533259868621824,16.572956562042236,b2ce10ecdabd,9c5f06482eac,6.737030091324728,12.583039093923569,0.0479233870967741,1,M,7993152,9582336,0.0035503750585501,0.0029615625563536,,,,,,,,300000000,,CURATED,30,2.6046921207e-07,156827.0,0.441925,0.8688260641396046
CURATEDF,0.5,0,1,0.0003,423552,5102709,159575,1914900,11.390549722144604,,399.041259765625,4788.4951171875,14463.124532392028,0.00035,2.4582152366638184,36.67873764038086,b2ce10ecdabd,9c5f06482eac,11.44063235364914,12.129420030212405,0.0027447908506971,1,M,7993152,9582336,0.0005990746975895,0.0004997210614601,,,,,,,,300000000,,CURATED,30,2.6046921207e-07,156827.0,0.06744,10.787307419776916
CURATEDF,0.5,0,1,0.0003,956800,11525385,409156,4909872,11.468073270192146,,453.1083984375,5437.30078125,38297.230272157285,0.00015,2.4034197330474854,80.73841595649719,b2ce10ecdabd,9c5f06482eac,11.536590364427566,12.092080065059662,0.0013515627291302,1,M,7993152,9582336,0.0006802448872797,0.0005674295684528,,,,,,,,300000000,,CURATED,30,2.6046921207e-07,156827.0,0.026865,11.06049149131775
CURATEDF,0.5,0,1,0.0003,2160896,26031791,651205,7814460,10.865746607801912,,4059.014404296875,48708.1728515625,197587.27684690265,0.0003,2.377384901046753,178.1598048210144,b2ce10ecdabd,9c5f06482eac,10.98305194401741,12.265363207435607,0.0064772229942951,1,M,7993152,9582336,0.0060937378460415,0.0050831209479152,,,,,,,,300000000,,CURATED,30,2.6046921207e-07,156827.0,0.052345,10.405745733737946
CURATEDF,0.5,0,1,0.0003,4881024,58800178,854388,10252656,9.247043595712483,,59065.4091796875,708784.91015625,799486.3288100146,0.00035,2.2946019172668457,393.97814750671387,b2ce10ecdabd,9c5f06482eac,9.362520884048342,12.378245224952698,0.0693759743816626,1,M,7993152,9582336,0.0886740187295637,0.0739678623413174,,,,,,,,300000000,,CURATED,30,2.6046921207e-07,156827.0,0.26371,9.091659104943275
CURATEDF,0.5,0,1,0.0003,11025024,132815102,970507,11646084,7.683261227460205,,110524.05981445312,1326288.7177734375,1293343.222360411,0.0003,2.1703028678894043,876.1908974647522,b2ce10ecdabd,9c5f06482eac,7.78112796739608,12.49729737446308,0.1141269460189365,1,M,7993152,9582336,0.1659281241959914,0.1384097487056848,,,,,,,,300000000,,CURATED,30,2.6046921207e-07,156827.0,0.46909,7.460312639355659
CURATEDF,0.5,0,1,0.0003,24903168,300000660,998704,11984448,6.745626725854054,,145634.17578125,1747610.109375,1641788.235450901,0.0,2.141768217086792,1955.655871868133,b2ce10ecdabd,9c5f06482eac,6.823093525370881,12.604893189889411,0.1460673032249795,1,M,7993152,9582336,0.2186384181578181,0.1823782957908176,,,,,,,,300000000,,CURATED,30,2.6046921207e-07,156827.0,0.605585,6.601138547092676
CURATEDF,0.5,0,2,0.0003,83072,1000576,29141,349692,10.206052851616144,,170.885498046875,2050.6259765625,12844.469687432884,0.0004,2.231323480606079,7.094869613647461,b2ce10ecdabd,688130c97e50,10.280402348690034,12.609034443974496,0.006108232387358,1,M,7993152,9582336,0.0002565478520316,0.0002140006337246,,,,,,,,300000000,,CURATED,30,2.6046921207e-07,156827.0,0.06343,7.675501585006714
CURATEDF,0.5,0,2,0.0003,187648,2259826,49489,593868,6.845685708813631,,2151.917724609375,25823.0126953125,44430.36777670169,0.00035,1.8418833017349243,16.158501625061035,b2ce10ecdabd,688130c97e50,6.921206947445609,12.567533012461665,0.0437268888035725,1,M,7993152,9582336,0.0032306420164801,0.0026948556902317,,,,,,,,300000000,,CURATED,30,2.6046921207e-07,156827.0,0.421655,1.1028142765909434
CURATEDF,0.5,0,2,0.0003,423680,5103316,159721,1916652,11.438192122576236,,331.005615234375,3972.0673828125,14532.695226838448,0.0003,2.432258367538452,35.468266248703,b2ce10ecdabd,688130c97e50,11.485155683751106,12.141699910259248,0.0023165394656933,1,M,7993152,9582336,0.0004969337981828,0.000414519735356,,,,,,,,300000000,,CURATED,30,2.6046921207e-07,156827.0,0.05788,10.85886135005951
CURATEDF,0.5,0,2,0.0003,956800,11525059,409314,4911768,11.393132702517509,,517.06982421875,6204.837890625,44053.593762544726,0.00015,2.3868520259857178,78.49184131622314,b2ce10ecdabd,688130c97e50,11.468450026712418,12.110962149095537,0.0015074001866537,1,M,7993152,9582336,0.0007762692227828,0.0006475287331424,,,,,,,,300000000,,CURATED,30,2.6046921207e-07,156827.0,0.032795,10.93599598789215
CURATEDF,0.5,0,2,0.0003,2160896,26032521,651703,7820436,10.870411411197184,,3893.892822265625,46726.7138671875,193993.4810050539,0.0002,2.3603384494781494,172.75447249412537,b2ce10ecdabd,688130c97e50,11.002358145856856,12.256872257566451,0.0062190905980178,1,M,7993152,9582336,0.005845843275242,0.0048763384906548,,,,,,,,300000000,,CURATED,30,2.6046921207e-07,156827.0,0.050515,10.420586398124694
CURATEDF,0.5,0,2,0.0003,4881024,58800778,854385,10252620,9.2344589983505,,59227.409912109375,710728.9189453125,796054.0996708323,0.0002,2.3003478050231934,381.7429213523865,b2ce10ecdabd,688130c97e50,9.346784084233043,12.372153849434852,0.0695658280517565,1,M,7993152,9582336,0.0889172280153452,0.0741707365453802,,,,,,,,300000000,,CURATED,30,2.6046921207e-07,156827.0,0.269455,9.095413557529447
CURATEDF,0.5,0,2,0.0003,11024384,132815010,970459,11645508,7.661446889864504,,110001.07153320312,1320012.8583984375,1312635.7704199275,0.0003,2.155581474304199,845.8001911640167,b2ce10ecdabd,688130c97e50,7.701254841043502,12.532364342331888,0.1135936706239006,1,M,7993152,9582336,0.1651429696818523,0.1377548082637091,,,,,,,,300000000,,CURATED,30,2.6046921207e-07,156827.0,0.47302,7.504029660463333
CURATEDF,0.5,0,2,0.0003,24901760,300001013,998654,11983848,6.928621057639271,,136431.18798828125,1637174.255859375,1525916.9045465116,0.0,2.1683380603790283,1894.6085398197172,b2ce10ecdabd,688130c97e50,7.009623246386498,12.57022479455503,0.136859212500025,1,M,7993152,9582336,0.2048221097083322,0.1708533551588438,,,,,,,,300000000,,CURATED,30,2.6046921207e-07,156827.0,0.58094,6.760200980782509
CURATEDF,0.5,0,1,0.0003,83072,1001257,29275,351300,10.05395878907323,,255.852783203125,3070.2333984375,13669.5307912153,0.00025,2.2753303050994877,7.23120903968811,b2ce10ecdabd,b26cd5b620cf,10.13420200378418,12.610565886664393,0.0089837745516652,1,M,7993152,9582336,0.000384107971228,0.0003204055251702,,,,,,,,300000000,,CURATED,300,1.1174214588e-05,11878.0,0.09434,7.283395317316056
CURATEDF,0.5,0,1,0.0003,187520,2259419,49600,595200,6.6671999471156855,,2364.890625,28378.6875,46559.65468016922,0.0001,1.9533259868621824,16.481285572052002,b2ce10ecdabd,b26cd5b620cf,6.737030091324728,12.583039093923569,0.0479233870967741,1,M,7993152,9582336,0.0035503750585501,0.0029615625563536,,,,,,,,300000000,,CURATED,300,1.1174214588e-05,11878.0,0.441925,0.8688260641396046
CURATEDF,0.5,0,1,0.0003,423552,5102709,104261,1251132,4.657244599837987,,10288.545654296877,123462.5478515625,162611.0365746537,0.0002,2.182761907577514,35.78024744987488,b2ce10ecdabd,b26cd5b620cf,4.749013945232686,12.588115383529663,0.0989248136887235,1,M,7993152,9582336,0.0154460402919352,0.0128843893442645,,,,,,,,300000000,,CURATED,300,1.1174214588e-05,11878.0,0.666355,0.6867108542677015
CURATEDF,0.5,0,1,0.0003,956800,11525385,207723,2492676,2.2896059262325497,,32773.286376953125,393279.4365234375,493416.28065606585,0.00035,1.805819392204285,78.09870862960815,b2ce10ecdabd,b26cd5b620cf,2.335175647616209,13.007761358451845,0.1580181299133942,1,M,7993152,9582336,0.0492020465172484,0.0410421254820784,,,,,,,,300000000,,CURATED,300,1.1174214588e-05,11878.0,0.83717,0.3200574440956116
CURATEDF,0.5,0,1,0.0003,2160896,26031791,344921,4139052,1.5489189215025236,,57751.790771484375,693021.4892578125,833366.508841523,0.00015,1.8051730394363403,171.23462629318237,b2ce10ecdabd,b26cd5b620cf,1.596097827491702,13.092896043229103,0.1676789757654651,1,M,7993152,9582336,0.0867019029861827,0.0723228124392436,,,,,,,,300000000,,CURATED,300,1.1174214588e-05,11878.0,0.883865,0.1143776266090571
CURATEDF,0.5,0,1,0.0003,4881024,58800178,522255,6267060,1.2395315468344232,,79724.49633789062,956693.9560546876,1092868.579748995,0.0002,1.6970973014831543,380.9599463939667,b2ce10ecdabd,b26cd5b620cf,1.28544659731315,12.981105948758126,0.1528984882863735,1,M,7993152,9582336,0.1196891984607183,0.0998393247799584,,,,,,,,300000000,,CURATED,300,1.1174214588e-05,11878.0,0.907015,0.0605433651898056
CURATEDF,0.5,0,1,0.0003,11025024,132815102,722246,8666952,1.0789923160308494,,90846.67041015624,1090160.044921875,1246478.2788212404,0.0003,1.6033767461776731,851.2018115520477,b2ce10ecdabd,b26cd5b620cf,1.1399368379060375,12.897028814697263,0.1260276969342855,1,M,7993152,9582336,0.1363867526755246,0.113767670526464,,,,,,,,300000000,,CURATED,300,1.1174214588e-05,11878.0,0.916475,0.0335477579485159
CURATEDF,0.5,0,1,0.0003,24903168,300000660,894868,10738416,0.9765519233435724,,86117.5263671875,1033410.31640625,1227322.9669680754,0.0003,1.61409330368042,1904.439928293228,b2ce10ecdabd,b26cd5b620cf,1.0152008990754933,12.357375498604776,0.0964790337792836,1,M,7993152,9582336,0.129286959187846,0.1078453433908235,,,,,,,,300000000,,CURATED,300,1.1174214588e-05,11878.0,0.916405,0.0152073956208769
CURATEDF,0.5,0,2,0.0003,83072,1000576,29141,349692,10.206052851616144,,170.885498046875,2050.6259765625,12844.469687432884,0.0004,2.231323480606079,7.317771673202515,b2ce10ecdabd,be4f96d77f67,10.280402348690034,12.609034443974496,0.006108232387358,1,M,7993152,9582336,0.0002565478520316,0.0002140006337246,,,,,,,,300000000,,CURATED,300,1.1174214588e-05,11878.0,0.06343,7.675501585006714
CURATEDF,0.5,0,2,0.0003,187648,2259826,49489,593868,6.845685708813631,,2151.917724609375,25823.0126953125,44430.36777670169,0.00035,1.8418833017349243,16.58990502357483,b2ce10ecdabd,be4f96d77f67,6.921206947445609,12.567533012461665,0.0437268888035725,1,M,7993152,9582336,0.0032306420164801,0.0026948556902317,,,,,,,,300000000,,CURATED,300,1.1174214588e-05,11878.0,0.421655,1.1028142765909434
CURATEDF,0.5,0,2,0.0003,423680,5103316,104348,1252176,4.735538119388772,,9905.5244140625,118866.29296875,159242.16493623704,0.00035,2.1592133045196533,36.35770225524902,b2ce10ecdabd,be4f96d77f67,4.829414310983307,12.57591532883644,0.0951719247134588,1,M,7993152,9582336,0.0148710162109703,0.0124047302211851,,,,,,,,300000000,,CURATED,300,1.1174214588e-05,11878.0,0.66081,0.7456991478167474
CURATEDF,0.5,0,2,0.0003,956800,11525059,207264,2487168,2.3074689005555817,,32284.3984375,387412.78125,488273.8474627586,0.0002,1.8800848722457888,79.50335931777954,b2ce10ecdabd,be4f96d77f67,2.35370700517213,13.024636214351654,0.1560087617724255,1,M,7993152,9582336,0.0484680863381554,0.0404298890427135,,,,,,,,300000000,,CURATED,300,1.1174214588e-05,11878.0,0.83499,0.3340860135052353
CURATEDF,0.5,0,2,0.0003,2160896,26032521,345042,4140504,1.5533630571941075,,57536.76123046875,690441.134765625,829897.9273595308,0.00025,1.7703715562820437,174.79195141792297,b2ce10ecdabd,be4f96d77f67,1.6030778328888864,13.112920822513104,0.1669970612273288,1,M,7993152,9582336,0.0863790823401863,0.0720535300333473,,,,,,,,300000000,,CURATED,300,1.1174214588e-05,11878.0,0.884305,0.1113595865368843
CURATEDF,0.5,0,2,0.0003,4881024,58800778,522618,6271416,1.2457550039447518,,79449.40771484375,953392.892578125,1094499.4372811322,0.0003,1.7426210641860962,387.6326048374176,b2ce10ecdabd,be4f96d77f67,1.2879366898242897,13.013313299417495,0.1522660911028705,1,M,7993152,9582336,0.1192762120097459,0.0994948301309957,,,,,,,,300000000,,CURATED,300,1.1174214588e-05,11878.0,0.907415,0.0630687387785874
CURATEDF,0.5,0,2,0.0003,11024384,132815010,723093,8677116,1.095776384818505,,93077.46362304688,1116929.5634765625,1266692.6551036057,0.00015,1.6453288793563845,862.4468996524811,b2ce10ecdabd,be4f96d77f67,1.1405468914413546,12.85768780670166,0.1289654304494719,1,M,7993152,9582336,0.1397358092873202,0.1165613023250867,,,,,,,,300000000,,CURATED,300,1.1174214588e-05,11878.0,0.917735,0.0504976964066736
CURATEDF,0.5,0,2,0.0003,24901760,300001013,894566,10734792,1.0110597451990668,,84926.60009765625,1019119.201171875,1204950.332541501,0.00025,1.6230958700180054,1935.5328006744385,b2ce10ecdabd,be4f96d77f67,1.046019887710919,12.423695858573913,0.0951802326491281,1,M,7993152,9582336,0.1274990393241458,0.1063539413741988,,,,,,,,300000000,,CURATED,300,1.1174214588e-05,11878.0,0.915205,0.0239108726298436
CURATEDF,0.5,0,1,0.0003,83072,1001257,29275,351300,10.05395878907323,,255.852783203125,3070.2333984375,13669.5307912153,0.00025,2.2753303050994877,7.437119007110596,b2ce10ecdabd,e5c75d81618a,10.13420200378418,12.610565886664393,0.0089837745516652,1,M,7993152,9582336,0.000384107971228,0.0003204055251702,,,,,,,,300000000,,CURATED,x30,4.1506236635e-08,535963.0,0.09434,7.283395317316056
CURATEDF,0.5,0,1,0.0003,187520,2259419,49600,595200,6.6671999471156855,,2364.890625,28378.6875,46559.65468016922,0.0001,1.9533259868621824,16.949678659439087,b2ce10ecdabd,e5c75d81618a,6.737030091324728,12.583039093923569,0.0479233870967741,1,M,7993152,9582336,0.0035503750585501,0.0029615625563536,,,,,,,,300000000,,CURATED,x30,4.1506236635e-08,535963.0,0.441925,0.8688260641396046
CURATEDF,0.5,0,1,0.0003,423552,5102709,173430,2081160,11.898162118220329,,44.65869140625,535.904296875,5535.581973760127,0.00045,2.4596779346466064,37.58330750465393,b2ce10ecdabd,e5c75d81618a,11.94620653752327,12.106604959392548,0.0005016433143054,1,M,7993152,9582336,6.704542799573935e-05,5.592626859202182e-05,,,,,,,,300000000,,CURATED,x30,4.1506236635e-08,535963.0,0.001995,11.724435355186465
CURATEDF,0.5,0,1,0.0003,956800,11525385,503739,6044868,11.987311321268082,,42.016845703125,504.2021484375,5580.054186456204,0.00025,2.405153751373291,83.35329532623291,b2ce10ecdabd,e5c75d81618a,12.051907658367156,12.027548185873032,0.0003275505767867,1,M,7993152,9582336,6.30792644050182e-05,5.261787401709771e-05,,,,,,,,300000000,,CURATED,x30,4.1506236635e-08,535963.0,0.00058,11.949816264152528
CURATEDF,0.5,0,1,0.0003,2160896,26031791,828789,9945468,11.948717096691132,,156.658935546875,1879.9072265625,14882.668427806855,0.0001,2.403657913208008,183.5634541511536,b2ce10ecdabd,e5c75d81618a,12.055160341873169,12.02037684621811,0.0004331621196709,1,M,7993152,9582336,0.0002351897257255,0.000196184649188,,,,,,,,300000000,,CURATED,x30,4.1506236635e-08,535963.0,0.000715,11.914922439575196
CURATEDF,0.5,0,1,0.0003,4881024,58800178,977172,11726064,11.865117462787628,,559.4326171875,6713.19140625,77145.68756763174,0.00035,2.3805577754974365,402.0378074645996,b2ce10ecdabd,e5c75d81618a,11.994882321958542,12.083884569168092,0.0008166423106679,1,M,7993152,9582336,0.0008398678526631,0.000700579838387,,,,,,,,300000000,,CURATED,x30,4.1506236635e-08,535963.0,0.000865,11.830659041404724
CURATEDF,0.5,0,1,0.0003,11025024,132815102,999399,11992788,11.253461382131576,,11260.006103515623,135120.0732421875,531012.9921489548,0.0,2.316197872161865,888.2967467308044,b2ce10ecdabd,e5c75d81618a,11.35044146502018,12.32356446912007,0.0115109180617551,1,M,7993152,9582336,0.0169044793896309,0.0141009533836203,,,,,,,,300000000,,CURATED,x30,4.1506236635e-08,535963.0,0.018395,11.2272925863266
CURATEDF,0.5,0,1,0.0003,24903168,300000660,1000000,12000000,10.988611244511604,,27028.859375,324346.3125,,,2.3230068683624268,1970.986046552658,b2ce10ecdabd,e5c75d81618a,11.0647123934412,,0.027273,1,M,7993152,9582336,0.0405780238509163,0.0338483551923038,,,,,,,,300000000,,CURATED,x30,4.1506236635e-08,535963.0,0.037635,10.999219141483309
CURATEDF,0.5,0,2,0.0003,83072,1000576,29141,349692,10.206052851616144,,170.885498046875,2050.6259765625,12844.469687432884,0.0004,2.231323480606079,7.857469081878662,b2ce10ecdabd,e83f0d1f69fd,10.280402348690034,12.609034443974496,0.006108232387358,1,M,7993152,9582336,0.0002565478520316,0.0002140006337246,,,,,,,,300000000,,CURATED,x30,4.1506236635e-08,535963.0,0.06343,7.675501585006714
CURATEDF,0.5,0,2,0.0003,187648,2259826,49489,593868,6.845685708813631,,2151.917724609375,25823.0126953125,44430.36777670169,0.00035,1.8418833017349243,17.117164373397827,b2ce10ecdabd,e83f0d1f69fd,6.921206947445609,12.567533012461665,0.0437268888035725,1,M,7993152,9582336,0.0032306420164801,0.0026948556902317,,,,,,,,300000000,,CURATED,x30,4.1506236635e-08,535963.0,0.421655,1.1028142765909434
CURATEDF,0.5,0,2,0.0003,423680,5103316,173482,2081784,11.873066317653656,,24.64599609375,295.751953125,6190.139013736345,0.00025,2.4309065341949463,37.1052942276001,b2ce10ecdabd,e83f0d1f69fd,11.917789661445616,12.112907091188433,0.0003862072145813,1,M,7993152,9582336,3.70006667113299e-05,3.086428540232778e-05,,,,,,,,300000000,,CURATED,x30,4.1506236635e-08,535963.0,0.00216,11.676667304039002
CURATEDF,0.5,0,2,0.0003,956800,11525059,504210,6050520,11.991356349477767,,31.90185546875,382.822265625,4772.4855449309325,0.00035,2.3881866931915283,81.55508637428284,b2ce10ecdabd,e83f0d1f69fd,12.06826140704155,12.026931104755402,0.0003074115943753,1,M,7993152,9582336,4.789378027904386e-05,3.9950828861041815e-05,,,,,,,,300000000,,CURATED,x30,4.1506236635e-08,535963.0,0.00067,11.960117400169372
CURATEDF,0.5,0,2,0.0003,2160896,26032521,829267,9951204,11.960445062327384,,110.542236328125,1326.5068359375,10572.47441563844,0.0004,2.3882060050964355,179.81343150138855,b2ce10ecdabd,e83f0d1f69fd,12.072111065473557,12.015805137443545,0.0003774417648356,1,M,7993152,9582336,0.0001659554123251,0.0001384325112308,,,,,,,,300000000,,CURATED,x30,4.1506236635e-08,535963.0,0.00061,11.93309642314911
CURATEDF,0.5,0,2,0.0003,4881024,58800778,977310,11727720,11.90424986020565,,432.39892578125,5188.787109375,53943.11280382394,0.0001,2.4055583477020264,427.0046179294586,b2ce10ecdabd,e83f0d1f69fd,12.023220054869652,12.057190203857422,0.0006865784653794,1,M,7993152,9582336,0.0006491540645511,0.0005414950080413,,,,,,,,300000000,,CURATED,x30,4.1506236635e-08,535963.0,0.00179,11.88140909576416
CURATEDF,0.5,0,2,0.0003,11024384,132815010,999395,11992740,11.390367805981636,,6851.007080078125,82212.0849609375,413297.2696278548,0.0,2.3015811443328857,912.0147891044616,b2ce10ecdabd,e83f0d1f69fd,11.481010919349194,12.25722992006412,0.0070992950735194,1,M,7993152,9582336,0.0102853148496284,0.0085795452132901,,,,,,,,300000000,,CURATED,x30,4.1506236635e-08,535963.0,0.011685,11.354302353858948
CURATEDF,0.5,0,2,0.0003,24901760,300001013,1000000,12000000,10.960093239545822,,27125.859375,325510.3125,,,2.325834035873413,1963.29845905304,b2ce10ecdabd,e83f0d1f69fd,11.038271999480724,,0.02737,1,M,7993152,9582336,0.0407236485056208,0.0339698287035645,,,,,,,,300000000,,CURATED,x30,4.1506236635e-08,535963.0,0.03729,10.927622930526734
FLAT,0.5,16,1,0.0003,35712,1002054,16528,198336,11.7371945095253,,7.96484375,95.578125,1931.6499468696595,0.00015,5.101383686065674,3.921358823776245,b2ce10ecdabd,199a0d2ea716,11.76767851243496,12.303558380365372,0.0007260406582768,1,M,7993152,9586944,1.1957501246066632e-05,9.969613361671872e-06,,,,,,,,300000000,,FLAT,100,2.0057493899e-06,39473.0,0.002245,11.155199156761167
FLAT,0.5,16,1,0.0003,80640,2262035,28598,343176,10.620683183250428,,35.01806640625,420.216796875,9706.851898074532,0.0002,5.039382457733154,8.504455327987671,b2ce10ecdabd,199a0d2ea716,10.704324789953231,12.588138763189315,0.0014686341702216,1,M,7993152,9586944,5.257210132811187e-05,4.383219479273061e-05,,,,,,,,300000000,,FLAT,100,2.0057493899e-06,39473.0,0.0121,8.505276672363282
FLAT,0.5,16,1,0.0003,182016,5105143,48504,582048,8.143084002159089,,1164.158203125,13969.8984375,28125.133346234277,0.0001,4.947791576385498,17.629458904266357,b2ce10ecdabd,199a0d2ea716,8.279511668504998,12.553686053729058,0.0242454230578921,1,M,7993152,9586944,0.0017477333644474,0.0014571795180507,,,,,,,,300000000,,FLAT,100,2.0057493899e-06,39473.0,0.305075,3.24175268343091
FLAT,0.5,16,1,0.0003,410880,11524536,123248,1478976,7.62571046281334,,3263.91015625,39166.921875,76393.19221206858,0.00015,5.0900983810424805,37.17380809783936,b2ce10ecdabd,199a0d2ea716,7.787623686570376,12.341619901418683,0.0267266000259639,1,M,7993152,9586944,0.0049000596854657,0.0040854438990151,,,,,,,,300000000,,FLAT,100,2.0057493899e-06,39473.0,0.473225,3.5946063750237225
FLAT,0.5,16,1,0.0003,928128,26032025,274142,3289704,7.100456127830818,,18563.07080078125,222756.849609375,287743.8457699991,0.00015,5.021439552307129,80.0775499343872,b2ce10ecdabd,199a0d2ea716,7.346300060390681,12.431077825522422,0.067957481888948,1,M,7993152,9586944,0.0278684616043051,0.0232354386976053,,,,,,,,300000000,,FLAT,100,2.0057493899e-06,39473.0,0.546585,4.724809254139662
FLAT,0.5,16,1,0.0003,2096512,58801209,453838,5446056,2.8731122733366026,,70177.19970703125,842126.396484375,985775.0783195692,0.0003,4.928673267364502,175.22631072998047,b2ce10ecdabd,199a0d2ea716,3.0504569920753872,13.00257553613186,0.1548746469004358,1,M,7993152,9586944,0.1053559842830932,0.0878409633439368,,,,,,,,300000000,,FLAT,100,2.0057493899e-06,39473.0,0.84224,1.674610052090138
FLAT,0.5,16,1,0.0003,4735616,132815933,659496,7913952,1.4484978448852477,,108217.990234375,1298615.8828125,1483205.6719968226,0.0004,4.845744609832764,386.61173963546753,b2ce10ecdabd,199a0d2ea716,1.5739666486984212,13.107513672161105,0.164336099081723,1,M,7993152,9586944,0.1624660562957516,0.135456708917096,,,,,,,,300000000,,FLAT,100,2.0057493899e-06,39473.0,0.920345,0.5725383082879707
FLAT,0.5,16,1,0.0003,10696320,300001987,851316,10215792,1.0647826678412151,,130540.1591796875,1566481.91015625,1759291.4355151418,0.0002,4.85325813293457,862.9574861526489,b2ce10ecdabd,199a0d2ea716,1.1496404409508827,13.00961535794735,0.1535833932405828,1,M,7993152,9586944,0.1959779959340508,0.1633974194650818,,,,,,,,300000000,,FLAT,100,2.0057493899e-06,39473.0,0.93537,0.2878133808057755
FLAT,0.5,16,2,0.0003,35712,1002175,16510,198120,11.69548585726261,,11.96923828125,143.630859375,2233.617572309972,0.00035,5.066657066345215,4.1099853515625,b2ce10ecdabd,7c6a21355a13,11.73312060455799,12.34650994286537,0.0009691096305269,1,M,7993152,9586944,1.79692390905365e-05,1.49819232672059e-05,,,,,,,,300000000,,FLAT,100,2.0057493899e-06,39473.0,0.00299,10.993419998168946
FLAT,0.5,16,2,0.0003,80640,2261705,28348,340176,10.579911910836696,,33.0791015625,396.94921875,10188.73365361271,0.00025,5.029056549072266,9.2253680229187,b2ce10ecdabd,7c6a21355a13,10.666289600355626,12.547164904975892,0.0014110342881332,1,M,7993152,9586944,4.966116229867767e-05,4.140518800881699e-05,,,,,,,,300000000,,FLAT,100,2.0057493899e-06,39473.0,0.0126,8.445472723960876
FLAT,0.5,16,2,0.0003,182016,5104542,48215,578580,8.062049932210595,,1193.228759765625,14318.7451171875,29179.456738337634,0.0003,4.947450637817383,19.468879222869877,b2ce10ecdabd,7c6a21355a13,8.196681883071735,12.559312220835686,0.0249922223374468,1,M,7993152,9586944,0.001791376557982,0.0014935672011005,,,,,,,,300000000,,FLAT,100,2.0057493899e-06,39473.0,0.308225,3.08801435559988
FLAT,0.5,16,2,0.0003,411008,11527477,123342,1480104,7.561276711695195,,3121.88720703125,37462.646484375,76740.66114600682,0.0001,5.063867092132568,41.53947639465332,b2ce10ecdabd,7c6a21355a13,7.725878610851542,12.3517429769516,0.0255549610027403,1,M,7993152,9586944,0.0046868427479391,0.0039076734446738,,,,,,,,300000000,,FLAT,100,2.0057493899e-06,39473.0,0.465005,3.458741539031267
FLAT,0.5,16,2,0.0003,928256,26034033,274555,3294660,7.167276680890024,,17844.969970703125,214139.6396484375,281169.0823557043,0.00025,5.036489009857178,87.51451063156128,b2ce10ecdabd,7c6a21355a13,7.448926609767526,12.435842166376114,0.0652401158237875,1,M,7993152,9586944,0.0267903875277784,0.0223365902260863,,,,,,,,300000000,,FLAT,100,2.0057493899e-06,39473.0,0.53865,4.833591368824243
FLAT,0.5,16,2,0.0003,2096512,58800742,453358,5440296,3.022121912327679,,68368.31689453125,820419.802734375,954137.9545154092,0.0003,4.929664611816406,188.3540062904358,b2ce10ecdabd,7c6a21355a13,3.1907939720673397,12.950677549767494,0.1510483988371221,1,M,7993152,9586944,0.1026403354689583,0.085576780539698,,,,,,,,300000000,,FLAT,100,2.0057493899e-06,39473.0,0.83432,1.8453730097599328
FLAT,0.5,16,2,0.0003,4735360,132815534,658774,7905288,1.4723902659029653,,107125.16650390624,1285501.998046875,1472977.2216104248,5e-05,4.8799729347229,413.8327705860138,b2ce10ecdabd,7c6a21355a13,1.5997045154319611,13.115349265623092,0.1628570647900493,1,M,7993152,9586944,0.1608254163122226,0.1340888189236189,,,,,,,,300000000,,FLAT,100,2.0057493899e-06,39473.0,0.91982,0.5898008618885652
FLAT,0.5,16,2,0.0003,10696192,300002541,850259,10203108,1.0632621104014597,,129561.41723632812,1554737.0068359375,1767041.71445638,0.00035,4.833731651306152,917.4604740142822,b2ce10ecdabd,7c6a21355a13,1.1510274587725708,13.059342200756072,0.1526229066672625,1,M,7993152,9586944,0.1945086252376956,0.1621723259086459,,,,,,,,300000000,,FLAT,100,2.0057493899e-06,39473.0,0.934955,0.2947240678248927
FLAT,0.5,16,1,0.0003,35712,1002054,16528,198336,11.7371945095253,,7.96484375,95.578125,1931.6499468696595,0.00015,5.101383686065674,4.072224378585815,b2ce10ecdabd,abda15a2b1d5,11.76767851243496,12.303558380365372,0.0007260406582768,1,M,7993152,9586944,1.1957501246066632e-05,9.969613361671872e-06,,,,,,,,300000000,,FLAT,1000,6.5247445428e-05,2971.0,0.002245,11.155199156761167
FLAT,0.5,16,1,0.0003,80640,2262035,28598,343176,10.620683183250428,,35.01806640625,420.216796875,9706.851898074532,0.0002,5.039382457733154,8.868254899978638,b2ce10ecdabd,abda15a2b1d5,10.704324789953231,12.588138763189315,0.0014686341702216,1,M,7993152,9586944,5.257210132811187e-05,4.383219479273061e-05,,,,,,,,300000000,,FLAT,1000,6.5247445428e-05,2971.0,0.0121,8.505276672363282
FLAT,0.5,16,1,0.0003,182016,5105143,48504,582048,8.143084002159089,,1164.158203125,13969.8984375,28125.133346234277,0.0001,4.947791576385498,18.50548100471497,b2ce10ecdabd,abda15a2b1d5,8.279511668504998,12.553686053729058,0.0242454230578921,1,M,7993152,9586944,0.0017477333644474,0.0014571795180507,,,,,,,,300000000,,FLAT,1000,6.5247445428e-05,2971.0,0.305075,3.24175268343091
FLAT,0.5,16,1,0.0003,410880,11524536,87072,1044864,4.2962339052435246,,7516.7421875,90200.90625,124966.248541978,0.0001,4.918202877044678,39.08947706222534,b2ce10ecdabd,abda15a2b1d5,4.402502406146294,12.667257077741622,0.086572032341051,1,M,7993152,9586944,0.0112847730469782,0.0094087235984689,,,,,,,,300000000,,FLAT,1000,6.5247445428e-05,2971.0,0.65495,0.1979319479558617
FLAT,0.5,16,1,0.0003,928128,26032025,156376,1876512,2.569306588704904,,21493.822265625,257925.8671875,336156.82565811154,0.0002,4.757575035095215,84.29192471504211,b2ce10ecdabd,abda15a2b1d5,2.6404730675327186,12.894178326702118,0.1376937637489128,1,M,7993152,9586944,0.032268355110412,0.0269038670912753,,,,,,,,300000000,,FLAT,1000,6.5247445428e-05,2971.0,0.793245,0.0456679501417092
FLAT,0.5,16,1,0.0003,2096512,58801209,257788,3093456,1.945664419230555,,37973.0634765625,455676.76171875,538908.7346720693,0.00045,4.756260871887207,184.40608477592468,b2ce10ecdabd,abda15a2b1d5,2.0139828164839524,12.724272704958915,0.1475475972504538,1,M,7993152,9586944,0.0570083944004505,0.0475309714668981,,,,,,,,300000000,,FLAT,1000,6.5247445428e-05,2971.0,0.846895,0.0191004512715153
FLAT,0.5,16,1,0.0003,4735616,132815933,399971,4799652,1.5740374512458264,,52078.350830078125,624940.2099609375,704241.5182273124,0.00045,4.718764781951904,408.7780292034149,b2ce10ecdabd,abda15a2b1d5,1.67504501997462,12.594594406700134,0.1304494575856749,1,M,7993152,9586944,0.0781844521361457,0.0651865923031299,,,,,,,,300000000,,FLAT,1000,6.5247445428e-05,2971.0,0.87565,0.0069740157806081
FLAT,0.5,16,1,0.0003,10696320,300001987,582143,6985716,1.433671133653206,,62328.87524414063,747946.5029296875,826320.2378465575,0.0002,4.743842601776123,912.8825089931488,b2ce10ecdabd,abda15a2b1d5,1.524078780160254,12.543897568058968,0.107312120905001,1,M,7993152,9586944,0.0935734117066318,0.0780171974436992,,,,,,,,300000000,,FLAT,1000,6.5247445428e-05,2971.0,0.889465,0.0101648110849782
FLAT,0.5,16,2,0.0003,35712,1002175,16510,198120,11.69548585726261,,11.96923828125,143.630859375,2233.617572309972,0.00035,5.066657066345215,3.9041733741760254,b2ce10ecdabd,b5602dc2c7d9,11.73312060455799,12.34650994286537,0.0009691096305269,1,M,7993152,9586944,1.79692390905365e-05,1.49819232672059e-05,,,,,,,,300000000,,FLAT,1000,6.5247445428e-05,2971.0,0.00299,10.993419998168946
FLAT,0.5,16,2,0.0003,80640,2261705,28348,340176,10.579911910836696,,33.0791015625,396.94921875,10188.73365361271,0.00025,5.029056549072266,8.501486539840698,b2ce10ecdabd,b5602dc2c7d9,10.666289600355626,12.547164904975892,0.0014110342881332,1,M,7993152,9586944,4.966116229867767e-05,4.140518800881699e-05,,,,,,,,300000000,,FLAT,1000,6.5247445428e-05,2971.0,0.0126,8.445472723960876
FLAT,0.5,16,2,0.0003,182016,5104542,48215,578580,8.062049932210595,,1193.228759765625,14318.7451171875,29179.456738337634,0.0003,4.947450637817383,17.514487266540527,b2ce10ecdabd,b5602dc2c7d9,8.196681883071735,12.559312220835686,0.0249922223374468,1,M,7993152,9586944,0.001791376557982,0.0014935672011005,,,,,,,,300000000,,FLAT,1000,6.5247445428e-05,2971.0,0.308225,3.08801435559988
FLAT,0.5,16,2,0.0003,411008,11527477,87189,1046268,4.323739520878615,,7382.713623046875,88592.5634765625,123731.99545027176,0.0002,4.8724517822265625,36.50762319564819,b2ce10ecdabd,b5602dc2c7d9,4.431006591847986,12.652599225568771,0.0849189691360148,1,M,7993152,9586944,0.0110835579601842,0.0092409597340468,,,,,,,,300000000,,FLAT,1000,6.5247445428e-05,2971.0,0.65189,0.2144294534102082
FLAT,0.5,16,2,0.0003,928256,26034033,156482,1877784,2.5865971664538177,,21296.79638671875,255561.556640625,330608.0434871512,0.00015,4.788717269897461,78.24458885192871,b2ce10ecdabd,b5602dc2c7d9,2.647472515535008,12.865040468144416,0.1363415600516353,1,M,7993152,9586944,0.0319725630940866,0.0266572493425042,,,,,,,,300000000,,FLAT,1000,6.5247445428e-05,2971.0,0.79168,0.0411721463613212
FLAT,0.5,16,2,0.0003,2096512,58800742,257199,3086388,1.9512398302468985,,37726.20727539063,452714.4873046875,539020.2885556086,0.00025,4.756104946136475,170.71297192573547,b2ce10ecdabd,b5602dc2c7d9,2.024599728865746,12.740704984402656,0.146925143565877,1,M,7993152,9586944,0.0566377928637773,0.0472219809883824,,,,,,,,300000000,,FLAT,1000,6.5247445428e-05,2971.0,0.845875,0.0182117382325232
FLAT,0.5,16,2,0.0003,4735360,132815534,398994,4787928,1.6035259509431743,,52022.58935546875,624271.072265625,694326.5898912477,0.00025,4.747091293334961,379.5948157310486,b2ce10ecdabd,b5602dc2c7d9,1.6689981657922093,12.528101491463184,0.1306285307548484,1,M,7993152,9586944,0.0781007382651581,0.0651167955362652,,,,,,,,300000000,,FLAT,1000,6.5247445428e-05,2971.0,0.87511,0.0104226106501882
FLAT,0.5,16,2,0.0003,10696192,300002541,580972,6971664,1.416112583334484,,61595.1611328125,739141.93359375,812765.3262129354,0.00025,4.710095405578613,840.2187204360962,b2ce10ecdabd,b5602dc2c7d9,1.5064596324206925,12.45194147040844,0.1062650179354598,1,M,7993152,9586944,0.0924718976436016,0.0770988057918926,,,,,,,,300000000,,FLAT,1000,6.5247445428e-05,2971.0,0.88968,0.0089051056250464
FLAT,0.5,16,1,0.0003,35712,1002054,16528,198336,11.7371945095253,,7.96484375,95.578125,1931.6499468696595,0.00015,5.101383686065674,3.874495267868042,b2ce10ecdabd,89d9ff388bef,11.76767851243496,12.303558380365372,0.0007260406582768,1,M,7993152,9586944,1.1957501246066632e-05,9.969613361671872e-06,,,,,,,,300000000,,FLAT,30,2.6046921207e-07,156827.0,0.002245,11.155199156761167
FLAT,0.5,16,1,0.0003,80640,2262035,28598,343176,10.620683183250428,,35.01806640625,420.216796875,9706.851898074532,0.0002,5.039382457733154,8.423358678817749,b2ce10ecdabd,89d9ff388bef,10.704324789953231,12.588138763189315,0.0014686341702216,1,M,7993152,9586944,5.257210132811187e-05,4.383219479273061e-05,,,,,,,,300000000,,FLAT,30,2.6046921207e-07,156827.0,0.0121,8.505276672363282
FLAT,0.5,16,1,0.0003,182016,5105143,48504,582048,8.143084002159089,,1164.158203125,13969.8984375,28125.133346234277,0.0001,4.947791576385498,17.44931435585022,b2ce10ecdabd,89d9ff388bef,8.279511668504998,12.553686053729058,0.0242454230578921,1,M,7993152,9586944,0.0017477333644474,0.0014571795180507,,,,,,,,300000000,,FLAT,30,2.6046921207e-07,156827.0,0.305075,3.24175268343091
FLAT,0.5,16,1,0.0003,410880,11524536,150744,1808928,11.434129820861816,,313.197265625,3758.3671875,11843.998035783005,0.0003,5.0982842445373535,37.00964784622192,b2ce10ecdabd,89d9ff388bef,11.5085311228323,12.126929553985596,0.002321817120416,1,M,7993152,9586944,0.0004701983882578,0.000392029742481,,,,,,,,300000000,,FLAT,30,2.6046921207e-07,156827.0,0.06148,10.8342815656662
FLAT,0.5,16,1,0.0003,928128,26032025,398985,4787820,11.611455216541293,,226.591552734375,2719.0986328125,25346.39328924966,0.0,5.07294511795044,80.0804374217987,b2ce10ecdabd,89d9ff388bef,11.80432257519722,12.105547828817368,0.000812060603782,1,M,7993152,9586944,0.0003401785219163,0.0002836251711507,,,,,,,,300000000,,FLAT,30,2.6046921207e-07,156827.0,0.017585,11.251948981285096
FLAT,0.5,16,1,0.0003,2096512,58801209,642886,7714632,11.2565272595191,,1665.04541015625,19980.544921875,133376.91153372725,0.00015,5.080883502960205,174.9790358543396,b2ce10ecdabd,89d9ff388bef,11.448669413807393,12.247456448411942,0.0028340950028465,1,M,7993152,9586944,0.0024997078651669,0.0020841411947201,,,,,,,,300000000,,FLAT,30,2.6046921207e-07,156827.0,0.022345,10.881555057048798
FLAT,0.5,16,1,0.0003,4735616,132815933,848419,10181028,9.38453366785705,,46414.866455078125,556978.3974609375,739162.3631663586,0.00025,5.0297532081604,384.6255939006805,b2ce10ecdabd,89d9ff388bef,9.67130911985457,12.43320702843666,0.0549516217812189,1,M,7993152,9586944,0.0696819474296169,0.0580975957991344,,,,,,,,300000000,,FLAT,30,2.6046921207e-07,156827.0,0.213115,9.16784430706501
FLAT,0.5,16,1,0.0003,10696320,300001987,968134,11617608,7.159479961947426,,114252.63916015624,1371031.669921875,1445129.1945553797,0.00035,5.009176731109619,877.8583543300629,b2ce10ecdabd,89d9ff388bef,7.321638682162911,12.65687115881443,0.1182573899894022,1,M,7993152,9586944,0.1715257848120334,0.1430102929486054,,,,,,,,300000000,,FLAT,30,2.6046921207e-07,156827.0,0.490955,6.903127221167088
FLAT,0.5,16,2,0.0003,35712,1002175,16510,198120,11.69548585726261,,11.96923828125,143.630859375,2233.617572309972,0.00035,5.066657066345215,3.939041137695313,b2ce10ecdabd,65acc6d19318,11.73312060455799,12.34650994286537,0.0009691096305269,1,M,7993152,9586944,1.79692390905365e-05,1.49819232672059e-05,,,,,,,,300000000,,FLAT,30,2.6046921207e-07,156827.0,0.00299,10.993419998168946
FLAT,0.5,16,2,0.0003,80640,2261705,28348,340176,10.579911910836696,,33.0791015625,396.94921875,10188.73365361271,0.00025,5.029056549072266,8.58527684211731,b2ce10ecdabd,65acc6d19318,10.666289600355626,12.547164904975892,0.0014110342881332,1,M,7993152,9586944,4.966116229867767e-05,4.140518800881699e-05,,,,,,,,300000000,,FLAT,30,2.6046921207e-07,156827.0,0.0126,8.445472723960876
FLAT,0.5,16,2,0.0003,182016,5104542,48215,578580,8.062049932210595,,1193.228759765625,14318.7451171875,29179.456738337634,0.0003,4.947450637817383,17.656795501708984,b2ce10ecdabd,65acc6d19318,8.196681883071735,12.559312220835686,0.0249922223374468,1,M,7993152,9586944,0.001791376557982,0.0014935672011005,,,,,,,,300000000,,FLAT,30,2.6046921207e-07,156827.0,0.308225,3.08801435559988
FLAT,0.5,16,2,0.0003,411008,11527477,150761,1809132,11.459259463038444,,347.193115234375,4166.3173828125,11505.66098221984,0.0002,5.068313121795654,37.35499882698059,b2ce10ecdabd,65acc6d19318,11.529313314695358,12.130662441205978,0.0025470778251669,1,M,7993152,9586944,0.0005212358507397,0.0004345824261425,,,,,,,,300000000,,FLAT,30,2.6046921207e-07,156827.0,0.06999,10.867047583580018
FLAT,0.5,16,2,0.0003,928256,26034033,399243,4790916,11.536416256246566,,265.528564453125,3186.3427734375,27483.02769847236,0.0004,5.08910083770752,80.57272672653198,b2ce10ecdabd,65acc6d19318,11.714578467082978,12.09883134021759,0.000909220700175,1,M,7993152,9586944,0.0003986340774499,0.000332362718864,,,,,,,,300000000,,FLAT,30,2.6046921207e-07,156827.0,0.022235,11.14908867931366
FLAT,0.5,16,2,0.0003,2096512,58800742,642735,7712820,11.231034765069484,,1619.082275390625,19428.9873046875,125712.82641702532,0.0003,5.1006927490234375,175.6575062274933,b2ce10ecdabd,65acc6d19318,11.444965439593792,12.215005967473983,0.0027631916730845,1,M,7993152,9586944,0.0024307040957919,0.0020266090325225,,,,,,,,300000000,,FLAT,30,2.6046921207e-07,156827.0,0.023955,10.855575458049774
FLAT,0.5,16,2,0.0003,4735360,132815534,847701,10172412,9.434264545344114,,43597.04174804688,523164.5009765625,718316.4194089286,0.0,5.056281089782715,384.48789501190186,b2ce10ecdabd,65acc6d19318,9.733999250235556,12.415594664549827,0.0516738802950568,1,M,7993152,9586944,0.0654515891824104,0.0545705180896605,,,,,,,,300000000,,FLAT,30,2.6046921207e-07,156827.0,0.2124,9.195941388368606
FLAT,0.5,16,2,0.0003,10696192,300002541,967830,11613960,7.148722317736074,,116662.71337890624,1399952.560546875,1471513.7637107004,0.0004,5.000507831573486,849.9215989112854,b2ce10ecdabd,65acc6d19318,7.317421051127202,12.672402579545976,0.1207846419309176,1,M,7993152,9586944,0.1751439933266469,0.1460269884278947,,,,,,,,300000000,,FLAT,30,2.6046921207e-07,156827.0,0.48777,6.966516995251179
FLAT,0.5,16,1,0.0003,35712,1002054,16528,198336,11.7371945095253,,7.96484375,95.578125,1931.6499468696595,0.00015,5.101383686065674,3.8906984329223633,b2ce10ecdabd,732f622feaf1,11.76767851243496,12.303558380365372,0.0007260406582768,1,M,7993152,9586944,1.1957501246066632e-05,9.969613361671872e-06,,,,,,,,300000000,,FLAT,300,1.1174214588e-05,11878.0,0.002245,11.155199156761167
FLAT,0.5,16,1,0.0003,80640,2262035,28598,343176,10.620683183250428,,35.01806640625,420.216796875,9706.851898074532,0.0002,5.039382457733154,8.427422285079956,b2ce10ecdabd,732f622feaf1,10.704324789953231,12.588138763189315,0.0014686341702216,1,M,7993152,9586944,5.257210132811187e-05,4.383219479273061e-05,,,,,,,,300000000,,FLAT,300,1.1174214588e-05,11878.0,0.0121,8.505276672363282
FLAT,0.5,16,1,0.0003,182016,5105143,48504,582048,8.143084002159089,,1164.158203125,13969.8984375,28125.133346234277,0.0001,4.947791576385498,17.359681367874146,b2ce10ecdabd,732f622feaf1,8.279511668504998,12.553686053729058,0.0242454230578921,1,M,7993152,9586944,0.0017477333644474,0.0014571795180507,,,,,,,,300000000,,FLAT,300,1.1174214588e-05,11878.0,0.305075,3.24175268343091
FLAT,0.5,16,1,0.0003,410880,11524536,100625,1207500,5.375044701592177,,7074.433349609375,84893.2001953125,123001.76957586408,5e-05,5.0467209815979,36.553956747055054,b2ce10ecdabd,732f622feaf1,5.555240537125152,12.522961064648628,0.0705490683229813,1,M,7993152,9586944,0.0106207413790345,0.0088550846020705,,,,,,,,300000000,,FLAT,300,1.1174214588e-05,11878.0,0.59754,0.9081329323500394
FLAT,0.5,16,1,0.0003,928128,26032025,202595,2431140,2.4953144025474554,,29051.538330078125,348618.4599609375,443816.796561861,0.00015,4.854445934295654,78.57170081138611,b2ce10ecdabd,732f622feaf1,2.5790693379415432,12.957627842128275,0.1436412547200079,1,M,7993152,9586944,0.043614641628351,0.0363638777863871,,,,,,,,300000000,,FLAT,300,1.1174214588e-05,11878.0,0.823875,0.4210068509522826
FLAT,0.5,16,1,0.0003,2096512,58801209,339015,4068180,1.593108301226804,,55002.232666015625,660026.7919921875,797659.7079631432,0.0002,4.819039344787598,171.42371273040771,b2ce10ecdabd,732f622feaf1,1.657119209065875,13.018143224811556,0.1624854357476808,1,M,7993152,9586944,0.0825740323707327,0.0688464219663938,,,,,,,,300000000,,FLAT,300,1.1174214588e-05,11878.0,0.880605,0.1202226330284029
FLAT,0.5,16,1,0.0003,4735616,132815933,515250,6183000,1.2619797836412152,,76952.20654296875,923426.478515625,1058301.0124612756,0.00025,4.775308609008789,378.7598748207092,b2ce10ecdabd,732f622feaf1,1.3268088983101791,12.847466359329225,0.1495934012615235,1,M,7993152,9586944,0.1155272010985935,0.0963212550856273,,,,,,,,300000000,,FLAT,300,1.1174214588e-05,11878.0,0.904735,0.0581975762168876
FLAT,0.5,16,1,0.0003,10696320,300001987,715471,8585652,1.1010347372828366,,89760.32446289062,1077123.8935546875,1204382.8603339037,0.00015,4.786838054656982,842.2465481758118,b2ce10ecdabd,732f622feaf1,1.1636347126695106,12.69601941628456,0.1257004127351073,1,M,7993152,9586944,0.1347558376913998,0.1123532059386899,,,,,,,,300000000,,FLAT,300,1.1174214588e-05,11878.0,0.91579,0.0421622207199689
FLAT,0.5,16,2,0.0003,35712,1002175,16510,198120,11.69548585726261,,11.96923828125,143.630859375,2233.617572309972,0.00035,5.066657066345215,3.9775893688201904,b2ce10ecdabd,6bc821f823cb,11.73312060455799,12.34650994286537,0.0009691096305269,1,M,7993152,9586944,1.79692390905365e-05,1.49819232672059e-05,,,,,,,,300000000,,FLAT,300,1.1174214588e-05,11878.0,0.00299,10.993419998168946
FLAT,0.5,16,2,0.0003,80640,2261705,28348,340176,10.579911910836696,,33.0791015625,396.94921875,10188.73365361271,0.00025,5.029056549072266,8.592588424682617,b2ce10ecdabd,6bc821f823cb,10.666289600355626,12.547164904975892,0.0014110342881332,1,M,7993152,9586944,4.966116229867767e-05,4.140518800881699e-05,,,,,,,,300000000,,FLAT,300,1.1174214588e-05,11878.0,0.0126,8.445472723960876
FLAT,0.5,16,2,0.0003,182016,5104542,48215,578580,8.062049932210595,,1193.228759765625,14318.7451171875,29179.456738337634,0.0003,4.947450637817383,17.78456950187683,b2ce10ecdabd,6bc821f823cb,8.196681883071735,12.559312220835686,0.0249922223374468,1,M,7993152,9586944,0.001791376557982,0.0014935672011005,,,,,,,,300000000,,FLAT,300,1.1174214588e-05,11878.0,0.308225,3.08801435559988
FLAT,0.5,16,2,0.0003,411008,11527477,100740,1208880,5.403431828148104,,6866.4052734375,82396.86328125,121492.55287240497,0.00015,5.005621433258057,37.40282320976257,b2ce10ecdabd,6bc821f823cb,5.589174379274268,12.51462492763996,0.0684038117927337,1,M,7993152,9586944,0.0103084319278865,0.0085946953775102,,,,,,,,300000000,,FLAT,300,1.1174214588e-05,11878.0,0.595495,0.9852190993614496
FLAT,0.5,16,2,0.0003,928256,26034033,203048,2436576,2.530983454591413,,28730.427734375,344765.1328125,437168.9253675934,0.00025,4.873215675354004,80.80102586746216,b2ce10ecdabd,6bc821f823cb,2.6134148817277327,12.945283448982238,0.1417398841653205,1,M,7993152,9586944,0.0431325630755551,0.0359619429103268,,,,,,,,300000000,,FLAT,300,1.1174214588e-05,11878.0,0.821895,0.4510588609352708
FLAT,0.5,16,2,0.0003,2096512,58800742,338694,4064328,1.5984274999859067,,54579.31103515625,654951.732421875,791020.8247815573,0.00025,4.820637226104736,176.9113967418671,b2ce10ecdabd,6bc821f823cb,1.664270359132371,12.991808482384682,0.161390517694438,1,M,7993152,9586944,0.0819391064278366,0.0683170499819207,,,,,,,,300000000,,FLAT,300,1.1174214588e-05,11878.0,0.879715,0.1217185925957746
FLAT,0.5,16,2,0.0003,4735360,132815534,514740,6176880,1.2730581683869753,,77124.3310546875,925491.97265625,1067466.9482520816,0.0006,4.802195072174072,389.6035301685333,b2ce10ecdabd,6bc821f823cb,1.348951981273417,12.93051713461876,0.150075766406341,1,M,7993152,9586944,0.1157856090633895,0.0965367037354395,,,,,,,,300000000,,FLAT,300,1.1174214588e-05,11878.0,0.904735,0.0709027664405293
FLAT,0.5,16,2,0.0003,10696192,300002541,714414,8572968,1.112987697344243,,92298.58251953124,1107582.990234375,1256047.8633148104,0.0002,4.771244525909424,865.2234494686127,b2ce10ecdabd,6bc821f823cb,1.185410290258641,12.871808793854711,0.1294389527640835,1,M,7993152,9586944,0.1385664866919051,0.1155303494246315,,,,,,,,300000000,,FLAT,300,1.1174214588e-05,11878.0,0.91667,0.0494365491634234
RAW,0.5,16,1,0.0003,35712,1002054,16528,198336,11.7371945095253,,7.96484375,95.578125,1931.6499468696595,0.00015,5.101383686065674,3.971537590026856,b2ce10ecdabd,906272b8be66,11.76767851243496,12.303558380365372,0.0007260406582768,1,M,7993152,9586944,1.1957501246066632e-05,9.969613361671872e-06,,,,30.0,300000.0,1.0,-0.000244140625,300000000,,RAW,RAW,,,0.002245,11.155199156761167
RAW,0.5,16,1,0.0003,80640,2262035,28598,343176,10.620683183250428,,35.01806640625,420.216796875,9706.851898074532,0.0002,5.039382457733154,8.616634845733643,b2ce10ecdabd,906272b8be66,10.704324789953231,12.588138763189315,0.0014686341702216,1,M,7993152,9586944,5.257210132811187e-05,4.383219479273061e-05,,,,30.0,300000.0,271.0,0.080936671183118,300000000,,RAW,RAW,,,0.0121,8.505276672363282
RAW,0.5,16,1,0.0003,182016,5105143,48504,582048,8.143084002159089,,1164.158203125,13969.8984375,28125.133346234277,0.0001,4.947791576385498,18.144246578216556,b2ce10ecdabd,906272b8be66,8.279511668504998,12.553686053729058,0.0242454230578921,1,M,7993152,9586944,0.0017477333644474,0.0014571795180507,,,,30.0,300000.0,1180.0,0.7768745034427966,300000000,,RAW,RAW,,,0.305075,3.24175268343091
RAW,0.5,16,1,0.0003,410880,11524536,80843,970116,4.51446685781066,,6300.262939453125,75603.1552734375,108695.66316064014,0.00025,4.83368444442749,37.82307648658752,b2ce10ecdabd,906272b8be66,4.609071458939349,12.6454202586174,0.0781762181017527,1,M,7993152,9586944,0.0094584908773707,0.0078860537073584,,,,30.0,300000.0,2714.0,0.9971766405098564,300000000,,RAW,RAW,,,0.624975,0.0426584803410805
RAW,0.5,16,1,0.0003,928128,26032025,132695,1592340,3.0252017471308306,,16148.603759765623,193783.2451171875,253447.6740588252,0.0001,4.703853607177734,80.97316789627075,b2ce10ecdabd,906272b8be66,3.114028407389541,12.74817363064289,0.1219412939447605,1,M,7993152,9586944,0.0242436582110771,0.020213244712516,,,,30.0,300000.0,5468.0,0.9960982148980432,300000000,,RAW,RAW,,,0.753505,0.0111938665227498
RAW,0.5,16,1,0.0003,2096512,58801209,213412,2560944,2.376936979482484,,27843.8974609375,334126.76953125,390250.6107215655,0.0004,4.709004878997803,175.48273849487305,b2ce10ecdabd,906272b8be66,2.4643965673934694,12.5362247600317,0.130714299102206,1,M,7993152,9586944,0.041801628385304,0.0348522709146157,,,,30.0,300000.0,10129.0,0.9828736400048746,300000000,,RAW,RAW,,,0.812215,0.0054780498415348
RAW,0.5,16,1,0.0003,4735616,132815933,332441,3989292,1.980001268876525,,38849.837646484375,466198.0517578125,511288.8983559127,0.00025,4.685556411743164,386.4555358886719,b2ce10ecdabd,906272b8be66,2.060190432133895,12.43834731528759,0.1171064940846646,1,M,7993152,9586944,0.0583246823978591,0.0486284317252518,,,,30.0,300000.0,18171.0,0.964259739183486,300000000,,RAW,RAW,,,0.84672,0.0036741353257093
RAW,0.5,16,1,0.0003,10696320,300001987,494409,5932908,1.7641045354529394,,45370.294677734375,544443.5361328125,587945.1096253003,0.0002,4.705630779266357,861.7450349330902,b2ce10ecdabd,906272b8be66,1.8570381438035803,12.295648682498932,0.0920108654979986,1,M,7993152,9586944,0.0681137473843625,0.0567901028870944,,,,30.0,300000.0,31962.0,0.9171577741487938,300000000,,RAW,RAW,,,0.862535,0.0029190677932929
RAW,0.5,16,2,0.0003,35712,1002175,16510,198120,11.69548585726261,,11.96923828125,143.630859375,2233.617572309972,0.00035,5.066657066345215,4.15390419960022,b2ce10ecdabd,17dab447d16e,11.73312060455799,12.34650994286537,0.0009691096305269,1,M,7993152,9586944,1.79692390905365e-05,1.49819232672059e-05,,,,30.0,300000.0,0.0,,300000000,,RAW,RAW,,,0.00299,10.993419998168946
RAW,0.5,16,2,0.0003,80640,2261705,28348,340176,10.579911910836696,,33.0791015625,396.94921875,10188.73365361271,0.00025,5.029056549072266,9.101031303405762,b2ce10ecdabd,17dab447d16e,10.666289600355626,12.547164904975892,0.0014110342881332,1,M,7993152,9586944,4.966116229867767e-05,4.140518800881699e-05,,,,30.0,300000.0,277.0,0.0827883503497292,300000000,,RAW,RAW,,,0.0126,8.445472723960876
RAW,0.5,16,2,0.0003,182016,5104542,48215,578580,8.062049932210595,,1193.228759765625,14318.7451171875,29179.456738337634,0.0003,4.947450637817383,19.132654666900635,b2ce10ecdabd,17dab447d16e,8.196681883071735,12.559312220835686,0.0249922223374468,1,M,7993152,9586944,0.001791376557982,0.0014935672011005,,,,30.0,300000.0,1174.0,0.7731800501756815,300000000,,RAW,RAW,,,0.308225,3.08801435559988
RAW,0.5,16,2,0.0003,411008,11527477,80822,969864,4.54537146768247,,6186.26806640625,74235.216796875,107587.66081105825,0.0003,4.78747034072876,40.04676175117493,b2ce10ecdabd,17dab447d16e,4.640785774404269,12.648204870295524,0.0767860236074336,1,M,7993152,9586944,0.0092873520729838,0.0077433660608505,,,,30.0,300000.0,2739.0,0.9953746983673328,300000000,,RAW,RAW,,,0.62154,0.0433032030551694
RAW,0.5,16,2,0.0003,928256,26034033,132811,1593732,3.0284389576358923,,15945.575439453123,191346.9052734375,248465.2179453093,0.00025,4.743186473846436,86.06949639320374,b2ce10ecdabd,17dab447d16e,3.1027577706097085,12.70009194574356,0.1203062999299756,1,M,7993152,9586944,0.0239388548189046,0.0199591136939401,,,,30.0,300000.0,5506.0,0.9968499385613422,300000000,,RAW,RAW,,,0.754155,0.0107769141475437
RAW,0.5,16,2,0.0003,2096512,58800742,212944,2555328,2.391101599770528,,27439.01171875,329268.140625,389859.2641645521,0.00025,4.721778869628906,188.32415890693665,b2ce10ecdabd,17dab447d16e,2.4884538800593994,12.57120987484455,0.1290996693966488,1,M,7993152,9586944,0.041193779453337,0.034345474493749,,,,30.0,300000.0,10121.0,0.9803901840464752,300000000,,RAW,RAW,,,0.81089,0.0052341788545018
RAW,0.5,16,2,0.0003,4735360,132815534,331432,3977184,1.9711391621280008,,38090.083984375,457081.0078125,501271.2469559888,0.00035,4.707212924957275,415.1711993217468,b2ce10ecdabd,17dab447d16e,2.0613556763363,12.38741815018654,0.1151699292765937,1,M,7993152,9586944,0.0571840755452292,0.0476774463074468,,,,30.0,300000.0,18157.0,0.9653338733640952,300000000,,RAW,RAW,,,0.84545,0.0028026711042621
RAW,0.5,16,2,0.0003,10696192,300002541,493308,5919696,1.7875067871054766,,46013.5634765625,552162.76171875,604897.6922351283,0.00045,4.671144008636475,919.2576689720154,b2ce10ecdabd,17dab447d16e,1.9038294546851624,12.405955549192427,0.0935196672261548,1,M,7993152,9586944,0.0690794772473675,0.0575952839318504,,,,30.0,300000.0,31974.0,0.9126851143947036,300000000,,RAW,RAW,,,0.862515,0.0034062026716419
CURATEDF,0.5,0,1,0.003,83072,1001257,29275,351300,10.73990503100872,,91.852783203125,1102.2333984375,9463.72939267874,0.00035,2.3520193099975586,5.522035121917725,b2ce10ecdabd,1aef25a31df4,10.82942475676775,12.937897445249558,0.0033817250213492,1,S,2045568,2972592,0.0005388397738122,0.0003707987501942,,,,,,,,300000000,,CURATED,100,2.243040821e-06,36566.0,0.034125,8.284374656677246
CURATEDF,0.5,0,1,0.003,187520,2259419,49600,595200,6.503110566550921,,2674.890625,32098.6875,58747.89012073912,0.0001,2.0436153411865234,12.39493727684021,b2ce10ecdabd,1aef25a31df4,6.56982796196186,13.668827991366388,0.0541733870967741,1,S,2045568,2972592,0.0156918212936455,0.0107982149921684,,,,,,,,300000000,,CURATED,100,2.243040821e-06,36566.0,0.4556,0.6579379496332258
CURATEDF,0.5,0,1,0.003,423552,5102709,82763,993156,4.409815842819175,,7635.794189453125,91629.5302734375,135717.65254740772,5e-05,1.69474458694458,27.315561056137085,b2ce10ecdabd,1aef25a31df4,4.484420770778015,13.64416098546982,0.092505104938197,1,S,2045568,2972592,0.0447941746612371,0.0308247920580548,,,,,,,,300000000,,CURATED,100,2.243040821e-06,36566.0,0.643115,0.0525992660420015
CURATEDF,0.5,0,1,0.003,956800,11525385,135644,1627728,3.755653008316937,,11035.8837890625,132430.60546875,183026.5147162535,0.0002,1.575858235359192,60.37190628051758,b2ce10ecdabd,1aef25a31df4,3.838538596954962,13.35566237666607,0.0816033145586977,1,S,2045568,2972592,0.0647402606360433,0.044550548971655,,,,,,,,300000000,,CURATED,100,2.243040821e-06,36566.0,0.697915,0.027517994328984
CURATEDF,0.5,0,1,0.003,2160896,26031791,384849,4618188,8.74451785646379,,14018.042724609377,168216.5126953125,280247.6113431786,0.00025,2.311107397079468,134.4800159931183,b2ce10ecdabd,1aef25a31df4,8.84359326732099,12.722584131169318,0.0366689272935618,1,S,2045568,2972592,0.082234622703969,0.0565891695514596,,,,,,,,300000000,,CURATED,100,2.243040821e-06,36566.0,0.245055,8.286911029160022
CURATEDF,0.5,0,1,0.003,4881024,58800178,626586,7519032,7.660919155970961,,23312.02490234375,279744.298828125,382237.17708236165,0.0005,2.2267262935638428,300.01591873168945,b2ce10ecdabd,1aef25a31df4,7.793546228597983,12.74545635342598,0.0374489694950094,1,S,2045568,2972592,0.1367562940113088,0.0941078691014861,,,,,,,,300000000,,CURATED,100,2.243040821e-06,36566.0,0.38197,7.156067389607429
CURATEDF,0.5,0,1,0.003,11025024,132815102,838345,10060140,6.56403203722857,,34074.325927734375,408891.9111328125,493003.5094677714,0.00015,2.157686233520508,673.4422743320465,b2ce10ecdabd,1aef25a31df4,6.695674496683479,12.777966505742071,0.0408888941903393,1,S,2045568,2972592,0.1998916247872534,0.1375539970277833,,,,,,,,300000000,,CURATED,100,2.243040821e-06,36566.0,0.53255,5.943762976378203
CURATEDF,0.5,0,1,0.003,24903168,300000660,964803,11577636,5.561480582756847,,44186.452392578125,530237.4287109375,593266.5146622914,0.0002,2.105351686477661,1511.8341042995453,b2ce10ecdabd,1aef25a31df4,5.658111831132471,12.808265382099153,0.0460425599837479,1,S,2045568,2972592,0.2592128096992803,0.1783754476601355,,,,,,,,300000000,,CURATED,100,2.243040821e-06,36566.0,0.667825,4.853007419019938
CURATEDF,0.5,0,2,0.003,83072,1000576,29141,349692,10.170801311025322,,303.885498046875,3646.6259765625,13586.117357561088,0.0004,2.262861013412476,5.511409521102905,b2ce10ecdabd,1fea29681419,10.280058834612072,13.003888054966929,0.0106722487217322,1,S,2045568,2972592,0.0017826960416678,0.0012267495763167,,,,,,,,300000000,,CURATED,100,2.243040821e-06,36566.0,0.1012,7.009074326038361
CURATEDF,0.5,0,2,0.003,187648,2259826,49489,593868,6.202500168032637,,3087.917724609375,37055.0126953125,66245.27929199292,0.00015,1.903050184249878,12.432695865631104,b2ce10ecdabd,1fea29681419,6.267901862467472,13.727361431956291,0.0626401826668552,1,S,2045568,2972592,0.0181147792179543,0.012465556220064,,,,,,,,300000000,,CURATED,100,2.243040821e-06,36566.0,0.48146,0.4772642771843821
CURATEDF,0.5,0,2,0.003,423680,5103316,82711,992532,4.371644523741828,,7716.806884765625,92601.6826171875,139077.95283942102,0.00035,1.7075995206832886,27.34767723083496,b2ce10ecdabd,1fea29681419,4.443356931621817,13.651942752254008,0.0935425759572487,1,S,2045568,2972592,0.0452694227799748,0.0311518306640088,,,,,,,,300000000,,CURATED,100,2.243040821e-06,36566.0,0.644355,0.0487653755217325
CURATEDF,0.5,0,2,0.003,956800,11525059,135472,1625664,3.7627118311658783,,10790.92578125,129491.109375,182199.89057180472,0.00045,1.6216974258422852,60.21670389175415,b2ce10ecdabd,1fea29681419,3.845519431398417,13.433666362333298,0.0798984291957009,1,S,2045568,2972592,0.0633032533628801,0.0435616826577613,,,,,,,,300000000,,CURATED,100,2.243040821e-06,36566.0,0.696085,0.0241472014866303
CURATEDF,0.5,0,2,0.003,2160896,26032521,385218,4622616,8.666040676255822,,14011.95263671875,168143.431640625,288093.9736072663,0.0002,2.2766306400299072,134.52235913276672,b2ce10ecdabd,1fea29681419,8.772087775540351,12.747304359412194,0.0366182265626216,1,S,2045568,2972592,0.0821988961699757,0.0565645845917048,,,,,,,,300000000,,CURATED,100,2.243040821e-06,36566.0,0.245035,8.176816610455512
CURATEDF,0.5,0,2,0.003,4881024,58800778,626998,7523976,7.951191928737462,,20636.92431640625,247643.091796875,362700.13016211503,0.0002,2.2773633003234863,301.576956987381,b2ce10ecdabd,1fea29681419,8.073204969941974,12.70544574830532,0.0331580005039888,1,S,2045568,2972592,0.1210632410151483,0.08330880652201,,,,,,,,300000000,,CURATED,100,2.243040821e-06,36566.0,0.340945,7.437593984842301
CURATEDF,0.5,0,2,0.003,11024384,132815010,839085,10069020,6.650088557277396,,33311.145263671875,399733.7431640625,482471.9924493159,0.00035,2.138662338256836,678.1552884578705,b2ce10ecdabd,1fea29681419,6.783938122661784,12.766244024086,0.0399435098947067,1,S,2045568,2972592,0.1954145465533595,0.1344731275479657,,,,,,,,300000000,,CURATED,100,2.243040821e-06,36566.0,0.517845,6.065279915779829
CURATEDF,0.5,0,2,0.003,24901760,300001013,964740,11576880,5.353214321375936,,45251.4677734375,543017.61328125,608828.9364131654,0.0003,2.113444805145264,1530.5239100456238,b2ce10ecdabd,1fea29681419,5.475130674004108,12.901375928521157,0.0471494910545846,1,S,2045568,2972592,0.2654605533921385,0.1826747879565207,,,,,,,,300000000,,CURATED,100,2.243040821e-06,36566.0,0.692095,4.489101263672113
CURATEDF,0.5,0,1,0.003,83072,1001257,29275,351300,10.73990503100872,,91.852783203125,1102.2333984375,9463.72939267874,0.00035,2.3520193099975586,5.573710203170776,b2ce10ecdabd,0cae6c66693b,10.82942475676775,12.937897445249558,0.0033817250213492,1,S,2045568,2972592,0.0005388397738122,0.0003707987501942,,,,,,,,300000000,,CURATED,1000,7.1894883559e-05,2722.0,0.034125,8.284374656677246
CURATEDF,0.5,0,1,0.003,187520,2259419,49600,595200,6.503110566550921,,2674.890625,32098.6875,58747.89012073912,0.0001,2.0436153411865234,12.469946146011353,b2ce10ecdabd,0cae6c66693b,6.56982796196186,13.668827991366388,0.0541733870967741,1,S,2045568,2972592,0.0156918212936455,0.0107982149921684,,,,,,,,300000000,,CURATED,1000,7.1894883559e-05,2722.0,0.4556,0.6579379496332258
CURATEDF,0.5,0,1,0.003,423552,5102709,82763,993156,4.409815842819175,,7635.794189453125,91629.5302734375,135717.65254740772,5e-05,1.69474458694458,27.63538146018982,b2ce10ecdabd,0cae6c66693b,4.484420770778015,13.64416098546982,0.092505104938197,1,S,2045568,2972592,0.0447941746612371,0.0308247920580548,,,,,,,,300000000,,CURATED,1000,7.1894883559e-05,2722.0,0.643115,0.0525992660420015
CURATEDF,0.5,0,1,0.003,956800,11525385,135644,1627728,3.755653008316937,,11035.8837890625,132430.60546875,183026.5147162535,0.0002,1.575858235359192,61.20568132400513,b2ce10ecdabd,0cae6c66693b,3.838538596954962,13.35566237666607,0.0816033145586977,1,S,2045568,2972592,0.0647402606360433,0.044550548971655,,,,,,,,300000000,,CURATED,1000,7.1894883559e-05,2722.0,0.697915,0.027517994328984
CURATEDF,0.5,0,1,0.003,2160896,26031791,243919,2927028,2.949260213895567,,17884.449462890625,214613.3935546875,285744.3729814951,0.0003,1.7774041891098022,135.18347096443176,b2ce10ecdabd,0cae6c66693b,3.0398222963194077,13.404783698081973,0.0735654049090066,1,S,2045568,2972592,0.1049162841590636,0.0721973932361681,,,,,,,,300000000,,CURATED,1000,7.1894883559e-05,2722.0,0.76819,0.1008760973359458
CURATEDF,0.5,0,1,0.003,4881024,58800178,391742,4700904,2.612170071437656,,20002.35986328125,240028.318359375,290430.76609326486,0.0003,1.686845779418945,299.2485520839691,b2ce10ecdabd,0cae6c66693b,2.6855470548180853,12.636645950174332,0.0513041746864007,1,S,2045568,2972592,0.117340669368789,0.080747145373255,,,,,,,,300000000,,CURATED,1000,7.1894883559e-05,2722.0,0.787675,0.0487200111583806
CURATEDF,0.5,0,1,0.003,11025024,132815102,578035,6936420,2.370002921781044,,23548.878173828125,282586.5380859375,334738.69363139826,0.00045,1.5557631254196167,669.6849389076233,b2ce10ecdabd,0cae6c66693b,2.4594496390603435,12.530014179313184,0.0409836774589774,1,S,2045568,2972592,0.1381457561351847,0.0950640175597382,,,,,,,,300000000,,CURATED,1000,7.1894883559e-05,2722.0,0.808675,0.034441534676589
CURATEDF,0.5,0,1,0.003,24903168,300000660,776516,9318192,2.15757192042402,,26106.4208984375,313277.05078125,364691.5778901661,0.0002,1.5944610834121704,1484.3037407398224,b2ce10ecdabd,0cae6c66693b,2.249366562607916,12.467329341864586,0.0338640800704686,1,S,2045568,2972592,0.1531491745966157,0.1053885130489653,,,,,,,,300000000,,CURATED,1000,7.1894883559e-05,2722.0,0.8226,0.0120123742714058
CURATEDF,0.5,0,2,0.003,83072,1000576,29141,349692,10.170801311025322,,303.885498046875,3646.6259765625,13586.117357561088,0.0004,2.262861013412476,5.562696695327759,b2ce10ecdabd,13327c94b246,10.280058834612072,13.003888054966929,0.0106722487217322,1,S,2045568,2972592,0.0017826960416678,0.0012267495763167,,,,,,,,300000000,,CURATED,1000,7.1894883559e-05,2722.0,0.1012,7.009074326038361
CURATEDF,0.5,0,2,0.003,187648,2259826,49489,593868,6.202500168032637,,3087.917724609375,37055.0126953125,66245.27929199292,0.00015,1.903050184249878,12.485766649246216,b2ce10ecdabd,13327c94b246,6.267901862467472,13.727361431956291,0.0626401826668552,1,S,2045568,2972592,0.0181147792179543,0.012465556220064,,,,,,,,300000000,,CURATED,1000,7.1894883559e-05,2722.0,0.48146,0.4772642771843821
CURATEDF,0.5,0,2,0.003,423680,5103316,82711,992532,4.371644523741828,,7716.806884765625,92601.6826171875,139077.95283942102,0.00035,1.7075995206832886,27.51961660385132,b2ce10ecdabd,13327c94b246,4.443356931621817,13.651942752254008,0.0935425759572487,1,S,2045568,2972592,0.0452694227799748,0.0311518306640088,,,,,,,,300000000,,CURATED,1000,7.1894883559e-05,2722.0,0.644355,0.0487653755217325
CURATEDF,0.5,0,2,0.003,956800,11525059,135472,1625664,3.7627118311658783,,10790.92578125,129491.109375,182199.89057180472,0.00045,1.6216974258422852,60.76444220542908,b2ce10ecdabd,13327c94b246,3.845519431398417,13.433666362333298,0.0798984291957009,1,S,2045568,2972592,0.0633032533628801,0.0435616826577613,,,,,,,,300000000,,CURATED,1000,7.1894883559e-05,2722.0,0.696085,0.0241472014866303
CURATEDF,0.5,0,2,0.003,2160896,26032521,243774,2925288,2.934005822542741,,17852.48486328125,214229.818359375,285980.02968349576,0.00055,1.7029160261154177,134.76195240020752,b2ce10ecdabd,13327c94b246,3.0260991190627053,13.368744638824465,0.0734778934586953,1,S,2045568,2972592,0.1047287689088678,0.0720683559531126,,,,,,,,300000000,,CURATED,1000,7.1894883559e-05,2722.0,0.768255,0.0879765939479693
CURATEDF,0.5,0,2,0.003,4881024,58800778,392356,4708272,2.5752366276523966,,19858.2099609375,238298.51953125,293208.10886774265,0.0002,1.6810745000839231,299.8168966770172,b2ce10ecdabd,13327c94b246,2.6731565016165013,12.589579471802711,0.0508568748789364,1,S,2045568,2972592,0.1164950368461229,0.0801652293793598,,,,,,,,300000000,,CURATED,1000,7.1894883559e-05,2722.0,0.788015,0.0368419887623749
CURATEDF,0.5,0,2,0.003,11024384,132815010,578430,6941160,2.360147719081501,,22909.78173828125,274917.380859375,328582.5432807759,0.00045,1.6042768955230713,672.266774892807,b2ce10ecdabd,13327c94b246,2.4532010948436427,12.611046968126296,0.0398509759175699,1,S,2045568,2972592,0.1343965983332624,0.0924840613375044,,,,,,,,300000000,,CURATED,1000,7.1894883559e-05,2722.0,0.807135,0.0271878778869286
CURATEDF,0.5,0,2,0.003,24901760,300001013,776412,9316944,2.202590337753886,,26231.4462890625,314777.35546875,366194.3058335672,0.0002,1.5725901126861572,1489.8655514717102,b2ce10ecdabd,13327c94b246,2.2789296967312413,12.423600849962234,0.0340296131435371,1,S,2045568,2972592,0.153882616206721,0.1058932256659339,,,,,,,,300000000,,CURATED,1000,7.1894883559e-05,2722.0,0.82264,0.0328504206603392
CURATEDF,0.5,0,1,0.003,83072,1001257,29275,351300,10.73990503100872,,91.852783203125,1102.2333984375,9463.72939267874,0.00035,2.3520193099975586,5.564747095108032,b2ce10ecdabd,5e7e96e6c790,10.82942475676775,12.937897445249558,0.0033817250213492,1,S,2045568,2972592,0.0005388397738122,0.0003707987501942,,,,,,,,300000000,,CURATED,30,2.9548461363e-07,144098.0,0.034125,8.284374656677246
CURATEDF,0.5,0,1,0.003,187520,2259419,49600,595200,6.503110566550921,,2674.890625,32098.6875,58747.89012073912,0.0001,2.0436153411865234,12.563857078552246,b2ce10ecdabd,5e7e96e6c790,6.56982796196186,13.668827991366388,0.0541733870967741,1,S,2045568,2972592,0.0156918212936455,0.0107982149921684,,,,,,,,300000000,,CURATED,30,2.9548461363e-07,144098.0,0.4556,0.6579379496332258
CURATEDF,0.5,0,1,0.003,423552,5102709,82763,993156,4.409815842819175,,7635.794189453125,91629.5302734375,135717.65254740772,5e-05,1.69474458694458,27.57294511795044,b2ce10ecdabd,5e7e96e6c790,4.484420770778015,13.64416098546982,0.092505104938197,1,S,2045568,2972592,0.0447941746612371,0.0308247920580548,,,,,,,,300000000,,CURATED,30,2.9548461363e-07,144098.0,0.643115,0.0525992660420015
CURATEDF,0.5,0,1,0.003,956800,11525385,135644,1627728,3.755653008316937,,11035.8837890625,132430.60546875,183026.5147162535,0.0002,1.575858235359192,60.914246559143066,b2ce10ecdabd,5e7e96e6c790,3.838538596954962,13.35566237666607,0.0816033145586977,1,S,2045568,2972592,0.0647402606360433,0.044550548971655,,,,,,,,300000000,,CURATED,30,2.9548461363e-07,144098.0,0.697915,0.027517994328984
CURATEDF,0.5,0,1,0.003,2160896,26031791,539846,6478152,11.951955234189034,,145.20166015625,1742.419921875,21625.228871988395,0.00035,2.402202606201172,136.31411933898926,b2ce10ecdabd,5e7e96e6c790,12.047823497347832,12.079458027553558,0.000513109294132,1,S,2045568,2972592,0.0008518024929383,0.0005861618149665,,,,,,,,300000000,,CURATED,30,2.9548461363e-07,144098.0,0.00039,11.963988117218015
CURATEDF,0.5,0,1,0.003,4881024,58800178,812762,9753144,11.837895882396698,,410.57177734375,4926.861328125,49251.64615163405,0.0003,2.376034736633301,305.96916460990906,b2ce10ecdabd,5e7e96e6c790,11.97361690721512,12.10268131608963,0.0007492968421259,1,S,2045568,2972592,0.0024085541659455,0.0016574293842293,,,,,,,,300000000,,CURATED,30,2.9548461363e-07,144098.0,0.001705,11.861466729164125
CURATEDF,0.5,0,1,0.003,11025024,132815102,960465,11525580,11.710145080990792,,526.511474609375,6318.1376953125,79671.14163409948,0.0003,2.34345817565918,686.1059827804565,b2ce10ecdabd,5e7e96e6c790,11.822521980714798,12.169030937433243,0.0007923245511288,1,S,2045568,2972592,0.0030886959980369,0.0021254641388096,,,,,,,,300000000,,CURATED,30,2.9548461363e-07,144098.0,0.00173,11.714415535926818
CURATEDF,0.5,0,1,0.003,24903168,300000660,997944,11975328,11.383783481606246,,1564.361328125,18772.3359375,151299.9657805309,0.0,2.345604419708252,1540.7336189746857,b2ce10ecdabd,5e7e96e6c790,11.452667379825115,12.27185550366858,0.0018117249064075,1,S,2045568,2972592,0.0091770774364381,0.0063151404355189,,,,,,,,300000000,,CURATED,30,2.9548461363e-07,144098.0,0.006695,11.368190342903135
CURATEDF,0.5,0,2,0.003,83072,1000576,29141,349692,10.170801311025322,,303.885498046875,3646.6259765625,13586.117357561088,0.0004,2.262861013412476,5.615247964859009,b2ce10ecdabd,fe369e566b60,10.280058834612072,13.003888054966929,0.0106722487217322,1,S,2045568,2972592,0.0017826960416678,0.0012267495763167,,,,,,,,300000000,,CURATED,30,2.9548461363e-07,144098.0,0.1012,7.009074326038361
CURATEDF,0.5,0,2,0.003,187648,2259826,49489,593868,6.202500168032637,,3087.917724609375,37055.0126953125,66245.27929199292,0.00015,1.903050184249878,12.708619594573976,b2ce10ecdabd,fe369e566b60,6.267901862467472,13.727361431956291,0.0626401826668552,1,S,2045568,2972592,0.0181147792179543,0.012465556220064,,,,,,,,300000000,,CURATED,30,2.9548461363e-07,144098.0,0.48146,0.4772642771843821
CURATEDF,0.5,0,2,0.003,423680,5103316,82711,992532,4.371644523741828,,7716.806884765625,92601.6826171875,139077.95283942102,0.00035,1.7075995206832886,28.025309562683105,b2ce10ecdabd,fe369e566b60,4.443356931621817,13.651942752254008,0.0935425759572487,1,S,2045568,2972592,0.0452694227799748,0.0311518306640088,,,,,,,,300000000,,CURATED,30,2.9548461363e-07,144098.0,0.644355,0.0487653755217325
CURATEDF,0.5,0,2,0.003,956800,11525059,135472,1625664,3.7627118311658783,,10790.92578125,129491.109375,182199.89057180472,0.00045,1.6216974258422852,61.87874841690064,b2ce10ecdabd,fe369e566b60,3.845519431398417,13.433666362333298,0.0798984291957009,1,S,2045568,2972592,0.0633032533628801,0.0435616826577613,,,,,,,,300000000,,CURATED,30,2.9548461363e-07,144098.0,0.696085,0.0241472014866303
CURATEDF,0.5,0,2,0.003,2160896,26032521,539957,6479484,11.982139666957854,,68.174560546875,818.0947265625,14134.5982122867,0.00025,2.384345531463623,138.43354749679563,b2ce10ecdabd,fe369e566b60,12.03627620736599,12.062955773544312,0.0003703998651744,1,S,2045568,2972592,0.0003999352388004,0.0002752125843581,,,,,,,,300000000,,CURATED,30,2.9548461363e-07,144098.0,0.000605,11.984912638664246
CURATEDF,0.5,0,2,0.003,4881024,58800778,812950,9755400,11.868024498162267,,269.52587890625,3234.310546875,35147.52122993709,0.00035,2.40254545211792,309.8535671234131,b2ce10ecdabd,fe369e566b60,12.015631224455834,12.072530309152604,0.000575681161203,1,S,2045568,2972592,0.0015811307895288,0.0010880438845542,,,,,,,,300000000,,CURATED,30,2.9548461363e-07,144098.0,0.001125,11.879065150260926
CURATEDF,0.5,0,2,0.003,11024384,132815010,960711,11528532,11.805495854196549,,404.451416015625,4853.4169921875,56567.162239633326,0.0001,2.3185808658599854,724.6849231719971,b2ce10ecdabd,fe369e566b60,11.886374338932038,12.123292519378662,0.0006651323863263,1,S,2045568,2972592,0.0023726500376362,0.0016327222142115,,,,,,,,300000000,,CURATED,30,2.9548461363e-07,144098.0,0.001495,11.806307759284971
CURATEDF,0.5,0,2,0.003,24901760,300001013,997994,11975928,11.466433483071327,,1141.34912109375,13696.189453125,133658.41153226988,0.0004985044865403,2.354172468185425,1625.866070985794,b2ce10ecdabd,fe369e566b60,11.527820291383266,12.279332520360366,0.0013877838944923,1,S,2045568,2972592,0.0066955434642725,0.0046074905177451,,,,,,,,300000000,,CURATED,30,2.9548461363e-07,144098.0,0.00499,11.453411101341247
CURATEDF,0.5,0,1,0.003,83072,1001257,29275,351300,10.73990503100872,,91.852783203125,1102.2333984375,9463.72939267874,0.00035,2.3520193099975586,5.462893486022949,b2ce10ecdabd,c7548e73f4b4,10.82942475676775,12.937897445249558,0.0033817250213492,1,S,2045568,2972592,0.0005388397738122,0.0003707987501942,,,,,,,,300000000,,CURATED,300,1.2418569654e-05,11003.0,0.034125,8.284374656677246
CURATEDF,0.5,0,1,0.003,187520,2259419,49600,595200,6.503110566550921,,2674.890625,32098.6875,58747.89012073912,0.0001,2.0436153411865234,13.127280473709106,b2ce10ecdabd,c7548e73f4b4,6.56982796196186,13.668827991366388,0.0541733870967741,1,S,2045568,2972592,0.0156918212936455,0.0107982149921684,,,,,,,,300000000,,CURATED,300,1.2418569654e-05,11003.0,0.4556,0.6579379496332258
CURATEDF,0.5,0,1,0.003,423552,5102709,82763,993156,4.409815842819175,,7635.794189453125,91629.5302734375,135717.65254740772,5e-05,1.69474458694458,30.799923419952396,b2ce10ecdabd,c7548e73f4b4,4.484420770778015,13.64416098546982,0.092505104938197,1,S,2045568,2972592,0.0447941746612371,0.0308247920580548,,,,,,,,300000000,,CURATED,300,1.2418569654e-05,11003.0,0.643115,0.0525992660420015
CURATEDF,0.5,0,1,0.003,956800,11525385,135644,1627728,3.755653008316937,,11035.8837890625,132430.60546875,183026.5147162535,0.0002,1.575858235359192,70.32891774177551,b2ce10ecdabd,c7548e73f4b4,3.838538596954962,13.35566237666607,0.0816033145586977,1,S,2045568,2972592,0.0647402606360433,0.044550548971655,,,,,,,,300000000,,CURATED,300,1.2418569654e-05,11003.0,0.697915,0.027517994328984
CURATEDF,0.5,0,1,0.003,2160896,26031791,299408,3592896,3.3386860850811844,,24186.90234375,290242.828125,380893.90976608754,0.00015,1.9958466291427608,157.80345034599304,b2ce10ecdabd,c7548e73f4b4,3.4338210545582046,13.404032133054733,0.0810265590765777,1,S,2045568,2972592,0.1418886236610076,0.0976396451733033,,,,,,,,300000000,,CURATED,300,1.2418569654e-05,11003.0,0.767005,1.4358855723384767
CURATEDF,0.5,0,1,0.003,4881024,58800178,493178,5918136,2.7457780876910407,,30321.59521484375,363859.142578125,462248.8886031057,0.0003,1.916653394699097,336.30908846855164,b2ce10ecdabd,c7548e73f4b4,2.865999911510367,13.295901499986648,0.0617261921659117,1,S,2045568,2972592,0.1778768256924849,0.1224046699237988,,,,,,,,300000000,,CURATED,300,1.2418569654e-05,11003.0,0.815285,0.8898469114787877
CURATEDF,0.5,0,1,0.003,11025024,132815102,704358,8452296,2.135307470370019,,33732.03759765625,404784.451171875,481563.9569628799,0.00035,1.7719513177871704,740.9331419467926,b2ce10ecdabd,c7548e73f4b4,2.2388868610346133,12.68819698483944,0.0481346133642267,1,S,2045568,2972592,0.1978836446267613,0.1361722197906322,,,,,,,,300000000,,CURATED,300,1.2418569654e-05,11003.0,0.842415,0.33280292458646
CURATEDF,0.5,0,1,0.003,24903168,300000660,885658,10627896,1.9299172761534085,,36915.77490234375,442989.298828125,511339.2430718098,0.0001,1.7607545852661133,1646.4258134365082,b2ce10ecdabd,c7548e73f4b4,2.0057211942856106,12.574845355153084,0.0419258901291469,1,S,2045568,2972592,0.2165605342027862,0.1490245882476051,,,,,,,,300000000,,CURATED,300,1.2418569654e-05,11003.0,0.85566,0.2264132009083405
CURATEDF,0.5,0,2,0.003,83072,1000576,29141,349692,10.170801311025322,,303.885498046875,3646.6259765625,13586.117357561088,0.0004,2.262861013412476,5.67093300819397,b2ce10ecdabd,08699fe46dfa,10.280058834612072,13.003888054966929,0.0106722487217322,1,S,2045568,2972592,0.0017826960416678,0.0012267495763167,,,,,,,,300000000,,CURATED,300,1.2418569654e-05,11003.0,0.1012,7.009074326038361
CURATEDF,0.5,0,2,0.003,187648,2259826,49489,593868,6.202500168032637,,3087.917724609375,37055.0126953125,66245.27929199292,0.00015,1.903050184249878,12.692580461502075,b2ce10ecdabd,08699fe46dfa,6.267901862467472,13.727361431956291,0.0626401826668552,1,S,2045568,2972592,0.0181147792179543,0.012465556220064,,,,,,,,300000000,,CURATED,300,1.2418569654e-05,11003.0,0.48146,0.4772642771843821
CURATEDF,0.5,0,2,0.003,423680,5103316,82711,992532,4.371644523741828,,7716.806884765625,92601.6826171875,139077.95283942102,0.00035,1.7075995206832886,27.952389240264893,b2ce10ecdabd,08699fe46dfa,4.443356931621817,13.651942752254008,0.0935425759572487,1,S,2045568,2972592,0.0452694227799748,0.0311518306640088,,,,,,,,300000000,,CURATED,300,1.2418569654e-05,11003.0,0.644355,0.0487653755217325
CURATEDF,0.5,0,2,0.003,956800,11525059,135472,1625664,3.7627118311658783,,10790.92578125,129491.109375,182199.89057180472,0.00045,1.6216974258422852,61.94006299972534,b2ce10ecdabd,08699fe46dfa,3.845519431398417,13.433666362333298,0.0798984291957009,1,S,2045568,2972592,0.0633032533628801,0.0435616826577613,,,,,,,,300000000,,CURATED,300,1.2418569654e-05,11003.0,0.696085,0.0241472014866303
CURATEDF,0.5,0,2,0.003,2160896,26032521,299456,3593472,3.326167202175073,,24017.890625,288214.6875,381232.70520463766,0.00035,1.9510587453842163,138.04753923416138,b2ce10ecdabd,08699fe46dfa,3.4258895333611594,13.451043728840352,0.080449214575764,1,S,2045568,2972592,0.140897143238455,0.0969573649865168,,,,,,,,300000000,,CURATED,300,1.2418569654e-05,11003.0,0.764715,1.304755059000105
CURATEDF,0.5,0,2,0.003,4881024,58800778,493671,5924052,2.7921785482471715,,29989.474853515625,359873.6982421875,454733.6987562274,0.0003,1.8767961263656616,307.9999716281891,b2ce10ecdabd,08699fe46dfa,2.9127842297416087,13.236588894104958,0.0609920372069657,1,S,2045568,2972592,0.1759284943068074,0.1210639395659369,,,,,,,,300000000,,CURATED,300,1.2418569654e-05,11003.0,0.810675,0.9268331115990878
CURATEDF,0.5,0,2,0.003,11024384,132815010,705555,8466660,2.1381915850720974,,34618.745361328125,415424.9443359375,488702.1092363725,0.00015,1.7840522527694702,689.617760181427,b2ce10ecdabd,08699fe46dfa,2.237847824800764,12.72293092739582,0.0493101175670217,1,S,2045568,2972592,0.2030853749843258,0.1397517534649684,,,,,,,,300000000,,CURATED,300,1.2418569654e-05,11003.0,0.84389,0.3571602652249858
CURATEDF,0.5,0,2,0.003,24901760,300001013,886123,10633476,1.9098406992744652,,38517.661376953125,462211.9365234375,548501.5751032408,0.00015,1.7864127159118652,1541.7165343761444,b2ce10ecdabd,08699fe46dfa,1.988862726161566,12.659159280776976,0.0437117646195844,1,S,2045568,2972592,0.2259577469550938,0.1554912132318991,,,,,,,,300000000,,CURATED,300,1.2418569654e-05,11003.0,0.85785,0.2492855936987325
CURATEDF,0.5,0,1,0.003,83072,1001257,29275,351300,10.73990503100872,,91.852783203125,1102.2333984375,9463.72939267874,0.00035,2.3520193099975586,6.1499903202056885,b2ce10ecdabd,8922de651798,10.82942475676775,12.937897445249558,0.0033817250213492,1,S,2045568,2972592,0.0005388397738122,0.0003707987501942,,,,,,,,300000000,,CURATED,x30,4.4985245718e-08,507909.0,0.034125,8.284374656677246
CURATEDF,0.5,0,1,0.003,187520,2259419,49600,595200,6.503110566550921,,2674.890625,32098.6875,58747.89012073912,0.0001,2.0436153411865234,14.041550397872925,b2ce10ecdabd,8922de651798,6.56982796196186,13.668827991366388,0.0541733870967741,1,S,2045568,2972592,0.0156918212936455,0.0107982149921684,,,,,,,,300000000,,CURATED,x30,4.4985245718e-08,507909.0,0.4556,0.6579379496332258
CURATEDF,0.5,0,1,0.003,423552,5102709,82763,993156,4.409815842819175,,7635.794189453125,91629.5302734375,135717.65254740772,5e-05,1.69474458694458,31.37926840782165,b2ce10ecdabd,8922de651798,4.484420770778015,13.64416098546982,0.092505104938197,1,S,2045568,2972592,0.0447941746612371,0.0308247920580548,,,,,,,,300000000,,CURATED,x30,4.4985245718e-08,507909.0,0.643115,0.0525992660420015
CURATEDF,0.5,0,1,0.003,956800,11525385,135644,1627728,3.755653008316937,,11035.8837890625,132430.60546875,183026.5147162535,0.0002,1.575858235359192,70.15463161468506,b2ce10ecdabd,8922de651798,3.838538596954962,13.35566237666607,0.0816033145586977,1,S,2045568,2972592,0.0647402606360433,0.044550548971655,,,,,,,,300000000,,CURATED,x30,4.4985245718e-08,507909.0,0.697915,0.027517994328984
CURATEDF,0.5,0,1,0.003,2160896,26031791,701347,8416164,12.030262378087045,,15.772705078125,189.2724609375,3458.868661767672,0.00015,2.402172803878784,145.93913197517395,b2ce10ecdabd,8922de651798,12.123430994815829,12.036561316537856,0.000266629785256,1,S,2045568,2972592,9.2528070901334e-05,6.367253257006007e-05,,,,,,,,300000000,,CURATED,x30,4.4985245718e-08,507909.0,0.000235,12.028875409126282
CURATEDF,0.5,0,1,0.003,4881024,58800178,960637,11527644,12.021310223093034,,16.469482421875,197.6337890625,1896.174433447406,0.00025,2.37982439994812,311.2313485145569,b2ce10ecdabd,8922de651798,12.127106317811013,12.023364791297912,0.0002612849598755,1,S,2045568,2972592,9.661560459613174e-05,6.648533975146943e-05,,,,,,,,300000000,,CURATED,x30,4.4985245718e-08,507909.0,0.000275,12.021730116844177
CURATEDF,0.5,0,1,0.003,11025024,132815102,998805,11985660,12.00511206767559,,34.151123046875,409.8134765625,4256.7128151490615,0.0,2.356400728225708,684.6025726795197,b2ce10ecdabd,8922de651798,12.173907305197716,12.00556713088287,0.0002783326074659,1,S,2045568,2972592,0.0002003421428974,0.0001378640178546,,,,,,,,300000000,,CURATED,x30,4.4985245718e-08,507909.0,0.00015,12.008728796005247
CURATEDF,0.5,0,1,0.003,24903168,300000660,999997,11999964,11.979047495231628,,183.860107421875,2206.3212890625,47442.7459936142,0.0,2.381782054901123,1524.3796935081482,b2ce10ecdabd,8922de651798,12.152832290520667,12.074630737304688,0.0004280012840038,1,S,2045568,2972592,0.0010785861379638,0.0007422213640696,,,,,,,,300000000,,CURATED,x30,4.4985245718e-08,507909.0,0.00032,12.004799047470092
CURATEDF,0.5,0,2,0.003,83072,1000576,29141,349692,10.170801311025322,,303.885498046875,3646.6259765625,13586.117357561088,0.0004,2.262861013412476,5.5484702587127686,b2ce10ecdabd,5c4269acdea8,10.280058834612072,13.003888054966929,0.0106722487217322,1,S,2045568,2972592,0.0017826960416678,0.0012267495763167,,,,,,,,300000000,,CURATED,x30,4.4985245718e-08,507909.0,0.1012,7.009074326038361
CURATEDF,0.5,0,2,0.003,187648,2259826,49489,593868,6.202500168032637,,3087.917724609375,37055.0126953125,66245.27929199292,0.00015,1.903050184249878,12.553659439086914,b2ce10ecdabd,5c4269acdea8,6.267901862467472,13.727361431956291,0.0626401826668552,1,S,2045568,2972592,0.0181147792179543,0.012465556220064,,,,,,,,300000000,,CURATED,x30,4.4985245718e-08,507909.0,0.48146,0.4772642771843821
CURATEDF,0.5,0,2,0.003,423680,5103316,82711,992532,4.371644523741828,,7716.806884765625,92601.6826171875,139077.95283942102,0.00035,1.7075995206832886,27.72899007797241,b2ce10ecdabd,5c4269acdea8,4.443356931621817,13.651942752254008,0.0935425759572487,1,S,2045568,2972592,0.0452694227799748,0.0311518306640088,,,,,,,,300000000,,CURATED,x30,4.4985245718e-08,507909.0,0.644355,0.0487653755217325
CURATEDF,0.5,0,2,0.003,956800,11525059,135472,1625664,3.7627118311658783,,10790.92578125,129491.109375,182199.89057180472,0.00045,1.6216974258422852,61.245211362838745,b2ce10ecdabd,5c4269acdea8,3.845519431398417,13.433666362333298,0.0798984291957009,1,S,2045568,2972592,0.0633032533628801,0.0435616826577613,,,,,,,,300000000,,CURATED,x30,4.4985245718e-08,507909.0,0.696085,0.0241472014866303
CURATEDF,0.5,0,2,0.003,2160896,26032521,701025,8412300,12.030331647868156,,-11.148681640625,-133.7841796875,1509.647361263036,0.00025,2.386333465576172,136.60565567016602,b2ce10ecdabd,5c4269acdea8,12.084154491691589,12.031705387115478,0.0002282372240647,1,S,2045568,2972592,-6.540197132899028e-05,-4.5005900469186487e-05,,,,,,,,300000000,,CURATED,x30,4.4985245718e-08,507909.0,0.00019,12.0300532951355
CURATEDF,0.5,0,2,0.003,4881024,58800778,961075,11532900,12.013152265238762,,-4.637451171875,-55.6494140625,4466.871896215671,0.00025,2.406881332397461,304.4808826446533,b2ce10ecdabd,5c4269acdea8,12.120044421510697,12.02274608297348,0.0002393153499986,1,S,2045568,2972592,-2.720487124480829e-05,-1.872083826589724e-05,,,,,,,,300000000,,CURATED,x30,4.4985245718e-08,507909.0,0.0004,12.007600086212156
CURATEDF,0.5,0,2,0.003,11024384,132815010,998841,11986092,12.005857607865334,,28.142333984375,337.7080078125,4740.088554150279,0.0008628127696289,2.3338751792907715,682.2479562759399,b2ce10ecdabd,5c4269acdea8,12.165750086331368,12.008668817251896,0.0002723156137963,1,S,2045568,2972592,0.0001650925355756,0.0001136072517898,,,,,,,,300000000,,CURATED,x30,4.4985245718e-08,507909.0,0.00053,12.006756546974184
CURATEDF,0.5,0,2,0.003,24901760,300001013,1000000,12000000,12.006926078715324,,53.859375,646.3125,,,2.3790016174316406,1530.7034120559692,b2ce10ecdabd,5c4269acdea8,12.097364265351295,,0.000298,1,S,2045568,2972592,0.000315957474892,0.0002174238846097,,,,,,,,300000000,,CURATED,x30,4.4985245718e-08,507909.0,0.00068,12.011134267807009
FLAT,0.5,16,1,0.003,35712,1002054,16528,198336,11.932214105591774,,1.96484375,23.578125,1698.896072637176,0.0001,5.098567485809326,2.955817699432373,b2ce10ecdabd,01ac0e9dce82,11.965562515878675,12.573823546981812,0.0003630203291384,1,S,2045568,2975280,1.152644399990614e-05,7.924674316366863e-06,,,,,,,,300000000,,FLAT,100,2.243040821e-06,36566.0,0.0011,11.283633273124694
FLAT,0.5,16,1,0.003,80640,2262035,28598,343176,11.796686903147698,,4.01806640625,48.216796875,1972.581246755124,0.00025,5.070998191833496,6.385554552078247,b2ce10ecdabd,01ac0e9dce82,11.856650435123443,12.511101691627502,0.0003846422826771,1,S,2045568,2975280,2.357134882585179e-05,1.620580142877309e-05,,,,,,,,300000000,,FLAT,100,2.243040821e-06,36566.0,0.001015,11.077743463516237
FLAT,0.5,16,1,0.003,182016,5105143,48504,582048,11.762817299790385,,9.158203125,109.8984375,1643.864853416444,5e-05,5.0716705322265625,13.504014015197754,b2ce10ecdabd,01ac0e9dce82,11.859989209527969,12.419033234882354,0.0004329539831766,1,S,2045568,2975280,5.372514504528816e-05,3.693717482052109e-05,,,,,,,,300000000,,FLAT,100,2.243040821e-06,36566.0,0.001115,11.11971219921112
FLAT,0.5,16,1,0.003,410880,11524536,80843,970116,5.850392420663829,,3588.262939453125,43059.1552734375,69827.25644470668,0.0003,4.920681476593018,28.36310386657715,b2ce10ecdabd,01ac0e9dce82,5.929837672393354,13.76725819733143,0.0446297143846715,1,S,2045568,2975280,0.0210499750061779,0.0144723035389736,,,,,,,,300000000,,FLAT,100,2.243040821e-06,36566.0,0.52166,0.2511253227647393
FLAT,0.5,16,1,0.003,928128,26032025,132695,1592340,3.862924481408994,,9846.603759765623,118159.2451171875,168328.65592688066,0.00025,4.742190837860107,61.27287483215332,b2ce10ecdabd,01ac0e9dce82,3.973592193951733,13.54298168694973,0.0744489242247258,1,S,2045568,2975280,0.057763538106378,0.0397136555608841,,,,,,,,300000000,,FLAT,100,2.243040821e-06,36566.0,0.68518,0.0180508596303407
FLAT,0.5,16,1,0.003,2096512,58801209,376088,4513056,8.822221756332814,,12434.181640625,149210.1796875,271398.4937676077,0.00025,5.038818359375,135.34203672409058,b2ce10ecdabd,01ac0e9dce82,9.030946813818664,12.80344831802845,0.0333060347578226,1,S,2045568,2975280,0.0729431530447777,0.0501499622514519,,,,,,,,300000000,,FLAT,100,2.243040821e-06,36566.0,0.220625,8.330842013955117
FLAT,0.5,16,1,0.003,4735616,132815933,618559,7422708,7.4605230721433085,,23291.984619140625,279503.8154296875,405887.92413389205,0.0004,4.998406887054443,301.14663219451904,b2ce10ecdabd,01ac0e9dce82,7.5893096157682685,12.90040172482729,0.0378993758073199,1,S,2045568,2975280,0.136638730870686,0.0939420207273559,,,,,,,,300000000,,FLAT,100,2.243040821e-06,36566.0,0.38083,6.906011692173779
FLAT,0.5,16,1,0.003,10696320,300001987,831962,9983544,6.448811029168442,,33110.88427734375,397330.611328125,497937.9463806796,0.0001,5.010259628295898,675.0931377410889,b2ce10ecdabd,01ac0e9dce82,6.552404658073187,12.78208093328476,0.0400426942576704,1,S,2045568,2975280,0.1942397472624351,0.1335439391681203,,,,,,,,300000000,,FLAT,100,2.243040821e-06,36566.0,0.53111,5.676034285485745
FLAT,0.5,16,2,0.003,35712,1002175,16510,198120,11.929027515568734,,4.96923828125,59.630859375,1739.788612931252,0.00045,5.063953876495361,2.9927828311920166,b2ce10ecdabd,ad7331ac2e46,11.957097515296937,12.62490144648552,0.0005451241671714,1,S,2045568,2975280,2.915124766079641e-05,2.0042100029240945e-05,,,,,,,,300000000,,FLAT,100,2.243040821e-06,36566.0,0.00104,11.219059001922608
FLAT,0.5,16,2,0.003,80640,2261705,28348,340176,11.790783619155883,,7.0791015625,84.94921875,1760.2780845777506,0.00035,5.067543029785156,6.468748092651367,b2ce10ecdabd,ad7331ac2e46,11.8655850406456,12.45564212460518,0.0004938620008466,1,S,2045568,2975280,4.152842572331988e-05,2.8551672027506656e-05,,,,,,,,300000000,,FLAT,100,2.243040821e-06,36566.0,0.00066,11.1228026304245
FLAT,0.5,16,2,0.003,182016,5104542,48215,578580,11.629129315342905,,-0.771240234375,-9.2548828125,2771.515827639103,0.00015,5.057511329650879,13.53498649597168,b2ce10ecdabd,ad7331ac2e46,11.72278650842428,12.503037143945694,0.0002281447682256,1,S,2045568,2975280,-4.52435842391942e-06,-3.110592217371138e-06,,,,,,,,300000000,,FLAT,100,2.243040821e-06,36566.0,0.001795,10.719113672733307
FLAT,0.5,16,2,0.003,411008,11527477,80822,969864,6.48284092899369,,2561.26806640625,30735.216796875,55838.47654673384,0.0002,4.910135269165039,28.787473917007446,b2ce10ecdabd,ad7331ac2e46,6.568822814945317,13.71545003720522,0.0319343743040261,1,S,2045568,2975280,0.0150252725877971,0.0103301930564098,,,,,,,,300000000,,FLAT,100,2.243040821e-06,36566.0,0.456175,0.5719579372536391
FLAT,0.5,16,2,0.003,928256,26034033,132811,1593732,3.9797039557166944,,8977.575439453125,107730.9052734375,157716.38186202952,0.00045,4.782451152801514,62.41132807731629,b2ce10ecdabd,ad7331ac2e46,4.079797322349886,13.577506185890734,0.0678407662015947,1,S,2045568,2975280,0.0526655213972048,0.0362086611254865,,,,,,,,300000000,,FLAT,100,2.243040821e-06,36566.0,0.674825,0.0243185161523288
FLAT,0.5,16,2,0.003,2096512,58800742,375174,4502088,9.0520958644709,,10525.40478515625,126304.857421875,242694.6726356425,0.00015,5.063963890075684,138.0699062347412,b2ce10ecdabd,ad7331ac2e46,9.16029609599024,12.647438144159317,0.0282988693246333,1,S,2045568,2975280,0.0617456165827168,0.042451418831799,,,,,,,,300000000,,FLAT,100,2.243040821e-06,36566.0,0.19793,8.56229894822836
FLAT,0.5,16,2,0.003,4735360,132815534,616977,7403724,7.666221967893764,,20357.37084960937,244288.4501953125,375712.54547724,0.0001,5.035791873931885,307.2167317867279,b2ce10ecdabd,ad7331ac2e46,7.832843755451292,12.80404881989956,0.0332394886681351,1,S,2045568,2975280,0.1194232849728351,0.0821060371445082,,,,,,,,300000000,,FLAT,100,2.243040821e-06,36566.0,0.350435,7.140339503288269
FLAT,0.5,16,2,0.003,10696192,300002541,831515,9978180,6.301763353430554,,32855.993408203125,394271.9208984375,513390.5606085715,0.00015,4.991711139678955,691.566822052002,b2ce10ecdabd,ad7331ac2e46,6.507239293701127,12.95881209449768,0.0397575509762301,1,S,2045568,2975280,0.1927444704348315,0.132515904687437,,,,,,,,300000000,,FLAT,100,2.243040821e-06,36566.0,0.51457,5.75759935683012
FLAT,0.5,16,1,0.003,35712,1002054,16528,198336,11.932214105591774,,1.96484375,23.578125,1698.896072637176,0.0001,5.098567485809326,3.0071325302124023,b2ce10ecdabd,bdb8293a4bc6,11.965562515878675,12.573823546981812,0.0003630203291384,1,S,2045568,2975280,1.152644399990614e-05,7.924674316366863e-06,,,,,,,,300000000,,FLAT,1000,7.1894883559e-05,2722.0,0.0011,11.283633273124694
FLAT,0.5,16,1,0.003,80640,2262035,28598,343176,11.796686903147698,,4.01806640625,48.216796875,1972.581246755124,0.00025,5.070998191833496,6.47077226638794,b2ce10ecdabd,bdb8293a4bc6,11.856650435123443,12.511101691627502,0.0003846422826771,1,S,2045568,2975280,2.357134882585179e-05,1.620580142877309e-05,,,,,,,,300000000,,FLAT,1000,7.1894883559e-05,2722.0,0.001015,11.077743463516237
FLAT,0.5,16,1,0.003,182016,5105143,48504,582048,11.762817299790385,,9.158203125,109.8984375,1643.864853416444,5e-05,5.0716705322265625,13.542107343673706,b2ce10ecdabd,bdb8293a4bc6,11.859989209527969,12.419033234882354,0.0004329539831766,1,S,2045568,2975280,5.372514504528816e-05,3.693717482052109e-05,,,,,,,,300000000,,FLAT,1000,7.1894883559e-05,2722.0,0.001115,11.11971219921112
FLAT,0.5,16,1,0.003,410880,11524536,80843,970116,5.850392420663829,,3588.262939453125,43059.1552734375,69827.25644470668,0.0003,4.920681476593018,29.145828008651733,b2ce10ecdabd,bdb8293a4bc6,5.929837672393354,13.76725819733143,0.0446297143846715,1,S,2045568,2975280,0.0210499750061779,0.0144723035389736,,,,,,,,300000000,,FLAT,1000,7.1894883559e-05,2722.0,0.52166,0.2511253227647393
FLAT,0.5,16,1,0.003,928128,26032025,132695,1592340,3.862924481408994,,9846.603759765623,118159.2451171875,168328.65592688066,0.00025,4.742190837860107,63.07866525650024,b2ce10ecdabd,bdb8293a4bc6,3.973592193951733,13.54298168694973,0.0744489242247258,1,S,2045568,2975280,0.057763538106378,0.0397136555608841,,,,,,,,300000000,,FLAT,1000,7.1894883559e-05,2722.0,0.68518,0.0180508596303407
FLAT,0.5,16,1,0.003,2096512,58801209,239382,2872584,2.939755075470925,,16754.55712890625,201054.685546875,275743.49054987554,0.00015,4.806720733642578,138.81683802604675,b2ce10ecdabd,bdb8293a4bc6,3.0974700780869275,13.330770411515235,0.070235021847925,1,S,2045568,2975280,0.0982879501179501,0.0675750469020982,,,,,,,,300000000,,FLAT,1000,7.1894883559e-05,2722.0,0.761085,0.098455654103076
FLAT,0.5,16,1,0.003,4735616,132815933,386018,4632216,2.5743907728686293,,19680.75732421875,236169.087890625,295507.8046013406,0.00025,4.7633161544799805,307.3314399719238,b2ce10ecdabd,bdb8293a4bc6,2.709404659434057,12.6291193431139,0.0512281810692765,1,S,2045568,2975280,0.1154540391180469,0.0793770965726335,,,,,,,,300000000,,FLAT,1000,7.1894883559e-05,2722.0,0.78531,0.0404480611826293
FLAT,0.5,16,1,0.003,10696320,300001987,570832,6849984,2.350540269609033,,23162.63671875,277951.640625,334245.1145695508,0.0001,4.78721284866333,685.1998810768127,b2ce10ecdabd,bdb8293a4bc6,2.48248137681287,12.453616112518311,0.0408211172464052,1,S,2045568,2975280,0.1358799319431082,0.0934203303974752,,,,,,,,300000000,,FLAT,1000,7.1894883559e-05,2722.0,0.806565,0.029368003425654
FLAT,0.5,16,2,0.003,35712,1002175,16510,198120,11.929027515568734,,4.96923828125,59.630859375,1739.788612931252,0.00045,5.063953876495361,2.955059766769409,b2ce10ecdabd,76c3283f9e78,11.957097515296937,12.62490144648552,0.0005451241671714,1,S,2045568,2975280,2.915124766079641e-05,2.0042100029240945e-05,,,,,,,,300000000,,FLAT,1000,7.1894883559e-05,2722.0,0.00104,11.219059001922608
FLAT,0.5,16,2,0.003,80640,2261705,28348,340176,11.790783619155883,,7.0791015625,84.94921875,1760.2780845777506,0.00035,5.067543029785156,6.385116815567017,b2ce10ecdabd,76c3283f9e78,11.8655850406456,12.45564212460518,0.0004938620008466,1,S,2045568,2975280,4.152842572331988e-05,2.8551672027506656e-05,,,,,,,,300000000,,FLAT,1000,7.1894883559e-05,2722.0,0.00066,11.1228026304245
FLAT,0.5,16,2,0.003,182016,5104542,48215,578580,11.629129315342905,,-0.771240234375,-9.2548828125,2771.515827639103,0.00015,5.057511329650879,13.395188570022585,b2ce10ecdabd,76c3283f9e78,11.72278650842428,12.503037143945694,0.0002281447682256,1,S,2045568,2975280,-4.52435842391942e-06,-3.110592217371138e-06,,,,,,,,300000000,,FLAT,1000,7.1894883559e-05,2722.0,0.001795,10.719113672733307
FLAT,0.5,16,2,0.003,411008,11527477,80822,969864,6.48284092899369,,2561.26806640625,30735.216796875,55838.47654673384,0.0002,4.910135269165039,28.165077447891235,b2ce10ecdabd,76c3283f9e78,6.568822814945317,13.71545003720522,0.0319343743040261,1,S,2045568,2975280,0.0150252725877971,0.0103301930564098,,,,,,,,300000000,,FLAT,1000,7.1894883559e-05,2722.0,0.456175,0.5719579372536391
FLAT,0.5,16,2,0.003,928256,26034033,132811,1593732,3.9797039557166944,,8977.575439453125,107730.9052734375,157716.38186202952,0.00045,4.782451152801514,60.85881233215332,b2ce10ecdabd,76c3283f9e78,4.079797322349886,13.577506185890734,0.0678407662015947,1,S,2045568,2975280,0.0526655213972048,0.0362086611254865,,,,,,,,300000000,,FLAT,1000,7.1894883559e-05,2722.0,0.674825,0.0243185161523288
FLAT,0.5,16,2,0.003,2096512,58800742,238576,2862912,2.934675099139186,,16336.75390625,196041.046875,264761.61720066005,0.00035,4.810794830322266,133.8459210395813,b2ce10ecdabd,76c3283f9e78,3.0422211319603294,13.234617919024824,0.0687202400912078,1,S,2045568,2975280,0.0958369738258518,0.0658899488031378,,,,,,,,300000000,,FLAT,1000,7.1894883559e-05,2722.0,0.76092,0.0653001101355766
FLAT,0.5,16,2,0.003,4735360,132815534,384624,4615488,2.5984600052587044,,19082.09765625,228985.171875,285605.9449195048,0.0002,4.792481899261475,298.72664046287537,b2ce10ecdabd,76c3283f9e78,2.727540107022368,12.588464768910407,0.0498564832147759,1,S,2045568,2975280,0.1119420971950089,0.0769625621370089,,,,,,,,300000000,,FLAT,1000,7.1894883559e-05,2722.0,0.783565,0.0437598833064548
FLAT,0.5,16,2,0.003,10696192,300002541,569623,6835476,2.350407596376529,,22838.931884765625,274067.1826171875,327062.047918801,0.00025,4.755951881408691,670.9391183853149,b2ce10ecdabd,76c3283f9e78,2.441996032311513,12.479929035520554,0.0403389610321212,1,S,2045568,2975280,0.1339809689128826,0.0921147531046447,,,,,,,,300000000,,FLAT,1000,7.1894883559e-05,2722.0,0.807305,0.0208252315863501
FLAT,0.5,16,1,0.003,35712,1002054,16528,198336,11.932214105591774,,1.96484375,23.578125,1698.896072637176,0.0001,5.098567485809326,2.936099052429199,b2ce10ecdabd,e7eb1a58efe8,11.965562515878675,12.573823546981812,0.0003630203291384,1,S,2045568,2975280,1.152644399990614e-05,7.924674316366863e-06,,,,,,,,300000000,,FLAT,30,2.9548461363e-07,144098.0,0.0011,11.283633273124694
FLAT,0.5,16,1,0.003,80640,2262035,28598,343176,11.796686903147698,,4.01806640625,48.216796875,1972.581246755124,0.00025,5.070998191833496,6.327415227890015,b2ce10ecdabd,e7eb1a58efe8,11.856650435123443,12.511101691627502,0.0003846422826771,1,S,2045568,2975280,2.357134882585179e-05,1.620580142877309e-05,,,,,,,,300000000,,FLAT,30,2.9548461363e-07,144098.0,0.001015,11.077743463516237
FLAT,0.5,16,1,0.003,182016,5105143,48504,582048,11.762817299790385,,9.158203125,109.8984375,1643.864853416444,5e-05,5.0716705322265625,13.290518522262571,b2ce10ecdabd,e7eb1a58efe8,11.859989209527969,12.419033234882354,0.0004329539831766,1,S,2045568,2975280,5.372514504528816e-05,3.693717482052109e-05,,,,,,,,300000000,,FLAT,30,2.9548461363e-07,144098.0,0.001115,11.11971219921112
FLAT,0.5,16,1,0.003,410880,11524536,80843,970116,5.850392420663829,,3588.262939453125,43059.1552734375,69827.25644470668,0.0003,4.920681476593018,28.21968650817871,b2ce10ecdabd,e7eb1a58efe8,5.929837672393354,13.76725819733143,0.0446297143846715,1,S,2045568,2975280,0.0210499750061779,0.0144723035389736,,,,,,,,300000000,,FLAT,30,2.9548461363e-07,144098.0,0.52166,0.2511253227647393
FLAT,0.5,16,1,0.003,928128,26032025,132695,1592340,3.862924481408994,,9846.603759765623,118159.2451171875,168328.65592688066,0.00025,4.742190837860107,61.16906523704529,b2ce10ecdabd,e7eb1a58efe8,3.973592193951733,13.54298168694973,0.0744489242247258,1,S,2045568,2975280,0.057763538106378,0.0397136555608841,,,,,,,,300000000,,FLAT,30,2.9548461363e-07,144098.0,0.68518,0.0180508596303407
FLAT,0.5,16,1,0.003,2096512,58801209,527695,6332340,11.967279333758354,,105.168212890625,1262.0185546875,13329.826912794822,0.0002,5.088181495666504,136.20287370681763,b2ce10ecdabd,e7eb1a58efe8,12.292321035089492,12.049133960056304,0.0004434379707975,1,S,2045568,2975280,0.0006169526286525,0.0004241679958482,,,,,,,,300000000,,FLAT,30,2.9548461363e-07,144098.0,0.00055,11.9643223361969
FLAT,0.5,16,1,0.003,4735616,132815933,805028,9660336,11.940546212124824,,181.4599609375,2177.51953125,28129.56223136882,0.00015,5.06852388381958,302.2531218528748,b2ce10ecdabd,e7eb1a58efe8,12.076935129637718,12.112008226394654,0.0004695488852561,1,S,2045568,2975280,0.0010645060595638,0.0007318704563099,,,,,,,,300000000,,FLAT,30,2.9548461363e-07,144098.0,0.001375,11.910191703796388
FLAT,0.5,16,1,0.003,10696320,300001987,957608,11491296,11.883205637383462,,276.208984375,3314.5078125,38758.88874002418,0.00025,5.08342170715332,677.9048087596893,b2ce10ecdabd,e7eb1a58efe8,11.951773150553704,12.11696374516487,0.0005325770043692,1,S,2045568,2975280,0.0016203361670206,0.0011140154245986,,,,,,,,300000000,,FLAT,30,2.9548461363e-07,144098.0,0.001295,11.873393242836
FLAT,0.5,16,2,0.003,35712,1002175,16510,198120,11.929027515568734,,4.96923828125,59.630859375,1739.788612931252,0.00045,5.063953876495361,2.952281951904297,b2ce10ecdabd,97222a94038e,11.957097515296937,12.62490144648552,0.0005451241671714,1,S,2045568,2975280,2.915124766079641e-05,2.0042100029240945e-05,,,,,,,,300000000,,FLAT,30,2.9548461363e-07,144098.0,0.00104,11.219059001922608
FLAT,0.5,16,2,0.003,80640,2261705,28348,340176,11.790783619155883,,7.0791015625,84.94921875,1760.2780845777506,0.00035,5.067543029785156,6.369755268096924,b2ce10ecdabd,97222a94038e,11.8655850406456,12.45564212460518,0.0004938620008466,1,S,2045568,2975280,4.152842572331988e-05,2.8551672027506656e-05,,,,,,,,300000000,,FLAT,30,2.9548461363e-07,144098.0,0.00066,11.1228026304245
FLAT,0.5,16,2,0.003,182016,5104542,48215,578580,11.629129315342905,,-0.771240234375,-9.2548828125,2771.515827639103,0.00015,5.057511329650879,13.335527896881104,b2ce10ecdabd,97222a94038e,11.72278650842428,12.503037143945694,0.0002281447682256,1,S,2045568,2975280,-4.52435842391942e-06,-3.110592217371138e-06,,,,,,,,300000000,,FLAT,30,2.9548461363e-07,144098.0,0.001795,10.719113672733307
FLAT,0.5,16,2,0.003,411008,11527477,80822,969864,6.48284092899369,,2561.26806640625,30735.216796875,55838.47654673384,0.0002,4.910135269165039,28.48917961120605,b2ce10ecdabd,97222a94038e,6.568822814945317,13.71545003720522,0.0319343743040261,1,S,2045568,2975280,0.0150252725877971,0.0103301930564098,,,,,,,,300000000,,FLAT,30,2.9548461363e-07,144098.0,0.456175,0.5719579372536391
FLAT,0.5,16,2,0.003,928256,26034033,132811,1593732,3.9797039557166944,,8977.575439453125,107730.9052734375,157716.38186202952,0.00045,4.782451152801514,61.66914057731629,b2ce10ecdabd,97222a94038e,4.079797322349886,13.577506185890734,0.0678407662015947,1,S,2045568,2975280,0.0526655213972048,0.0362086611254865,,,,,,,,300000000,,FLAT,30,2.9548461363e-07,144098.0,0.674825,0.0243185161523288
FLAT,0.5,16,2,0.003,2096512,58800742,526786,6321432,12.04668472456932,,-9.60986328125,-115.318359375,2868.9201642299595,0.00025,5.104037761688232,136.83244395256042,b2ce10ecdabd,97222a94038e,12.131724901533127,12.066719772720337,0.0002258981825636,1,S,2045568,2975280,-5.637473766455088e-05,-3.875882585000404e-05,,,,,,,,300000000,,FLAT,30,2.9548461363e-07,144098.0,0.000205,12.05371115589142
FLAT,0.5,16,2,0.003,4735360,132815534,804043,9648516,12.03668112429142,,12.700439453125,152.4052734375,2540.4325377783825,0.0001,5.091444969177246,303.1616840362549,b2ce10ecdabd,97222a94038e,12.104750186276435,12.053064369153976,0.0002599363466879,1,S,2045568,2975280,7.450511224144101e-05,5.12238422728281e-05,,,,,,,,300000000,,FLAT,30,2.9548461363e-07,144098.0,9.5e-05,12.041401560783386
FLAT,0.5,16,2,0.003,10696192,300002541,957250,11487000,12.025755184292793,,25.29638671875,303.556640625,134.08787919282622,0.0003,5.083375930786133,676.5627572536469,b2ce10ecdabd,97222a94038e,12.098248881211282,12.038860672712326,0.0002705667276051,1,S,2045568,2975280,0.0001483972376498,0.0001020262431182,,,,,,,,300000000,,FLAT,30,2.9548461363e-07,144098.0,0.000195,12.015407433509829
FLAT,0.5,16,1,0.003,35712,1002054,16528,198336,11.932214105591774,,1.96484375,23.578125,1698.896072637176,0.0001,5.098567485809326,2.9956283569335938,b2ce10ecdabd,a0a399595d3d,11.965562515878675,12.573823546981812,0.0003630203291384,1,S,2045568,2975280,1.152644399990614e-05,7.924674316366863e-06,,,,,,,,300000000,,FLAT,300,1.2418569654e-05,11003.0,0.0011,11.283633273124694
FLAT,0.5,16,1,0.003,80640,2262035,28598,343176,11.796686903147698,,4.01806640625,48.216796875,1972.581246755124,0.00025,5.070998191833496,6.455888748168945,b2ce10ecdabd,a0a399595d3d,11.856650435123443,12.511101691627502,0.0003846422826771,1,S,2045568,2975280,2.357134882585179e-05,1.620580142877309e-05,,,,,,,,300000000,,FLAT,300,1.2418569654e-05,11003.0,0.001015,11.077743463516237
FLAT,0.5,16,1,0.003,182016,5105143,48504,582048,11.762817299790385,,9.158203125,109.8984375,1643.864853416444,5e-05,5.0716705322265625,13.643080472946169,b2ce10ecdabd,a0a399595d3d,11.859989209527969,12.419033234882354,0.0004329539831766,1,S,2045568,2975280,5.372514504528816e-05,3.693717482052109e-05,,,,,,,,300000000,,FLAT,300,1.2418569654e-05,11003.0,0.001115,11.11971219921112
FLAT,0.5,16,1,0.003,410880,11524536,80843,970116,5.850392420663829,,3588.262939453125,43059.1552734375,69827.25644470668,0.0003,4.920681476593018,28.99695205688477,b2ce10ecdabd,a0a399595d3d,5.929837672393354,13.76725819733143,0.0446297143846715,1,S,2045568,2975280,0.0210499750061779,0.0144723035389736,,,,,,,,300000000,,FLAT,300,1.2418569654e-05,11003.0,0.52166,0.2511253227647393
FLAT,0.5,16,1,0.003,928128,26032025,132695,1592340,3.862924481408994,,9846.603759765623,118159.2451171875,168328.65592688066,0.00025,4.742190837860107,62.82984447479248,b2ce10ecdabd,a0a399595d3d,3.973592193951733,13.54298168694973,0.0744489242247258,1,S,2045568,2975280,0.057763538106378,0.0397136555608841,,,,,,,,300000000,,FLAT,300,1.2418569654e-05,11003.0,0.68518,0.0180508596303407
FLAT,0.5,16,1,0.003,2096512,58801209,292790,3513480,3.607998026408311,,22176.51806640625,266118.216796875,352509.0486685423,0.0003,4.899968147277832,138.74355554580688,b2ce10ecdabd,a0a399595d3d,3.702884964172216,13.555637526766956,0.0759862017145394,1,S,2045568,2975280,0.1300950233856195,0.0894430832717845,,,,,,,,300000000,,FLAT,300,1.2418569654e-05,11003.0,0.750415,1.6049368395730854
FLAT,0.5,16,1,0.003,4735616,132815933,485757,5829084,2.697013385066362,,29585.406982421875,355024.8837890625,464326.0152477332,0.0005,4.8495378494262695,308.39002227783203,b2ce10ecdabd,a0a399595d3d,2.8562535978317074,13.42102351285368,0.061149916522047,1,S,2045568,2975280,0.1735580942745792,0.1193248648157694,,,,,,,,300000000,,FLAT,300,1.2418569654e-05,11003.0,0.81349,0.8049192047715187
FLAT,0.5,16,1,0.003,10696320,300001987,696794,8361528,2.1328179159134115,,34442.88427734375,413314.611328125,498292.384260178,0.0003,4.85637092590332,691.8508207798004,b2ce10ecdabd,a0a399595d3d,2.2638775378680647,12.740324606525895,0.0496746527668148,1,S,2045568,2975280,0.2020537138477552,0.138916206652189,,,,,,,,300000000,,FLAT,300,1.2418569654e-05,11003.0,0.84177,0.3730332160778343
FLAT,0.5,16,2,0.003,35712,1002175,16510,198120,11.929027515568734,,4.96923828125,59.630859375,1739.788612931252,0.00045,5.063953876495361,3.24800443649292,b2ce10ecdabd,acb974f64527,11.957097515296937,12.62490144648552,0.0005451241671714,1,S,2045568,2975280,2.915124766079641e-05,2.0042100029240945e-05,,,,,,,,300000000,,FLAT,300,1.2418569654e-05,11003.0,0.00104,11.219059001922608
FLAT,0.5,16,2,0.003,80640,2261705,28348,340176,11.790783619155883,,7.0791015625,84.94921875,1760.2780845777506,0.00035,5.067543029785156,7.15391731262207,b2ce10ecdabd,acb974f64527,11.8655850406456,12.45564212460518,0.0004938620008466,1,S,2045568,2975280,4.152842572331988e-05,2.8551672027506656e-05,,,,,,,,300000000,,FLAT,300,1.2418569654e-05,11003.0,0.00066,11.1228026304245
FLAT,0.5,16,2,0.003,182016,5104542,48215,578580,11.629129315342905,,-0.771240234375,-9.2548828125,2771.515827639103,0.00015,5.057511329650879,15.239758014678957,b2ce10ecdabd,acb974f64527,11.72278650842428,12.503037143945694,0.0002281447682256,1,S,2045568,2975280,-4.52435842391942e-06,-3.110592217371138e-06,,,,,,,,300000000,,FLAT,300,1.2418569654e-05,11003.0,0.001795,10.719113672733307
FLAT,0.5,16,2,0.003,411008,11527477,80822,969864,6.48284092899369,,2561.26806640625,30735.216796875,55838.47654673384,0.0002,4.910135269165039,32.83082342147827,b2ce10ecdabd,acb974f64527,6.568822814945317,13.71545003720522,0.0319343743040261,1,S,2045568,2975280,0.0150252725877971,0.0103301930564098,,,,,,,,300000000,,FLAT,300,1.2418569654e-05,11003.0,0.456175,0.5719579372536391
FLAT,0.5,16,2,0.003,928256,26034033,132811,1593732,3.9797039557166944,,8977.575439453125,107730.9052734375,157716.38186202952,0.00045,4.782451152801514,71.86994409561157,b2ce10ecdabd,acb974f64527,4.079797322349886,13.577506185890734,0.0678407662015947,1,S,2045568,2975280,0.0526655213972048,0.0362086611254865,,,,,,,,300000000,,FLAT,300,1.2418569654e-05,11003.0,0.674825,0.0243185161523288
FLAT,0.5,16,2,0.003,2096512,58800742,292568,3510816,3.388186286726934,,22664.572265625,271974.8671875,363509.68961584615,0.00025,4.920858860015869,148.98358249664307,b2ce10ecdabd,acb974f64527,3.511289593613902,13.576997289443016,0.0777118481857209,1,S,2045568,2975280,0.1329581158815057,0.0914115199871944,,,,,,,,300000000,,FLAT,300,1.2418569654e-05,11003.0,0.7633,1.3557940835505724
FLAT,0.5,16,2,0.003,4735360,132815534,484961,5819532,2.7098522731626598,,29282.60131835937,351391.2158203125,456514.21764931496,0.0004,4.886180400848389,319.26985263824463,b2ce10ecdabd,acb974f64527,2.8657168437146394,13.379648640942571,0.0606254935963922,1,S,2045568,2975280,0.1717817329075897,0.11810357876244,,,,,,,,300000000,,FLAT,300,1.2418569654e-05,11003.0,0.81486,0.810234829382971
FLAT,0.5,16,2,0.003,10696192,300002541,695628,8347536,2.126524446057352,,35345.1689453125,424142.02734375,516491.1898607854,0.0005,4.845104217529297,700.7414762973785,b2ce10ecdabd,acb974f64527,2.259422020172756,12.879101012802124,0.0510545866468859,1,S,2045568,2975280,0.2073468236420153,0.1425553317145781,,,,,,,,300000000,,FLAT,300,1.2418569654e-05,11003.0,0.8445,0.3489515212439
RAW,0.5,16,1,0.003,35712,1002054,16528,198336,11.932214105591774,,1.96484375,23.578125,1698.896072637176,0.0001,5.098567485809326,2.990198850631714,b2ce10ecdabd,755a9288b169,11.965562515878675,12.573823546981812,0.0003630203291384,1,S,2045568,2975280,1.152644399990614e-05,7.924674316366863e-06,,,,40.0,1000000.0,0.0,,300000000,,RAW,RAW,,,0.0011,11.283633273124694
RAW,0.5,16,1,0.003,80640,2262035,28598,343176,11.796686903147698,,4.01806640625,48.216796875,1972.581246755124,0.00025,5.070998191833496,6.382986068725586,b2ce10ecdabd,755a9288b169,11.856650435123443,12.511101691627502,0.0003846422826771,1,S,2045568,2975280,2.357134882585179e-05,1.620580142877309e-05,,,,40.0,1000000.0,59.0,-0.000244140625,300000000,,RAW,RAW,,,0.001015,11.077743463516237
RAW,0.5,16,1,0.003,182016,5105143,48504,582048,11.762817299790385,,9.158203125,109.8984375,1643.864853416444,5e-05,5.0716705322265625,13.30740761756897,b2ce10ecdabd,755a9288b169,11.859989209527969,12.419033234882354,0.0004329539831766,1,S,2045568,2975280,5.372514504528816e-05,3.693717482052109e-05,,,,40.0,1000000.0,792.0,0.0022811119002525,300000000,,RAW,RAW,,,0.001115,11.11971219921112
RAW,0.5,16,1,0.003,410880,11524536,80843,970116,5.850392420663829,,3588.262939453125,43059.1552734375,69827.25644470668,0.0003,4.920681476593018,28.198267459869385,b2ce10ecdabd,755a9288b169,5.929837672393354,13.76725819733143,0.0446297143846715,1,S,2045568,2975280,0.0210499750061779,0.0144723035389736,,,,40.0,1000000.0,2098.0,0.964960816477002,300000000,,RAW,RAW,,,0.52166,0.2511253227647393
RAW,0.5,16,1,0.003,928128,26032025,132695,1592340,3.862924481408994,,9846.603759765623,118159.2451171875,168328.65592688066,0.00025,4.742190837860107,60.88288831710816,b2ce10ecdabd,755a9288b169,3.973592193951733,13.54298168694973,0.0744489242247258,1,S,2045568,2975280,0.057763538106378,0.0397136555608841,,,,40.0,1000000.0,4317.0,0.9809928294931376,300000000,,RAW,RAW,,,0.68518,0.0180508596303407
RAW,0.5,16,1,0.003,2096512,58801209,213412,2560944,3.379558671850348,,12733.8974609375,152806.76953125,211345.672324501,0.0002,4.743335247039795,134.3198525905609,b2ce10ecdabd,755a9288b169,3.5779484615729378,13.177031993139536,0.0599122823458849,1,S,2045568,2975280,0.074701388333827,0.0513587862423872,,,,40.0,1000000.0,8159.0,0.9166574404511124,300000000,,RAW,RAW,,,0.721455,0.0141749375071376
RAW,0.5,16,1,0.003,4735616,132815933,332441,3989292,2.9952958270170726,,14848.837646484377,178186.0517578125,222917.47204682737,0.00025,4.722347736358643,301.71863055229187,b2ce10ecdabd,755a9288b169,3.166158341152877,12.50055150647834,0.0449102246714454,1,S,2045568,2975280,0.0871083492496032,0.0598888345829006,,,,40.0,1000000.0,14681.0,0.8091693870638496,300000000,,RAW,RAW,,,0.748545,0.0070071522943908
RAW,0.5,16,1,0.003,10696320,300001987,494409,5932908,2.75934367392087,,17559.294677734375,210711.5361328125,252619.2914651975,0.0002,4.737833499908447,676.3747029304504,b2ce10ecdabd,755a9288b169,2.9221122232368977,12.34577368528843,0.0357598668309031,1,S,2045568,2975280,0.1030088152204241,0.0708207416219019,,,,40.0,1000000.0,26040.0,0.6231813586069509,300000000,,RAW,RAW,,,0.772275,0.006341705116094
RAW,0.5,16,2,0.003,35712,1002175,16510,198120,11.929027515568734,,4.96923828125,59.630859375,1739.788612931252,0.00045,5.063953876495361,3.120191812515259,b2ce10ecdabd,8fb14d84485c,11.957097515296937,12.62490144648552,0.0005451241671714,1,S,2045568,2975280,2.915124766079641e-05,2.0042100029240945e-05,,,,40.0,1000000.0,0.0,,300000000,,RAW,RAW,,,0.00104,11.219059001922608
RAW,0.5,16,2,0.003,80640,2261705,28348,340176,11.790783619155883,,7.0791015625,84.94921875,1760.2780845777506,0.00035,5.067543029785156,6.759214639663696,b2ce10ecdabd,8fb14d84485c,11.8655850406456,12.45564212460518,0.0004938620008466,1,S,2045568,2975280,4.152842572331988e-05,2.8551672027506656e-05,,,,40.0,1000000.0,83.0,-0.000244140625,300000000,,RAW,RAW,,,0.00066,11.1228026304245
RAW,0.5,16,2,0.003,182016,5104542,48215,578580,11.629129315342905,,-0.771240234375,-9.2548828125,2771.515827639103,0.00015,5.057511329650879,14.233420610427856,b2ce10ecdabd,8fb14d84485c,11.72278650842428,12.503037143945694,0.0002281447682256,1,S,2045568,2975280,-4.52435842391942e-06,-3.110592217371138e-06,,,,40.0,1000000.0,797.0,0.0035199748078732,300000000,,RAW,RAW,,,0.001795,10.719113672733307
RAW,0.5,16,2,0.003,411008,11527477,80822,969864,6.48284092899369,,2561.26806640625,30735.216796875,55838.47654673384,0.0002,4.910135269165039,30.34891629219055,b2ce10ecdabd,8fb14d84485c,6.568822814945317,13.71545003720522,0.0319343743040261,1,S,2045568,2975280,0.0150252725877971,0.0103301930564098,,,,40.0,1000000.0,2048.0,0.888916015625,300000000,,RAW,RAW,,,0.456175,0.5719579372536391
RAW,0.5,16,2,0.003,928256,26034033,132811,1593732,3.9797039557166944,,8977.575439453125,107730.9052734375,157716.38186202952,0.00045,4.782451152801514,66.03527784347534,b2ce10ecdabd,8fb14d84485c,4.079797322349886,13.577506185890734,0.0678407662015947,1,S,2045568,2975280,0.0526655213972048,0.0362086611254865,,,,40.0,1000000.0,4315.0,0.9802888837087196,300000000,,RAW,RAW,,,0.674825,0.0243185161523288
RAW,0.5,16,2,0.003,2096512,58800742,212944,2555328,3.33788232254473,,12337.01171875,148044.140625,200033.87387596045,0.0003,4.747654914855957,146.5730493068695,b2ce10ecdabd,8fb14d84485c,3.50512311160087,12.958872850394249,0.0581796152979187,1,S,2045568,2975280,0.0723731211208818,0.0497580532336452,,,,40.0,1000000.0,8114.0,0.929260419394719,300000000,,RAW,RAW,,,0.721985,0.0098385350267635
RAW,0.5,16,2,0.003,4735360,132815534,331432,3977184,3.036364116431676,,14291.083984375,171493.0078125,213206.34658894764,0.0002,4.737451553344727,327.4666531085968,b2ce10ecdabd,8fb14d84485c,3.195026511527012,12.450400604844091,0.0433633445171256,1,S,2045568,2975280,0.0838363759173491,0.0576392836346495,,,,40.0,1000000.0,14754.0,0.7995389690401755,300000000,,RAW,RAW,,,0.746035,0.0075662950443802
RAW,0.5,16,2,0.003,10696192,300002541,493308,5919696,2.7899945523545218,,16954.5634765625,203454.76171875,243541.0224260824,0.00035,4.707128047943115,733.4718153476715,b2ce10ecdabd,8fb14d84485c,2.9501069498737484,12.325332069945336,0.0346132639243636,1,S,2045568,2975280,0.099461255611522,0.06838171927306,,,,40.0,1000000.0,26061.0,0.6071385384740369,300000000,,RAW,RAW,,,0.768585,0.0057004528569814
