docs,tokens,step,weights,probe_acc,run,model_size,setting,corpus_type,level,seed,budget_mult,docs_since_window
74752,901072,584,main_at_snapshot,0.001,CURATEDF_seed1_L_base_15,L,base,CURATED,15,1,1,-4195248
83072,1001257,649,branch,0.0005,CURATEDF_seed1_L_base_15,L,base,CURATED,15,1,1,-4186928
168832,2034217,1319,main_at_snapshot,0.0005,CURATEDF_seed1_L_base_15,L,base,CURATED,15,1,1,-4101168
187520,2259419,1465,branch,0.0005,CURATEDF_seed1_L_base_15,L,base,CURATED,15,1,1,-4082480
381184,4592242,2978,main_at_snapshot,0.0005,CURATEDF_seed1_L_base_15,L,base,CURATED,15,1,1,-3888816
423552,5102709,3309,branch,0.0,CURATEDF_seed1_L_base_15,L,base,CURATED,15,1,1,-3846448
861056,10372290,6727,main_at_snapshot,0.0,CURATEDF_seed1_L_base_15,L,base,CURATED,15,1,1,-3408944
956800,11525385,7475,branch,0.001,CURATEDF_seed1_L_base_15,L,base,CURATED,15,1,1,-3313200
1944960,23429619,15195,main_at_snapshot,0.0,CURATEDF_seed1_L_base_15,L,base,CURATED,15,1,1,-2325040
2160896,26031791,16882,branch,0.0,CURATEDF_seed1_L_base_15,L,base,CURATED,15,1,1,-2109104
4270080,51439983,33360,main,1.0,CURATEDF_seed1_L_base_15,L,base,CURATED,15,1,1,80
4392960,52920765,34320,main_at_snapshot,0.8895,CURATEDF_seed1_L_base_15,L,base,CURATED,15,1,1,122960
4881024,58800178,38133,branch,0.989,CURATEDF_seed1_L_base_15,L,base,CURATED,15,1,1,611024
4770048,57462811,37266,main,0.3915,CURATEDF_seed1_L_base_15,L,base,CURATED,15,1,1,500048
5270016,63485156,41172,main,0.205,CURATEDF_seed1_L_base_15,L,base,CURATED,15,1,1,1000016
5770112,69509797,45079,main,0.0855,CURATEDF_seed1_L_base_15,L,base,CURATED,15,1,1,1500112
6270080,75532937,48985,main,0.0255,CURATEDF_seed1_L_base_15,L,base,CURATED,15,1,1,2000080
6770048,81556046,52891,main,0.0105,CURATEDF_seed1_L_base_15,L,base,CURATED,15,1,1,2500048
7270016,87579134,56797,main,0.0045,CURATEDF_seed1_L_base_15,L,base,CURATED,15,1,1,3000016
7770112,93602933,60704,main,0.0025,CURATEDF_seed1_L_base_15,L,base,CURATED,15,1,1,3500112
8270080,99626520,64610,main,0.002,CURATEDF_seed1_L_base_15,L,base,CURATED,15,1,1,4000080
8770048,105647290,68516,main,0.0015,CURATEDF_seed1_L_base_15,L,base,CURATED,15,1,1,4500048
9270016,111669552,72422,main,0.0005,CURATEDF_seed1_L_base_15,L,base,CURATED,15,1,1,5000016
9770112,117695068,76329,main,0.001,CURATEDF_seed1_L_base_15,L,base,CURATED,15,1,1,5500112
9922688,119534087,77521,main_at_snapshot,0.0,CURATEDF_seed1_L_base_15,L,base,CURATED,15,1,1,5652688
11025024,132815102,86133,branch,0.0005,CURATEDF_seed1_L_base_15,L,base,CURATED,15,1,1,6755024
10270080,123719160,80235,main,0.0005,CURATEDF_seed1_L_base_15,L,base,CURATED,15,1,1,6000080
10770048,129742461,84141,main,0.0005,CURATEDF_seed1_L_base_15,L,base,CURATED,15,1,1,6500048
11270016,135767351,88047,main,0.0,CURATEDF_seed1_L_base_15,L,base,CURATED,15,1,1,7000016
11770112,141791686,91954,main,0.0,CURATEDF_seed1_L_base_15,L,base,CURATED,15,1,1,7500112
12270080,147813850,95860,main,0.0,CURATEDF_seed1_L_base_15,L,base,CURATED,15,1,1,8000080
12770048,153836575,99766,main,0.0,CURATEDF_seed1_L_base_15,L,base,CURATED,15,1,1,8500048
13270016,159858994,103672,main,0.0005,CURATEDF_seed1_L_base_15,L,base,CURATED,15,1,1,9000016
13770112,165882275,107579,main,0.0005,CURATEDF_seed1_L_base_15,L,base,CURATED,15,1,1,9500112
14270080,171906270,111485,main,0.0,CURATEDF_seed1_L_base_15,L,base,CURATED,15,1,1,10000080
14770048,177929394,115391,main,0.0005,CURATEDF_seed1_L_base_15,L,base,CURATED,15,1,1,10500048
15270016,183953795,119297,main,0.0005,CURATEDF_seed1_L_base_15,L,base,CURATED,15,1,1,11000016
15770112,189978859,123204,main,0.001,CURATEDF_seed1_L_base_15,L,base,CURATED,15,1,1,11500112
16270080,196001610,127110,main,0.0005,CURATEDF_seed1_L_base_15,L,base,CURATED,15,1,1,12000080
16770048,202025680,131016,main,0.0005,CURATEDF_seed1_L_base_15,L,base,CURATED,15,1,1,12500048
17270016,208048526,134922,main,0.0005,CURATEDF_seed1_L_base_15,L,base,CURATED,15,1,1,13000016
17770112,214072814,138829,main,0.0,CURATEDF_seed1_L_base_15,L,base,CURATED,15,1,1,13500112
18270080,220097010,142735,main,0.0,CURATEDF_seed1_L_base_15,L,base,CURATED,15,1,1,14000080
18770048,226119768,146641,main,0.0,CURATEDF_seed1_L_base_15,L,base,CURATED,15,1,1,14500048
19270016,232144287,150547,main,0.0,CURATEDF_seed1_L_base_15,L,base,CURATED,15,1,1,15000016
19770112,238167895,154454,main,0.0,CURATEDF_seed1_L_base_15,L,base,CURATED,15,1,1,15500112
20270080,244188395,158360,main,0.0,CURATEDF_seed1_L_base_15,L,base,CURATED,15,1,1,16000080
20770048,250211159,162266,main,0.001,CURATEDF_seed1_L_base_15,L,base,CURATED,15,1,1,16500048
21270016,256232369,166172,main,0.0,CURATEDF_seed1_L_base_15,L,base,CURATED,15,1,1,17000016
21770112,262256025,170079,main,0.0,CURATEDF_seed1_L_base_15,L,base,CURATED,15,1,1,17500112
22270080,268279962,173985,main,0.0005,CURATEDF_seed1_L_base_15,L,base,CURATED,15,1,1,18000080
22412928,270001188,175101,main_at_snapshot,0.0015,CURATEDF_seed1_L_base_15,L,base,CURATED,15,1,1,18142928
24903168,300000660,194556,branch,0.001,CURATEDF_seed1_L_base_15,L,base,CURATED,15,1,1,20633168
74752,901072,584,main_at_snapshot,0.001,CURATEDF_seed1_L_base_8,L,base,CURATED,8,1,1,-4195248
83072,1001257,649,branch,0.0005,CURATEDF_seed1_L_base_8,L,base,CURATED,8,1,1,-4186928
168832,2034217,1319,main_at_snapshot,0.0005,CURATEDF_seed1_L_base_8,L,base,CURATED,8,1,1,-4101168
187520,2259419,1465,branch,0.0005,CURATEDF_seed1_L_base_8,L,base,CURATED,8,1,1,-4082480
381184,4592242,2978,main_at_snapshot,0.0,CURATEDF_seed1_L_base_8,L,base,CURATED,8,1,1,-3888816
423552,5102709,3309,branch,0.0005,CURATEDF_seed1_L_base_8,L,base,CURATED,8,1,1,-3846448
861056,10372290,6727,main_at_snapshot,0.0,CURATEDF_seed1_L_base_8,L,base,CURATED,8,1,1,-3408944
956800,11525385,7475,branch,0.0005,CURATEDF_seed1_L_base_8,L,base,CURATED,8,1,1,-3313200
1944960,23429619,15195,main_at_snapshot,0.0,CURATEDF_seed1_L_base_8,L,base,CURATED,8,1,1,-2325040
2160896,26031791,16882,branch,0.001,CURATEDF_seed1_L_base_8,L,base,CURATED,8,1,1,-2109104
4270080,51439983,33360,main,0.5815,CURATEDF_seed1_L_base_8,L,base,CURATED,8,1,1,80
4392960,52920765,34320,main_at_snapshot,0.0005,CURATEDF_seed1_L_base_8,L,base,CURATED,8,1,1,122960
4881024,58800178,38133,branch,0.0095,CURATEDF_seed1_L_base_8,L,base,CURATED,8,1,1,611024
4770048,57462811,37266,main,0.0005,CURATEDF_seed1_L_base_8,L,base,CURATED,8,1,1,500048
5270016,63485156,41172,main,0.0005,CURATEDF_seed1_L_base_8,L,base,CURATED,8,1,1,1000016
5770112,69509797,45079,main,0.0,CURATEDF_seed1_L_base_8,L,base,CURATED,8,1,1,1500112
6270080,75532937,48985,main,0.0005,CURATEDF_seed1_L_base_8,L,base,CURATED,8,1,1,2000080
6770048,81556046,52891,main,0.0,CURATEDF_seed1_L_base_8,L,base,CURATED,8,1,1,2500048
7270016,87579134,56797,main,0.0,CURATEDF_seed1_L_base_8,L,base,CURATED,8,1,1,3000016
7770112,93602933,60704,main,0.001,CURATEDF_seed1_L_base_8,L,base,CURATED,8,1,1,3500112
8270080,99626520,64610,main,0.0005,CURATEDF_seed1_L_base_8,L,base,CURATED,8,1,1,4000080
8770048,105647290,68516,main,0.0,CURATEDF_seed1_L_base_8,L,base,CURATED,8,1,1,4500048
9270016,111669552,72422,main,0.0,CURATEDF_seed1_L_base_8,L,base,CURATED,8,1,1,5000016
9770112,117695068,76329,main,0.0005,CURATEDF_seed1_L_base_8,L,base,CURATED,8,1,1,5500112
9922688,119534087,77521,main_at_snapshot,0.0005,CURATEDF_seed1_L_base_8,L,base,CURATED,8,1,1,5652688
11025024,132815102,86133,branch,0.001,CURATEDF_seed1_L_base_8,L,base,CURATED,8,1,1,6755024
10270080,123719160,80235,main,0.0015,CURATEDF_seed1_L_base_8,L,base,CURATED,8,1,1,6000080
10770048,129742461,84141,main,0.0005,CURATEDF_seed1_L_base_8,L,base,CURATED,8,1,1,6500048
11270016,135767351,88047,main,0.0,CURATEDF_seed1_L_base_8,L,base,CURATED,8,1,1,7000016
11770112,141791686,91954,main,0.001,CURATEDF_seed1_L_base_8,L,base,CURATED,8,1,1,7500112
12270080,147813850,95860,main,0.001,CURATEDF_seed1_L_base_8,L,base,CURATED,8,1,1,8000080
12770048,153836575,99766,main,0.0,CURATEDF_seed1_L_base_8,L,base,CURATED,8,1,1,8500048
13270016,159858994,103672,main,0.0,CURATEDF_seed1_L_base_8,L,base,CURATED,8,1,1,9000016
13770112,165882275,107579,main,0.0,CURATEDF_seed1_L_base_8,L,base,CURATED,8,1,1,9500112
14270080,171906270,111485,main,0.0,CURATEDF_seed1_L_base_8,L,base,CURATED,8,1,1,10000080
14770048,177929394,115391,main,0.0005,CURATEDF_seed1_L_base_8,L,base,CURATED,8,1,1,10500048
15270016,183953795,119297,main,0.0005,CURATEDF_seed1_L_base_8,L,base,CURATED,8,1,1,11000016
15770112,189978859,123204,main,0.0,CURATEDF_seed1_L_base_8,L,base,CURATED,8,1,1,11500112
16270080,196001610,127110,main,0.0,CURATEDF_seed1_L_base_8,L,base,CURATED,8,1,1,12000080
16770048,202025680,131016,main,0.0,CURATEDF_seed1_L_base_8,L,base,CURATED,8,1,1,12500048
17270016,208048526,134922,main,0.0005,CURATEDF_seed1_L_base_8,L,base,CURATED,8,1,1,13000016
17770112,214072814,138829,main,0.0005,CURATEDF_seed1_L_base_8,L,base,CURATED,8,1,1,13500112
18270080,220097010,142735,main,0.001,CURATEDF_seed1_L_base_8,L,base,CURATED,8,1,1,14000080
18770048,226119768,146641,main,0.0,CURATEDF_seed1_L_base_8,L,base,CURATED,8,1,1,14500048
19270016,232144287,150547,main,0.0,CURATEDF_seed1_L_base_8,L,base,CURATED,8,1,1,15000016
19770112,238167895,154454,main,0.0,CURATEDF_seed1_L_base_8,L,base,CURATED,8,1,1,15500112
20270080,244188395,158360,main,0.0,CURATEDF_seed1_L_base_8,L,base,CURATED,8,1,1,16000080
20770048,250211159,162266,main,0.0005,CURATEDF_seed1_L_base_8,L,base,CURATED,8,1,1,16500048
21270016,256232369,166172,main,0.0005,CURATEDF_seed1_L_base_8,L,base,CURATED,8,1,1,17000016
21770112,262256025,170079,main,0.0005,CURATEDF_seed1_L_base_8,L,base,CURATED,8,1,1,17500112
22270080,268279962,173985,main,0.0005,CURATEDF_seed1_L_base_8,L,base,CURATED,8,1,1,18000080
22412928,270001188,175101,main_at_snapshot,0.0,CURATEDF_seed1_L_base_8,L,base,CURATED,8,1,1,18142928
24903168,300000660,194556,branch,0.0,CURATEDF_seed1_L_base_8,L,base,CURATED,8,1,1,20633168
74752,900365,584,main_at_snapshot,0.0015,CURATEDF_seed2_L_base_15,L,base,CURATED,15,2,1,-4195248
83072,1000576,649,branch,0.0005,CURATEDF_seed2_L_base_15,L,base,CURATED,15,2,1,-4186928
168832,2033386,1319,main_at_snapshot,0.0,CURATEDF_seed2_L_base_15,L,base,CURATED,15,2,1,-4101168
187648,2259826,1466,branch,0.0,CURATEDF_seed2_L_base_15,L,base,CURATED,15,2,1,-4082352
381312,4592844,2979,main_at_snapshot,0.0,CURATEDF_seed2_L_base_15,L,base,CURATED,15,2,1,-3888688
423680,5103316,3310,branch,0.0005,CURATEDF_seed2_L_base_15,L,base,CURATED,15,2,1,-3846320
861184,10373037,6728,main_at_snapshot,0.0005,CURATEDF_seed2_L_base_15,L,base,CURATED,15,2,1,-3408816
956800,11525059,7475,branch,0.001,CURATEDF_seed2_L_base_15,L,base,CURATED,15,2,1,-3313200
1944832,23428614,15194,main_at_snapshot,0.0,CURATEDF_seed2_L_base_15,L,base,CURATED,15,2,1,-2325168
2160896,26032521,16882,branch,0.0,CURATEDF_seed2_L_base_15,L,base,CURATED,15,2,1,-2109104
4270080,51439850,33360,main,0.9995,CURATEDF_seed2_L_base_15,L,base,CURATED,15,2,1,80
4392960,52920254,34320,main_at_snapshot,0.984,CURATEDF_seed2_L_base_15,L,base,CURATED,15,2,1,122960
4881024,58800778,38133,branch,0.9985,CURATEDF_seed2_L_base_15,L,base,CURATED,15,2,1,611024
4770048,57463157,37266,main,0.732,CURATEDF_seed2_L_base_15,L,base,CURATED,15,2,1,500048
5270016,63485899,41172,main,0.372,CURATEDF_seed2_L_base_15,L,base,CURATED,15,2,1,1000016
5770112,69511622,45079,main,0.127,CURATEDF_seed2_L_base_15,L,base,CURATED,15,2,1,1500112
6270080,75536801,48985,main,0.0265,CURATEDF_seed2_L_base_15,L,base,CURATED,15,2,1,2000080
6770048,81560874,52891,main,0.0095,CURATEDF_seed2_L_base_15,L,base,CURATED,15,2,1,2500048
7270016,87583207,56797,main,0.005,CURATEDF_seed2_L_base_15,L,base,CURATED,15,2,1,3000016
7770112,93608136,60704,main,0.0035,CURATEDF_seed2_L_base_15,L,base,CURATED,15,2,1,3500112
8270080,99630882,64610,main,0.0005,CURATEDF_seed2_L_base_15,L,base,CURATED,15,2,1,4000080
8770048,105654981,68516,main,0.0005,CURATEDF_seed2_L_base_15,L,base,CURATED,15,2,1,4500048
9270016,111678521,72422,main,0.001,CURATEDF_seed2_L_base_15,L,base,CURATED,15,2,1,5000016
9770112,117703197,76329,main,0.0005,CURATEDF_seed2_L_base_15,L,base,CURATED,15,2,1,5500112
9922048,119534388,77516,main_at_snapshot,0.0005,CURATEDF_seed2_L_base_15,L,base,CURATED,15,2,1,5652048
11024384,132815010,86128,branch,0.0,CURATEDF_seed2_L_base_15,L,base,CURATED,15,2,1,6754384
10270080,123726517,80235,main,0.0005,CURATEDF_seed2_L_base_15,L,base,CURATED,15,2,1,6000080
10770048,129750947,84141,main,0.0,CURATEDF_seed2_L_base_15,L,base,CURATED,15,2,1,6500048
11270016,135773426,88047,main,0.0005,CURATEDF_seed2_L_base_15,L,base,CURATED,15,2,1,7000016
11770112,141799277,91954,main,0.0015,CURATEDF_seed2_L_base_15,L,base,CURATED,15,2,1,7500112
12270080,147821575,95860,main,0.0005,CURATEDF_seed2_L_base_15,L,base,CURATED,15,2,1,8000080
12770048,153844830,99766,main,0.0005,CURATEDF_seed2_L_base_15,L,base,CURATED,15,2,1,8500048
13270016,159869104,103672,main,0.0005,CURATEDF_seed2_L_base_15,L,base,CURATED,15,2,1,9000016
13770112,165895595,107579,main,0.0,CURATEDF_seed2_L_base_15,L,base,CURATED,15,2,1,9500112
14270080,171919547,111485,main,0.0,CURATEDF_seed2_L_base_15,L,base,CURATED,15,2,1,10000080
14770048,177944653,115391,main,0.0,CURATEDF_seed2_L_base_15,L,base,CURATED,15,2,1,10500048
15270016,183969709,119297,main,0.0,CURATEDF_seed2_L_base_15,L,base,CURATED,15,2,1,11000016
15770112,189994801,123204,main,0.0,CURATEDF_seed2_L_base_15,L,base,CURATED,15,2,1,11500112
16270080,196017179,127110,main,0.001,CURATEDF_seed2_L_base_15,L,base,CURATED,15,2,1,12000080
16770048,202040445,131016,main,0.0005,CURATEDF_seed2_L_base_15,L,base,CURATED,15,2,1,12500048
17270016,208062333,134922,main,0.0,CURATEDF_seed2_L_base_15,L,base,CURATED,15,2,1,13000016
17770112,214087922,138829,main,0.0,CURATEDF_seed2_L_base_15,L,base,CURATED,15,2,1,13500112
18270080,220111645,142735,main,0.0005,CURATEDF_seed2_L_base_15,L,base,CURATED,15,2,1,14000080
18770048,226135559,146641,main,0.0,CURATEDF_seed2_L_base_15,L,base,CURATED,15,2,1,14500048
19270016,232159343,150547,main,0.0,CURATEDF_seed2_L_base_15,L,base,CURATED,15,2,1,15000016
19770112,238183737,154454,main,0.0005,CURATEDF_seed2_L_base_15,L,base,CURATED,15,2,1,15500112
20270080,244206891,158360,main,0.0,CURATEDF_seed2_L_base_15,L,base,CURATED,15,2,1,16000080
20770048,250229179,162266,main,0.0005,CURATEDF_seed2_L_base_15,L,base,CURATED,15,2,1,16500048
21270016,256251688,166172,main,0.0,CURATEDF_seed2_L_base_15,L,base,CURATED,15,2,1,17000016
21770112,262273799,170079,main,0.0005,CURATEDF_seed2_L_base_15,L,base,CURATED,15,2,1,17500112
22270080,268297437,173985,main,0.0,CURATEDF_seed2_L_base_15,L,base,CURATED,15,2,1,18000080
22411392,270000165,175089,main_at_snapshot,0.0,CURATEDF_seed2_L_base_15,L,base,CURATED,15,2,1,18141392
24901760,300001013,194545,branch,0.0005,CURATEDF_seed2_L_base_15,L,base,CURATED,15,2,1,20631760
74752,900365,584,main_at_snapshot,0.0015,CURATEDF_seed2_L_base_8,L,base,CURATED,8,2,1,-4195248
83072,1000576,649,branch,0.0005,CURATEDF_seed2_L_base_8,L,base,CURATED,8,2,1,-4186928
168832,2033386,1319,main_at_snapshot,0.0,CURATEDF_seed2_L_base_8,L,base,CURATED,8,2,1,-4101168
187648,2259826,1466,branch,0.0,CURATEDF_seed2_L_base_8,L,base,CURATED,8,2,1,-4082352
381312,4592844,2979,main_at_snapshot,0.0,CURATEDF_seed2_L_base_8,L,base,CURATED,8,2,1,-3888688
423680,5103316,3310,branch,0.0,CURATEDF_seed2_L_base_8,L,base,CURATED,8,2,1,-3846320
861184,10373037,6728,main_at_snapshot,0.0005,CURATEDF_seed2_L_base_8,L,base,CURATED,8,2,1,-3408816
956800,11525059,7475,branch,0.0005,CURATEDF_seed2_L_base_8,L,base,CURATED,8,2,1,-3313200
1944832,23428614,15194,main_at_snapshot,0.0,CURATEDF_seed2_L_base_8,L,base,CURATED,8,2,1,-2325168
2160896,26032521,16882,branch,0.0005,CURATEDF_seed2_L_base_8,L,base,CURATED,8,2,1,-2109104
4270080,51439850,33360,main,0.9835,CURATEDF_seed2_L_base_8,L,base,CURATED,8,2,1,80
4392960,52920254,34320,main_at_snapshot,0.442,CURATEDF_seed2_L_base_8,L,base,CURATED,8,2,1,122960
4881024,58800778,38133,branch,0.671,CURATEDF_seed2_L_base_8,L,base,CURATED,8,2,1,611024
4770048,57463157,37266,main,0.0385,CURATEDF_seed2_L_base_8,L,base,CURATED,8,2,1,500048
5270016,63485899,41172,main,0.011,CURATEDF_seed2_L_base_8,L,base,CURATED,8,2,1,1000016
5770112,69511622,45079,main,0.012,CURATEDF_seed2_L_base_8,L,base,CURATED,8,2,1,1500112
6270080,75536801,48985,main,0.0095,CURATEDF_seed2_L_base_8,L,base,CURATED,8,2,1,2000080
6770048,81560874,52891,main,0.004,CURATEDF_seed2_L_base_8,L,base,CURATED,8,2,1,2500048
7270016,87583207,56797,main,0.005,CURATEDF_seed2_L_base_8,L,base,CURATED,8,2,1,3000016
7770112,93608136,60704,main,0.002,CURATEDF_seed2_L_base_8,L,base,CURATED,8,2,1,3500112
8270080,99630882,64610,main,0.0015,CURATEDF_seed2_L_base_8,L,base,CURATED,8,2,1,4000080
8770048,105654981,68516,main,0.0005,CURATEDF_seed2_L_base_8,L,base,CURATED,8,2,1,4500048
9270016,111678521,72422,main,0.0005,CURATEDF_seed2_L_base_8,L,base,CURATED,8,2,1,5000016
9770112,117703197,76329,main,0.0,CURATEDF_seed2_L_base_8,L,base,CURATED,8,2,1,5500112
9922048,119534388,77516,main_at_snapshot,0.0005,CURATEDF_seed2_L_base_8,L,base,CURATED,8,2,1,5652048
11024384,132815010,86128,branch,0.0005,CURATEDF_seed2_L_base_8,L,base,CURATED,8,2,1,6754384
10270080,123726517,80235,main,0.0005,CURATEDF_seed2_L_base_8,L,base,CURATED,8,2,1,6000080
10770048,129750947,84141,main,0.001,CURATEDF_seed2_L_base_8,L,base,CURATED,8,2,1,6500048
11270016,135773426,88047,main,0.0,CURATEDF_seed2_L_base_8,L,base,CURATED,8,2,1,7000016
11770112,141799277,91954,main,0.001,CURATEDF_seed2_L_base_8,L,base,CURATED,8,2,1,7500112
12270080,147821575,95860,main,0.0,CURATEDF_seed2_L_base_8,L,base,CURATED,8,2,1,8000080
12770048,153844830,99766,main,0.0015,CURATEDF_seed2_L_base_8,L,base,CURATED,8,2,1,8500048
13270016,159869104,103672,main,0.0,CURATEDF_seed2_L_base_8,L,base,CURATED,8,2,1,9000016
13770112,165895595,107579,main,0.0,CURATEDF_seed2_L_base_8,L,base,CURATED,8,2,1,9500112
14270080,171919547,111485,main,0.002,CURATEDF_seed2_L_base_8,L,base,CURATED,8,2,1,10000080
14770048,177944653,115391,main,0.0005,CURATEDF_seed2_L_base_8,L,base,CURATED,8,2,1,10500048
15270016,183969709,119297,main,0.0005,CURATEDF_seed2_L_base_8,L,base,CURATED,8,2,1,11000016
15770112,189994801,123204,main,0.0005,CURATEDF_seed2_L_base_8,L,base,CURATED,8,2,1,11500112
16270080,196017179,127110,main,0.0015,CURATEDF_seed2_L_base_8,L,base,CURATED,8,2,1,12000080
16770048,202040445,131016,main,0.0,CURATEDF_seed2_L_base_8,L,base,CURATED,8,2,1,12500048
17270016,208062333,134922,main,0.0,CURATEDF_seed2_L_base_8,L,base,CURATED,8,2,1,13000016
17770112,214087922,138829,main,0.001,CURATEDF_seed2_L_base_8,L,base,CURATED,8,2,1,13500112
18270080,220111645,142735,main,0.0,CURATEDF_seed2_L_base_8,L,base,CURATED,8,2,1,14000080
18770048,226135559,146641,main,0.001,CURATEDF_seed2_L_base_8,L,base,CURATED,8,2,1,14500048
19270016,232159343,150547,main,0.0,CURATEDF_seed2_L_base_8,L,base,CURATED,8,2,1,15000016
19770112,238183737,154454,main,0.002,CURATEDF_seed2_L_base_8,L,base,CURATED,8,2,1,15500112
20270080,244206891,158360,main,0.0,CURATEDF_seed2_L_base_8,L,base,CURATED,8,2,1,16000080
20770048,250229179,162266,main,0.0005,CURATEDF_seed2_L_base_8,L,base,CURATED,8,2,1,16500048
21270016,256251688,166172,main,0.0,CURATEDF_seed2_L_base_8,L,base,CURATED,8,2,1,17000016
21770112,262273799,170079,main,0.0005,CURATEDF_seed2_L_base_8,L,base,CURATED,8,2,1,17500112
22270080,268297437,173985,main,0.0,CURATEDF_seed2_L_base_8,L,base,CURATED,8,2,1,18000080
22411392,270000165,175089,main_at_snapshot,0.0005,CURATEDF_seed2_L_base_8,L,base,CURATED,8,2,1,18141392
24901760,300001013,194545,branch,0.001,CURATEDF_seed2_L_base_8,L,base,CURATED,8,2,1,20631760
74752,900140,584,main_at_snapshot,0.0,CURATEDF_seed3_L_base,L,base,CURATED,30,3,1,-4195248
83072,1000430,649,branch,0.0,CURATEDF_seed3_L_base,L,base,CURATED,30,3,1,-4186928
168832,2033715,1319,main_at_snapshot,0.001,CURATEDF_seed3_L_base,L,base,CURATED,30,3,1,-4101168
187520,2258949,1465,branch,0.0,CURATEDF_seed3_L_base,L,base,CURATED,30,3,1,-4082480
381312,4592948,2979,main_at_snapshot,0.0005,CURATEDF_seed3_L_base,L,base,CURATED,30,3,1,-3888688
423680,5103645,3310,branch,0.0,CURATEDF_seed3_L_base,L,base,CURATED,30,3,1,-3846320
861056,10373455,6727,main_at_snapshot,0.0005,CURATEDF_seed3_L_base,L,base,CURATED,30,3,1,-3408944
956672,11525473,7474,branch,0.0,CURATEDF_seed3_L_base,L,base,CURATED,30,3,1,-3313328
1944832,23428800,15194,main_at_snapshot,0.0,CURATEDF_seed3_L_base,L,base,CURATED,30,3,1,-2325168
2161024,26032537,16883,branch,0.0,CURATEDF_seed3_L_base,L,base,CURATED,30,3,1,-2108976
4270080,51441823,33360,main,1.0,CURATEDF_seed3_L_base,L,base,CURATED,30,3,1,80
4392832,52920047,34319,main_at_snapshot,0.988,CURATEDF_seed3_L_base,L,base,CURATED,30,3,1,122832
4881024,58800005,38133,branch,0.987,CURATEDF_seed3_L_base,L,base,CURATED,30,3,1,611024
4770048,57462823,37266,main,0.6125,CURATEDF_seed3_L_base,L,base,CURATED,30,3,1,500048
5270016,63485257,41172,main,0.1765,CURATEDF_seed3_L_base,L,base,CURATED,30,3,1,1000016
5770112,69509630,45079,main,0.0565,CURATEDF_seed3_L_base,L,base,CURATED,30,3,1,1500112
6270080,75533834,48985,main,0.0215,CURATEDF_seed3_L_base,L,base,CURATED,30,3,1,2000080
6770048,81556908,52891,main,0.0125,CURATEDF_seed3_L_base,L,base,CURATED,30,3,1,2500048
7270016,87580061,56797,main,0.0095,CURATEDF_seed3_L_base,L,base,CURATED,30,3,1,3000016
7770112,93604945,60704,main,0.0045,CURATEDF_seed3_L_base,L,base,CURATED,30,3,1,3500112
8270080,99626419,64610,main,0.0055,CURATEDF_seed3_L_base,L,base,CURATED,30,3,1,4000080
8770048,105649694,68516,main,0.003,CURATEDF_seed3_L_base,L,base,CURATED,30,3,1,4500048
9270016,111673829,72422,main,0.001,CURATEDF_seed3_L_base,L,base,CURATED,30,3,1,5000016
9770112,117699895,76329,main,0.0015,CURATEDF_seed3_L_base,L,base,CURATED,30,3,1,5500112
9922432,119533906,77519,main_at_snapshot,0.0015,CURATEDF_seed3_L_base,L,base,CURATED,30,3,1,5652432
11024896,132816016,86132,branch,0.0015,CURATEDF_seed3_L_base,L,base,CURATED,30,3,1,6754896
10270080,123722908,80235,main,0.002,CURATEDF_seed3_L_base,L,base,CURATED,30,3,1,6000080
10770048,129745394,84141,main,0.0025,CURATEDF_seed3_L_base,L,base,CURATED,30,3,1,6500048
11270016,135768183,88047,main,0.001,CURATEDF_seed3_L_base,L,base,CURATED,30,3,1,7000016
11770112,141795388,91954,main,0.001,CURATEDF_seed3_L_base,L,base,CURATED,30,3,1,7500112
12270080,147817097,95860,main,0.0,CURATEDF_seed3_L_base,L,base,CURATED,30,3,1,8000080
12770048,153840300,99766,main,0.002,CURATEDF_seed3_L_base,L,base,CURATED,30,3,1,8500048
13270016,159864303,103672,main,0.0005,CURATEDF_seed3_L_base,L,base,CURATED,30,3,1,9000016
13770112,165889300,107579,main,0.001,CURATEDF_seed3_L_base,L,base,CURATED,30,3,1,9500112
14270080,171911056,111485,main,0.0015,CURATEDF_seed3_L_base,L,base,CURATED,30,3,1,10000080
14770048,177932632,115391,main,0.0015,CURATEDF_seed3_L_base,L,base,CURATED,30,3,1,10500048
15270016,183954954,119297,main,0.002,CURATEDF_seed3_L_base,L,base,CURATED,30,3,1,11000016
15770112,189978368,123204,main,0.002,CURATEDF_seed3_L_base,L,base,CURATED,30,3,1,11500112
16270080,196001490,127110,main,0.0005,CURATEDF_seed3_L_base,L,base,CURATED,30,3,1,12000080
16770048,202025371,131016,main,0.0,CURATEDF_seed3_L_base,L,base,CURATED,30,3,1,12500048
17270016,208048775,134922,main,0.0005,CURATEDF_seed3_L_base,L,base,CURATED,30,3,1,13000016
17770112,214072525,138829,main,0.0005,CURATEDF_seed3_L_base,L,base,CURATED,30,3,1,13500112
18270080,220093947,142735,main,0.001,CURATEDF_seed3_L_base,L,base,CURATED,30,3,1,14000080
18770048,226114575,146641,main,0.0005,CURATEDF_seed3_L_base,L,base,CURATED,30,3,1,14500048
19270016,232137103,150547,main,0.0005,CURATEDF_seed3_L_base,L,base,CURATED,30,3,1,15000016
19770112,238161783,154454,main,0.0005,CURATEDF_seed3_L_base,L,base,CURATED,30,3,1,15500112
20270080,244185227,158360,main,0.0005,CURATEDF_seed3_L_base,L,base,CURATED,30,3,1,16000080
20770048,250208384,162266,main,0.0005,CURATEDF_seed3_L_base,L,base,CURATED,30,3,1,16500048
21270016,256230129,166172,main,0.001,CURATEDF_seed3_L_base,L,base,CURATED,30,3,1,17000016
21770112,262255153,170079,main,0.0005,CURATEDF_seed3_L_base,L,base,CURATED,30,3,1,17500112
22270080,268278854,173985,main,0.0,CURATEDF_seed3_L_base,L,base,CURATED,30,3,1,18000080
22413056,270001051,175102,main_at_snapshot,0.001,CURATEDF_seed3_L_base,L,base,CURATED,30,3,1,18143056
24903296,300000701,194557,branch,0.001,CURATEDF_seed3_L_base,L,base,CURATED,30,3,1,20633296
74752,900140,584,main_at_snapshot,0.0005,CURATEDF_seed3_M_base,M,base,CURATED,100,3,1,-4195248
83072,1000430,649,branch,0.0005,CURATEDF_seed3_M_base,M,base,CURATED,100,3,1,-4186928
168832,2033715,1319,main_at_snapshot,0.0005,CURATEDF_seed3_M_base,M,base,CURATED,100,3,1,-4101168
187520,2258949,1465,branch,0.0005,CURATEDF_seed3_M_base,M,base,CURATED,100,3,1,-4082480
381312,4592948,2979,main_at_snapshot,0.001,CURATEDF_seed3_M_base,M,base,CURATED,100,3,1,-3888688
423680,5103645,3310,branch,0.0005,CURATEDF_seed3_M_base,M,base,CURATED,100,3,1,-3846320
861056,10373455,6727,main_at_snapshot,0.001,CURATEDF_seed3_M_base,M,base,CURATED,100,3,1,-3408944
956672,11525473,7474,branch,0.0015,CURATEDF_seed3_M_base,M,base,CURATED,100,3,1,-3313328
1944832,23428800,15194,main_at_snapshot,0.0,CURATEDF_seed3_M_base,M,base,CURATED,100,3,1,-2325168
2161024,26032537,16883,branch,0.0005,CURATEDF_seed3_M_base,M,base,CURATED,100,3,1,-2108976
4270080,51441823,33360,main,1.0,CURATEDF_seed3_M_base,M,base,CURATED,100,3,1,80
4392832,52920047,34319,main_at_snapshot,0.933,CURATEDF_seed3_M_base,M,base,CURATED,100,3,1,122832
4881024,58800005,38133,branch,0.897,CURATEDF_seed3_M_base,M,base,CURATED,100,3,1,611024
4770048,57462823,37266,main,0.3025,CURATEDF_seed3_M_base,M,base,CURATED,100,3,1,500048
5270016,63485257,41172,main,0.074,CURATEDF_seed3_M_base,M,base,CURATED,100,3,1,1000016
5770112,69509630,45079,main,0.02,CURATEDF_seed3_M_base,M,base,CURATED,100,3,1,1500112
6270080,75533834,48985,main,0.015,CURATEDF_seed3_M_base,M,base,CURATED,100,3,1,2000080
6770048,81556908,52891,main,0.0075,CURATEDF_seed3_M_base,M,base,CURATED,100,3,1,2500048
7270016,87580061,56797,main,0.004,CURATEDF_seed3_M_base,M,base,CURATED,100,3,1,3000016
7770112,93604945,60704,main,0.003,CURATEDF_seed3_M_base,M,base,CURATED,100,3,1,3500112
8270080,99626419,64610,main,0.0025,CURATEDF_seed3_M_base,M,base,CURATED,100,3,1,4000080
8770048,105649694,68516,main,0.001,CURATEDF_seed3_M_base,M,base,CURATED,100,3,1,4500048
9270016,111673829,72422,main,0.002,CURATEDF_seed3_M_base,M,base,CURATED,100,3,1,5000016
9770112,117699895,76329,main,0.001,CURATEDF_seed3_M_base,M,base,CURATED,100,3,1,5500112
9922432,119533906,77519,main_at_snapshot,0.0025,CURATEDF_seed3_M_base,M,base,CURATED,100,3,1,5652432
11024896,132816016,86132,branch,0.0035,CURATEDF_seed3_M_base,M,base,CURATED,100,3,1,6754896
10270080,123722908,80235,main,0.0015,CURATEDF_seed3_M_base,M,base,CURATED,100,3,1,6000080
10770048,129745394,84141,main,0.0005,CURATEDF_seed3_M_base,M,base,CURATED,100,3,1,6500048
11270016,135768183,88047,main,0.001,CURATEDF_seed3_M_base,M,base,CURATED,100,3,1,7000016
11770112,141795388,91954,main,0.0005,CURATEDF_seed3_M_base,M,base,CURATED,100,3,1,7500112
12270080,147817097,95860,main,0.001,CURATEDF_seed3_M_base,M,base,CURATED,100,3,1,8000080
12770048,153840300,99766,main,0.0015,CURATEDF_seed3_M_base,M,base,CURATED,100,3,1,8500048
13270016,159864303,103672,main,0.001,CURATEDF_seed3_M_base,M,base,CURATED,100,3,1,9000016
13770112,165889300,107579,main,0.0,CURATEDF_seed3_M_base,M,base,CURATED,100,3,1,9500112
14270080,171911056,111485,main,0.002,CURATEDF_seed3_M_base,M,base,CURATED,100,3,1,10000080
14770048,177932632,115391,main,0.002,CURATEDF_seed3_M_base,M,base,CURATED,100,3,1,10500048
15270016,183954954,119297,main,0.001,CURATEDF_seed3_M_base,M,base,CURATED,100,3,1,11000016
15770112,189978368,123204,main,0.0005,CURATEDF_seed3_M_base,M,base,CURATED,100,3,1,11500112
16270080,196001490,127110,main,0.001,CURATEDF_seed3_M_base,M,base,CURATED,100,3,1,12000080
16770048,202025371,131016,main,0.0005,CURATEDF_seed3_M_base,M,base,CURATED,100,3,1,12500048
17270016,208048775,134922,main,0.0005,CURATEDF_seed3_M_base,M,base,CURATED,100,3,1,13000016
17770112,214072525,138829,main,0.0,CURATEDF_seed3_M_base,M,base,CURATED,100,3,1,13500112
18270080,220093947,142735,main,0.0,CURATEDF_seed3_M_base,M,base,CURATED,100,3,1,14000080
18770048,226114575,146641,main,0.0,CURATEDF_seed3_M_base,M,base,CURATED,100,3,1,14500048
19270016,232137103,150547,main,0.0005,CURATEDF_seed3_M_base,M,base,CURATED,100,3,1,15000016
19770112,238161783,154454,main,0.0,CURATEDF_seed3_M_base,M,base,CURATED,100,3,1,15500112
20270080,244185227,158360,main,0.001,CURATEDF_seed3_M_base,M,base,CURATED,100,3,1,16000080
20770048,250208384,162266,main,0.001,CURATEDF_seed3_M_base,M,base,CURATED,100,3,1,16500048
21270016,256230129,166172,main,0.001,CURATEDF_seed3_M_base,M,base,CURATED,100,3,1,17000016
21770112,262255153,170079,main,0.001,CURATEDF_seed3_M_base,M,base,CURATED,100,3,1,17500112
22270080,268278854,173985,main,0.0,CURATEDF_seed3_M_base,M,base,CURATED,100,3,1,18000080
22413056,270001051,175102,main_at_snapshot,0.001,CURATEDF_seed3_M_base,M,base,CURATED,100,3,1,18143056
24903296,300000701,194557,branch,0.0,CURATEDF_seed3_M_base,M,base,CURATED,100,3,1,20633296
74752,900140,584,main_at_snapshot,0.0,CURATEDF_seed3_S_base,S,base,CURATED,300,3,1,-4195248
83072,1000430,649,branch,0.0,CURATEDF_seed3_S_base,S,base,CURATED,300,3,1,-4186928
168832,2033715,1319,main_at_snapshot,0.0005,CURATEDF_seed3_S_base,S,base,CURATED,300,3,1,-4101168
187520,2258949,1465,branch,0.001,CURATEDF_seed3_S_base,S,base,CURATED,300,3,1,-4082480
381312,4592948,2979,main_at_snapshot,0.0005,CURATEDF_seed3_S_base,S,base,CURATED,300,3,1,-3888688
423680,5103645,3310,branch,0.0,CURATEDF_seed3_S_base,S,base,CURATED,300,3,1,-3846320
861056,10373455,6727,main_at_snapshot,0.0,CURATEDF_seed3_S_base,S,base,CURATED,300,3,1,-3408944
956672,11525473,7474,branch,0.0,CURATEDF_seed3_S_base,S,base,CURATED,300,3,1,-3313328
1944832,23428800,15194,main_at_snapshot,0.0,CURATEDF_seed3_S_base,S,base,CURATED,300,3,1,-2325168
2161024,26032537,16883,branch,0.0,CURATEDF_seed3_S_base,S,base,CURATED,300,3,1,-2108976
4270080,51441823,33360,main,0.921,CURATEDF_seed3_S_base,S,base,CURATED,300,3,1,80
4392832,52920047,34319,main_at_snapshot,0.0245,CURATEDF_seed3_S_base,S,base,CURATED,300,3,1,122832
4881024,58800005,38133,branch,0.008,CURATEDF_seed3_S_base,S,base,CURATED,300,3,1,611024
4770048,57462823,37266,main,0.0005,CURATEDF_seed3_S_base,S,base,CURATED,300,3,1,500048
5270016,63485257,41172,main,0.002,CURATEDF_seed3_S_base,S,base,CURATED,300,3,1,1000016
5770112,69509630,45079,main,0.0,CURATEDF_seed3_S_base,S,base,CURATED,300,3,1,1500112
6270080,75533834,48985,main,0.0005,CURATEDF_seed3_S_base,S,base,CURATED,300,3,1,2000080
6770048,81556908,52891,main,0.0005,CURATEDF_seed3_S_base,S,base,CURATED,300,3,1,2500048
7270016,87580061,56797,main,0.0,CURATEDF_seed3_S_base,S,base,CURATED,300,3,1,3000016
7770112,93604945,60704,main,0.0,CURATEDF_seed3_S_base,S,base,CURATED,300,3,1,3500112
8270080,99626419,64610,main,0.0,CURATEDF_seed3_S_base,S,base,CURATED,300,3,1,4000080
8770048,105649694,68516,main,0.0,CURATEDF_seed3_S_base,S,base,CURATED,300,3,1,4500048
9270016,111673829,72422,main,0.0,CURATEDF_seed3_S_base,S,base,CURATED,300,3,1,5000016
9770112,117699895,76329,main,0.0,CURATEDF_seed3_S_base,S,base,CURATED,300,3,1,5500112
9922432,119533906,77519,main_at_snapshot,0.0,CURATEDF_seed3_S_base,S,base,CURATED,300,3,1,5652432
11024896,132816016,86132,branch,0.0005,CURATEDF_seed3_S_base,S,base,CURATED,300,3,1,6754896
10270080,123722908,80235,main,0.0,CURATEDF_seed3_S_base,S,base,CURATED,300,3,1,6000080
10770048,129745394,84141,main,0.0,CURATEDF_seed3_S_base,S,base,CURATED,300,3,1,6500048
11270016,135768183,88047,main,0.001,CURATEDF_seed3_S_base,S,base,CURATED,300,3,1,7000016
11770112,141795388,91954,main,0.0,CURATEDF_seed3_S_base,S,base,CURATED,300,3,1,7500112
12270080,147817097,95860,main,0.0,CURATEDF_seed3_S_base,S,base,CURATED,300,3,1,8000080
12770048,153840300,99766,main,0.0,CURATEDF_seed3_S_base,S,base,CURATED,300,3,1,8500048
13270016,159864303,103672,main,0.0005,CURATEDF_seed3_S_base,S,base,CURATED,300,3,1,9000016
13770112,165889300,107579,main,0.0,CURATEDF_seed3_S_base,S,base,CURATED,300,3,1,9500112
14270080,171911056,111485,main,0.0005,CURATEDF_seed3_S_base,S,base,CURATED,300,3,1,10000080
14770048,177932632,115391,main,0.0005,CURATEDF_seed3_S_base,S,base,CURATED,300,3,1,10500048
15270016,183954954,119297,main,0.0,CURATEDF_seed3_S_base,S,base,CURATED,300,3,1,11000016
15770112,189978368,123204,main,0.0005,CURATEDF_seed3_S_base,S,base,CURATED,300,3,1,11500112
16270080,196001490,127110,main,0.0,CURATEDF_seed3_S_base,S,base,CURATED,300,3,1,12000080
16770048,202025371,131016,main,0.0,CURATEDF_seed3_S_base,S,base,CURATED,300,3,1,12500048
17270016,208048775,134922,main,0.001,CURATEDF_seed3_S_base,S,base,CURATED,300,3,1,13000016
17770112,214072525,138829,main,0.0005,CURATEDF_seed3_S_base,S,base,CURATED,300,3,1,13500112
18270080,220093947,142735,main,0.0,CURATEDF_seed3_S_base,S,base,CURATED,300,3,1,14000080
18770048,226114575,146641,main,0.0,CURATEDF_seed3_S_base,S,base,CURATED,300,3,1,14500048
19270016,232137103,150547,main,0.0005,CURATEDF_seed3_S_base,S,base,CURATED,300,3,1,15000016
19770112,238161783,154454,main,0.0,CURATEDF_seed3_S_base,S,base,CURATED,300,3,1,15500112
20270080,244185227,158360,main,0.0,CURATEDF_seed3_S_base,S,base,CURATED,300,3,1,16000080
20770048,250208384,162266,main,0.0,CURATEDF_seed3_S_base,S,base,CURATED,300,3,1,16500048
21270016,256230129,166172,main,0.0,CURATEDF_seed3_S_base,S,base,CURATED,300,3,1,17000016
21770112,262255153,170079,main,0.0,CURATEDF_seed3_S_base,S,base,CURATED,300,3,1,17500112
22270080,268278854,173985,main,0.0,CURATEDF_seed3_S_base,S,base,CURATED,300,3,1,18000080
22413056,270001051,175102,main_at_snapshot,0.0,CURATEDF_seed3_S_base,S,base,CURATED,300,3,1,18143056
24903296,300000701,194557,branch,0.0005,CURATEDF_seed3_S_base,S,base,CURATED,300,3,1,20633296
74752,900546,584,main_at_snapshot,0.0,CURATEDF_seed4_L_base,L,base,CURATED,30,4,1,-4195248
83072,1000779,649,branch,0.0,CURATEDF_seed4_L_base,L,base,CURATED,30,4,1,-4186928
168832,2033947,1319,main_at_snapshot,0.0,CURATEDF_seed4_L_base,L,base,CURATED,30,4,1,-4101168
187520,2259126,1465,branch,0.0,CURATEDF_seed4_L_base,L,base,CURATED,30,4,1,-4082480
381184,4592319,2978,main_at_snapshot,0.0005,CURATEDF_seed4_L_base,L,base,CURATED,30,4,1,-3888816
423552,5102755,3309,branch,0.0005,CURATEDF_seed4_L_base,L,base,CURATED,30,4,1,-3846448
860928,10372200,6726,main_at_snapshot,0.001,CURATEDF_seed4_L_base,L,base,CURATED,30,4,1,-3409072
956672,11525560,7474,branch,0.0,CURATEDF_seed4_L_base,L,base,CURATED,30,4,1,-3313328
1945088,23429524,15196,main_at_snapshot,0.0,CURATEDF_seed4_L_base,L,base,CURATED,30,4,1,-2324912
2161024,26031875,16883,branch,0.0,CURATEDF_seed4_L_base,L,base,CURATED,30,4,1,-2108976
4270080,51434828,33360,main,0.9995,CURATEDF_seed4_L_base,L,base,CURATED,30,4,1,80
4393472,52920897,34324,main_at_snapshot,0.9905,CURATEDF_seed4_L_base,L,base,CURATED,30,4,1,123472
4881536,58800588,38137,branch,0.994,CURATEDF_seed4_L_base,L,base,CURATED,30,4,1,611536
4770048,57457620,37266,main,0.6805,CURATEDF_seed4_L_base,L,base,CURATED,30,4,1,500048
5270016,63480795,41172,main,0.223,CURATEDF_seed4_L_base,L,base,CURATED,30,4,1,1000016
5770112,69504897,45079,main,0.0605,CURATEDF_seed4_L_base,L,base,CURATED,30,4,1,1500112
6270080,75528246,48985,main,0.031,CURATEDF_seed4_L_base,L,base,CURATED,30,4,1,2000080
6770048,81551775,52891,main,0.0165,CURATEDF_seed4_L_base,L,base,CURATED,30,4,1,2500048
7270016,87574703,56797,main,0.0145,CURATEDF_seed4_L_base,L,base,CURATED,30,4,1,3000016
7770112,93601012,60704,main,0.0055,CURATEDF_seed4_L_base,L,base,CURATED,30,4,1,3500112
8270080,99623678,64610,main,0.0035,CURATEDF_seed4_L_base,L,base,CURATED,30,4,1,4000080
8770048,105648323,68516,main,0.003,CURATEDF_seed4_L_base,L,base,CURATED,30,4,1,4500048
9270016,111671042,72422,main,0.002,CURATEDF_seed4_L_base,L,base,CURATED,30,4,1,5000016
9770112,117694172,76329,main,0.0025,CURATEDF_seed4_L_base,L,base,CURATED,30,4,1,5500112
9922816,119534059,77522,main_at_snapshot,0.0035,CURATEDF_seed4_L_base,L,base,CURATED,30,4,1,5652816
11025408,132815653,86136,branch,0.005,CURATEDF_seed4_L_base,L,base,CURATED,30,4,1,6755408
10270080,123716978,80235,main,0.0025,CURATEDF_seed4_L_base,L,base,CURATED,30,4,1,6000080
10770048,129740447,84141,main,0.003,CURATEDF_seed4_L_base,L,base,CURATED,30,4,1,6500048
11270016,135762687,88047,main,0.0015,CURATEDF_seed4_L_base,L,base,CURATED,30,4,1,7000016
11770112,141786438,91954,main,0.0005,CURATEDF_seed4_L_base,L,base,CURATED,30,4,1,7500112
12270080,147810901,95860,main,0.0005,CURATEDF_seed4_L_base,L,base,CURATED,30,4,1,8000080
12770048,153834723,99766,main,0.0005,CURATEDF_seed4_L_base,L,base,CURATED,30,4,1,8500048
13270016,159856751,103672,main,0.0015,CURATEDF_seed4_L_base,L,base,CURATED,30,4,1,9000016
13770112,165881515,107579,main,0.002,CURATEDF_seed4_L_base,L,base,CURATED,30,4,1,9500112
14270080,171906186,111485,main,0.0005,CURATEDF_seed4_L_base,L,base,CURATED,30,4,1,10000080
14770048,177928740,115391,main,0.0,CURATEDF_seed4_L_base,L,base,CURATED,30,4,1,10500048
15270016,183952117,119297,main,0.0005,CURATEDF_seed4_L_base,L,base,CURATED,30,4,1,11000016
15770112,189976426,123204,main,0.002,CURATEDF_seed4_L_base,L,base,CURATED,30,4,1,11500112
16270080,195998541,127110,main,0.0,CURATEDF_seed4_L_base,L,base,CURATED,30,4,1,12000080
16770048,202023302,131016,main,0.0005,CURATEDF_seed4_L_base,L,base,CURATED,30,4,1,12500048
17270016,208046964,134922,main,0.0005,CURATEDF_seed4_L_base,L,base,CURATED,30,4,1,13000016
17770112,214072338,138829,main,0.0005,CURATEDF_seed4_L_base,L,base,CURATED,30,4,1,13500112
18270080,220095730,142735,main,0.0,CURATEDF_seed4_L_base,L,base,CURATED,30,4,1,14000080
18770048,226119964,146641,main,0.0005,CURATEDF_seed4_L_base,L,base,CURATED,30,4,1,14500048
19270016,232142018,150547,main,0.0,CURATEDF_seed4_L_base,L,base,CURATED,30,4,1,15000016
19770112,238166709,154454,main,0.0005,CURATEDF_seed4_L_base,L,base,CURATED,30,4,1,15500112
20270080,244189759,158360,main,0.0005,CURATEDF_seed4_L_base,L,base,CURATED,30,4,1,16000080
20770048,250213763,162266,main,0.0,CURATEDF_seed4_L_base,L,base,CURATED,30,4,1,16500048
21270016,256238606,166172,main,0.0,CURATEDF_seed4_L_base,L,base,CURATED,30,4,1,17000016
21770112,262261370,170079,main,0.0005,CURATEDF_seed4_L_base,L,base,CURATED,30,4,1,17500112
22270080,268284072,173985,main,0.0005,CURATEDF_seed4_L_base,L,base,CURATED,30,4,1,18000080
22412672,270001027,175099,main_at_snapshot,0.0005,CURATEDF_seed4_L_base,L,base,CURATED,30,4,1,18142672
24903040,300000974,194555,branch,0.001,CURATEDF_seed4_L_base,L,base,CURATED,30,4,1,20633040
74752,900546,584,main_at_snapshot,0.0005,CURATEDF_seed4_M_base,M,base,CURATED,100,4,1,-4195248
83072,1000779,649,branch,0.0,CURATEDF_seed4_M_base,M,base,CURATED,100,4,1,-4186928
168832,2033947,1319,main_at_snapshot,0.0,CURATEDF_seed4_M_base,M,base,CURATED,100,4,1,-4101168
187520,2259126,1465,branch,0.0005,CURATEDF_seed4_M_base,M,base,CURATED,100,4,1,-4082480
381184,4592319,2978,main_at_snapshot,0.0,CURATEDF_seed4_M_base,M,base,CURATED,100,4,1,-3888816
423552,5102755,3309,branch,0.0,CURATEDF_seed4_M_base,M,base,CURATED,100,4,1,-3846448
860928,10372200,6726,main_at_snapshot,0.0005,CURATEDF_seed4_M_base,M,base,CURATED,100,4,1,-3409072
956672,11525560,7474,branch,0.0005,CURATEDF_seed4_M_base,M,base,CURATED,100,4,1,-3313328
1945088,23429524,15196,main_at_snapshot,0.0005,CURATEDF_seed4_M_base,M,base,CURATED,100,4,1,-2324912
2161024,26031875,16883,branch,0.0,CURATEDF_seed4_M_base,M,base,CURATED,100,4,1,-2108976
4270080,51434828,33360,main,0.9985,CURATEDF_seed4_M_base,M,base,CURATED,100,4,1,80
4393472,52920897,34324,main_at_snapshot,0.9465,CURATEDF_seed4_M_base,M,base,CURATED,100,4,1,123472
4881536,58800588,38137,branch,0.892,CURATEDF_seed4_M_base,M,base,CURATED,100,4,1,611536
4770048,57457620,37266,main,0.319,CURATEDF_seed4_M_base,M,base,CURATED,100,4,1,500048
5270016,63480795,41172,main,0.069,CURATEDF_seed4_M_base,M,base,CURATED,100,4,1,1000016
5770112,69504897,45079,main,0.029,CURATEDF_seed4_M_base,M,base,CURATED,100,4,1,1500112
6270080,75528246,48985,main,0.0135,CURATEDF_seed4_M_base,M,base,CURATED,100,4,1,2000080
6770048,81551775,52891,main,0.0105,CURATEDF_seed4_M_base,M,base,CURATED,100,4,1,2500048
7270016,87574703,56797,main,0.0045,CURATEDF_seed4_M_base,M,base,CURATED,100,4,1,3000016
7770112,93601012,60704,main,0.003,CURATEDF_seed4_M_base,M,base,CURATED,100,4,1,3500112
8270080,99623678,64610,main,0.002,CURATEDF_seed4_M_base,M,base,CURATED,100,4,1,4000080
8770048,105648323,68516,main,0.002,CURATEDF_seed4_M_base,M,base,CURATED,100,4,1,4500048
9270016,111671042,72422,main,0.0015,CURATEDF_seed4_M_base,M,base,CURATED,100,4,1,5000016
9770112,117694172,76329,main,0.0015,CURATEDF_seed4_M_base,M,base,CURATED,100,4,1,5500112
9922816,119534059,77522,main_at_snapshot,0.0035,CURATEDF_seed4_M_base,M,base,CURATED,100,4,1,5652816
11025408,132815653,86136,branch,0.004,CURATEDF_seed4_M_base,M,base,CURATED,100,4,1,6755408
10270080,123716978,80235,main,0.0025,CURATEDF_seed4_M_base,M,base,CURATED,100,4,1,6000080
10770048,129740447,84141,main,0.001,CURATEDF_seed4_M_base,M,base,CURATED,100,4,1,6500048
11270016,135762687,88047,main,0.001,CURATEDF_seed4_M_base,M,base,CURATED,100,4,1,7000016
11770112,141786438,91954,main,0.002,CURATEDF_seed4_M_base,M,base,CURATED,100,4,1,7500112
12270080,147810901,95860,main,0.0035,CURATEDF_seed4_M_base,M,base,CURATED,100,4,1,8000080
12770048,153834723,99766,main,0.0015,CURATEDF_seed4_M_base,M,base,CURATED,100,4,1,8500048
13270016,159856751,103672,main,0.0005,CURATEDF_seed4_M_base,M,base,CURATED,100,4,1,9000016
13770112,165881515,107579,main,0.0005,CURATEDF_seed4_M_base,M,base,CURATED,100,4,1,9500112
14270080,171906186,111485,main,0.001,CURATEDF_seed4_M_base,M,base,CURATED,100,4,1,10000080
14770048,177928740,115391,main,0.0015,CURATEDF_seed4_M_base,M,base,CURATED,100,4,1,10500048
15270016,183952117,119297,main,0.001,CURATEDF_seed4_M_base,M,base,CURATED,100,4,1,11000016
15770112,189976426,123204,main,0.001,CURATEDF_seed4_M_base,M,base,CURATED,100,4,1,11500112
16270080,195998541,127110,main,0.0,CURATEDF_seed4_M_base,M,base,CURATED,100,4,1,12000080
16770048,202023302,131016,main,0.0005,CURATEDF_seed4_M_base,M,base,CURATED,100,4,1,12500048
17270016,208046964,134922,main,0.0005,CURATEDF_seed4_M_base,M,base,CURATED,100,4,1,13000016
17770112,214072338,138829,main,0.0005,CURATEDF_seed4_M_base,M,base,CURATED,100,4,1,13500112
18270080,220095730,142735,main,0.0,CURATEDF_seed4_M_base,M,base,CURATED,100,4,1,14000080
18770048,226119964,146641,main,0.0005,CURATEDF_seed4_M_base,M,base,CURATED,100,4,1,14500048
19270016,232142018,150547,main,0.0005,CURATEDF_seed4_M_base,M,base,CURATED,100,4,1,15000016
19770112,238166709,154454,main,0.0005,CURATEDF_seed4_M_base,M,base,CURATED,100,4,1,15500112
20270080,244189759,158360,main,0.001,CURATEDF_seed4_M_base,M,base,CURATED,100,4,1,16000080
20770048,250213763,162266,main,0.0,CURATEDF_seed4_M_base,M,base,CURATED,100,4,1,16500048
21270016,256238606,166172,main,0.0,CURATEDF_seed4_M_base,M,base,CURATED,100,4,1,17000016
21770112,262261370,170079,main,0.0005,CURATEDF_seed4_M_base,M,base,CURATED,100,4,1,17500112
22270080,268284072,173985,main,0.0005,CURATEDF_seed4_M_base,M,base,CURATED,100,4,1,18000080
22412672,270001027,175099,main_at_snapshot,0.0,CURATEDF_seed4_M_base,M,base,CURATED,100,4,1,18142672
24903040,300000974,194555,branch,0.0,CURATEDF_seed4_M_base,M,base,CURATED,100,4,1,20633040
74752,900546,584,main_at_snapshot,0.0005,CURATEDF_seed4_S_base,S,base,CURATED,300,4,1,-4195248
83072,1000779,649,branch,0.0,CURATEDF_seed4_S_base,S,base,CURATED,300,4,1,-4186928
168832,2033947,1319,main_at_snapshot,0.0,CURATEDF_seed4_S_base,S,base,CURATED,300,4,1,-4101168
187520,2259126,1465,branch,0.0,CURATEDF_seed4_S_base,S,base,CURATED,300,4,1,-4082480
381184,4592319,2978,main_at_snapshot,0.0,CURATEDF_seed4_S_base,S,base,CURATED,300,4,1,-3888816
423552,5102755,3309,branch,0.0,CURATEDF_seed4_S_base,S,base,CURATED,300,4,1,-3846448
860928,10372200,6726,main_at_snapshot,0.001,CURATEDF_seed4_S_base,S,base,CURATED,300,4,1,-3409072
956672,11525560,7474,branch,0.001,CURATEDF_seed4_S_base,S,base,CURATED,300,4,1,-3313328
1945088,23429524,15196,main_at_snapshot,0.0,CURATEDF_seed4_S_base,S,base,CURATED,300,4,1,-2324912
2161024,26031875,16883,branch,0.0005,CURATEDF_seed4_S_base,S,base,CURATED,300,4,1,-2108976
4270080,51434828,33360,main,0.918,CURATEDF_seed4_S_base,S,base,CURATED,300,4,1,80
4393472,52920897,34324,main_at_snapshot,0.0215,CURATEDF_seed4_S_base,S,base,CURATED,300,4,1,123472
4881536,58800588,38137,branch,0.0125,CURATEDF_seed4_S_base,S,base,CURATED,300,4,1,611536
4770048,57457620,37266,main,0.0005,CURATEDF_seed4_S_base,S,base,CURATED,300,4,1,500048
5270016,63480795,41172,main,0.0,CURATEDF_seed4_S_base,S,base,CURATED,300,4,1,1000016
5770112,69504897,45079,main,0.0,CURATEDF_seed4_S_base,S,base,CURATED,300,4,1,1500112
6270080,75528246,48985,main,0.0,CURATEDF_seed4_S_base,S,base,CURATED,300,4,1,2000080
6770048,81551775,52891,main,0.0005,CURATEDF_seed4_S_base,S,base,CURATED,300,4,1,2500048
7270016,87574703,56797,main,0.0005,CURATEDF_seed4_S_base,S,base,CURATED,300,4,1,3000016
7770112,93601012,60704,main,0.0,CURATEDF_seed4_S_base,S,base,CURATED,300,4,1,3500112
8270080,99623678,64610,main,0.0,CURATEDF_seed4_S_base,S,base,CURATED,300,4,1,4000080
8770048,105648323,68516,main,0.0,CURATEDF_seed4_S_base,S,base,CURATED,300,4,1,4500048
9270016,111671042,72422,main,0.0005,CURATEDF_seed4_S_base,S,base,CURATED,300,4,1,5000016
9770112,117694172,76329,main,0.0005,CURATEDF_seed4_S_base,S,base,CURATED,300,4,1,5500112
9922816,119534059,77522,main_at_snapshot,0.0005,CURATEDF_seed4_S_base,S,base,CURATED,300,4,1,5652816
11025408,132815653,86136,branch,0.0,CURATEDF_seed4_S_base,S,base,CURATED,300,4,1,6755408
10270080,123716978,80235,main,0.001,CURATEDF_seed4_S_base,S,base,CURATED,300,4,1,6000080
10770048,129740447,84141,main,0.0,CURATEDF_seed4_S_base,S,base,CURATED,300,4,1,6500048
11270016,135762687,88047,main,0.0005,CURATEDF_seed4_S_base,S,base,CURATED,300,4,1,7000016
11770112,141786438,91954,main,0.0005,CURATEDF_seed4_S_base,S,base,CURATED,300,4,1,7500112
12270080,147810901,95860,main,0.001,CURATEDF_seed4_S_base,S,base,CURATED,300,4,1,8000080
12770048,153834723,99766,main,0.0005,CURATEDF_seed4_S_base,S,base,CURATED,300,4,1,8500048
13270016,159856751,103672,main,0.0,CURATEDF_seed4_S_base,S,base,CURATED,300,4,1,9000016
13770112,165881515,107579,main,0.0,CURATEDF_seed4_S_base,S,base,CURATED,300,4,1,9500112
14270080,171906186,111485,main,0.0,CURATEDF_seed4_S_base,S,base,CURATED,300,4,1,10000080
14770048,177928740,115391,main,0.0,CURATEDF_seed4_S_base,S,base,CURATED,300,4,1,10500048
15270016,183952117,119297,main,0.0,CURATEDF_seed4_S_base,S,base,CURATED,300,4,1,11000016
15770112,189976426,123204,main,0.0,CURATEDF_seed4_S_base,S,base,CURATED,300,4,1,11500112
16270080,195998541,127110,main,0.0,CURATEDF_seed4_S_base,S,base,CURATED,300,4,1,12000080
16770048,202023302,131016,main,0.0,CURATEDF_seed4_S_base,S,base,CURATED,300,4,1,12500048
17270016,208046964,134922,main,0.0,CURATEDF_seed4_S_base,S,base,CURATED,300,4,1,13000016
17770112,214072338,138829,main,0.0,CURATEDF_seed4_S_base,S,base,CURATED,300,4,1,13500112
18270080,220095730,142735,main,0.0,CURATEDF_seed4_S_base,S,base,CURATED,300,4,1,14000080
18770048,226119964,146641,main,0.001,CURATEDF_seed4_S_base,S,base,CURATED,300,4,1,14500048
19270016,232142018,150547,main,0.0,CURATEDF_seed4_S_base,S,base,CURATED,300,4,1,15000016
19770112,238166709,154454,main,0.0,CURATEDF_seed4_S_base,S,base,CURATED,300,4,1,15500112
20270080,244189759,158360,main,0.0005,CURATEDF_seed4_S_base,S,base,CURATED,300,4,1,16000080
20770048,250213763,162266,main,0.001,CURATEDF_seed4_S_base,S,base,CURATED,300,4,1,16500048
21270016,256238606,166172,main,0.0,CURATEDF_seed4_S_base,S,base,CURATED,300,4,1,17000016
21770112,262261370,170079,main,0.0,CURATEDF_seed4_S_base,S,base,CURATED,300,4,1,17500112
22270080,268284072,173985,main,0.0005,CURATEDF_seed4_S_base,S,base,CURATED,300,4,1,18000080
22412672,270001027,175099,main_at_snapshot,0.0,CURATEDF_seed4_S_base,S,base,CURATED,300,4,1,18142672
24903040,300000974,194555,branch,0.0,CURATEDF_seed4_S_base,S,base,CURATED,300,4,1,20633040
74752,901193,584,main_at_snapshot,0.0,CURATEDF_seed5_L_base,L,base,CURATED,30,5,1,-4195248
83072,1001318,649,branch,0.0,CURATEDF_seed5_L_base,L,base,CURATED,30,5,1,-4186928
168832,2034148,1319,main_at_snapshot,0.0,CURATEDF_seed5_L_base,L,base,CURATED,30,5,1,-4101168
187520,2259386,1465,branch,0.0,CURATEDF_seed5_L_base,L,base,CURATED,30,5,1,-4082480
381184,4592297,2978,main_at_snapshot,0.0,CURATEDF_seed5_L_base,L,base,CURATED,30,5,1,-3888816
423552,5102320,3309,branch,0.0,CURATEDF_seed5_L_base,L,base,CURATED,30,5,1,-3846448
861312,10373609,6729,main_at_snapshot,0.0,CURATEDF_seed5_L_base,L,base,CURATED,30,5,1,-3408688
956928,11525013,7476,branch,0.0,CURATEDF_seed5_L_base,L,base,CURATED,30,5,1,-3313072
1945088,23429420,15196,main_at_snapshot,0.0005,CURATEDF_seed5_L_base,L,base,CURATED,30,5,1,-2324912
2161152,26032060,16884,branch,0.0005,CURATEDF_seed5_L_base,L,base,CURATED,30,5,1,-2108848
4270080,51436550,33360,main,1.0,CURATEDF_seed5_L_base,L,base,CURATED,30,5,1,80
4393216,52919733,34322,main_at_snapshot,0.988,CURATEDF_seed5_L_base,L,base,CURATED,30,5,1,123216
4881152,58800020,38134,branch,0.9915,CURATEDF_seed5_L_base,L,base,CURATED,30,5,1,611152
4770048,57460794,37266,main,0.609,CURATEDF_seed5_L_base,L,base,CURATED,30,5,1,500048
5270016,63483774,41172,main,0.173,CURATEDF_seed5_L_base,L,base,CURATED,30,5,1,1000016
5770112,69510141,45079,main,0.063,CURATEDF_seed5_L_base,L,base,CURATED,30,5,1,1500112
6270080,75534058,48985,main,0.029,CURATEDF_seed5_L_base,L,base,CURATED,30,5,1,2000080
6770048,81557294,52891,main,0.0155,CURATEDF_seed5_L_base,L,base,CURATED,30,5,1,2500048
7270016,87581257,56797,main,0.0055,CURATEDF_seed5_L_base,L,base,CURATED,30,5,1,3000016
7770112,93605855,60704,main,0.0035,CURATEDF_seed5_L_base,L,base,CURATED,30,5,1,3500112
8270080,99627995,64610,main,0.0045,CURATEDF_seed5_L_base,L,base,CURATED,30,5,1,4000080
8770048,105651394,68516,main,0.001,CURATEDF_seed5_L_base,L,base,CURATED,30,5,1,4500048
9270016,111674533,72422,main,0.0025,CURATEDF_seed5_L_base,L,base,CURATED,30,5,1,5000016
9770112,117699240,76329,main,0.0025,CURATEDF_seed5_L_base,L,base,CURATED,30,5,1,5500112
9922432,119534357,77519,main_at_snapshot,0.002,CURATEDF_seed5_L_base,L,base,CURATED,30,5,1,5652432
11025024,132815941,86133,branch,0.004,CURATEDF_seed5_L_base,L,base,CURATED,30,5,1,6755024
10270080,123720991,80235,main,0.001,CURATEDF_seed5_L_base,L,base,CURATED,30,5,1,6000080
10770048,129743903,84141,main,0.003,CURATEDF_seed5_L_base,L,base,CURATED,30,5,1,6500048
11270016,135766356,88047,main,0.002,CURATEDF_seed5_L_base,L,base,CURATED,30,5,1,7000016
11770112,141790438,91954,main,0.0015,CURATEDF_seed5_L_base,L,base,CURATED,30,5,1,7500112
12270080,147812851,95860,main,0.001,CURATEDF_seed5_L_base,L,base,CURATED,30,5,1,8000080
12770048,153836827,99766,main,0.0005,CURATEDF_seed5_L_base,L,base,CURATED,30,5,1,8500048
13270016,159858651,103672,main,0.0005,CURATEDF_seed5_L_base,L,base,CURATED,30,5,1,9000016
13770112,165884399,107579,main,0.001,CURATEDF_seed5_L_base,L,base,CURATED,30,5,1,9500112
14270080,171907719,111485,main,0.0005,CURATEDF_seed5_L_base,L,base,CURATED,30,5,1,10000080
14770048,177930462,115391,main,0.0005,CURATEDF_seed5_L_base,L,base,CURATED,30,5,1,10500048
15270016,183953573,119297,main,0.001,CURATEDF_seed5_L_base,L,base,CURATED,30,5,1,11000016
15770112,189977859,123204,main,0.001,CURATEDF_seed5_L_base,L,base,CURATED,30,5,1,11500112
16270080,196002017,127110,main,0.0,CURATEDF_seed5_L_base,L,base,CURATED,30,5,1,12000080
16770048,202022846,131016,main,0.0015,CURATEDF_seed5_L_base,L,base,CURATED,30,5,1,12500048
17270016,208044686,134922,main,0.0015,CURATEDF_seed5_L_base,L,base,CURATED,30,5,1,13000016
17770112,214068539,138829,main,0.0005,CURATEDF_seed5_L_base,L,base,CURATED,30,5,1,13500112
18270080,220093999,142735,main,0.002,CURATEDF_seed5_L_base,L,base,CURATED,30,5,1,14000080
18770048,226120225,146641,main,0.0015,CURATEDF_seed5_L_base,L,base,CURATED,30,5,1,14500048
19270016,232142355,150547,main,0.0005,CURATEDF_seed5_L_base,L,base,CURATED,30,5,1,15000016
19770112,238164867,154454,main,0.0,CURATEDF_seed5_L_base,L,base,CURATED,30,5,1,15500112
20270080,244189622,158360,main,0.0015,CURATEDF_seed5_L_base,L,base,CURATED,30,5,1,16000080
20770048,250211377,162266,main,0.0005,CURATEDF_seed5_L_base,L,base,CURATED,30,5,1,16500048
21270016,256233052,166172,main,0.0,CURATEDF_seed5_L_base,L,base,CURATED,30,5,1,17000016
21770112,262257529,170079,main,0.0,CURATEDF_seed5_L_base,L,base,CURATED,30,5,1,17500112
22270080,268280976,173985,main,0.0,CURATEDF_seed5_L_base,L,base,CURATED,30,5,1,18000080
22412800,270000738,175100,main_at_snapshot,0.0,CURATEDF_seed5_L_base,L,base,CURATED,30,5,1,18142800
24903040,300000368,194555,branch,0.001,CURATEDF_seed5_L_base,L,base,CURATED,30,5,1,20633040
74752,901193,584,main_at_snapshot,0.0005,CURATEDF_seed5_M_base,M,base,CURATED,100,5,1,-4195248
83072,1001318,649,branch,0.0,CURATEDF_seed5_M_base,M,base,CURATED,100,5,1,-4186928
168832,2034148,1319,main_at_snapshot,0.0,CURATEDF_seed5_M_base,M,base,CURATED,100,5,1,-4101168
187520,2259386,1465,branch,0.0005,CURATEDF_seed5_M_base,M,base,CURATED,100,5,1,-4082480
381184,4592297,2978,main_at_snapshot,0.0,CURATEDF_seed5_M_base,M,base,CURATED,100,5,1,-3888816
423552,5102320,3309,branch,0.0,CURATEDF_seed5_M_base,M,base,CURATED,100,5,1,-3846448
861312,10373609,6729,main_at_snapshot,0.001,CURATEDF_seed5_M_base,M,base,CURATED,100,5,1,-3408688
956928,11525013,7476,branch,0.0005,CURATEDF_seed5_M_base,M,base,CURATED,100,5,1,-3313072
1945088,23429420,15196,main_at_snapshot,0.0005,CURATEDF_seed5_M_base,M,base,CURATED,100,5,1,-2324912
2161152,26032060,16884,branch,0.0,CURATEDF_seed5_M_base,M,base,CURATED,100,5,1,-2108848
4270080,51436550,33360,main,1.0,CURATEDF_seed5_M_base,M,base,CURATED,100,5,1,80
4393216,52919733,34322,main_at_snapshot,0.9405,CURATEDF_seed5_M_base,M,base,CURATED,100,5,1,123216
4881152,58800020,38134,branch,0.908,CURATEDF_seed5_M_base,M,base,CURATED,100,5,1,611152
4770048,57460794,37266,main,0.304,CURATEDF_seed5_M_base,M,base,CURATED,100,5,1,500048
5270016,63483774,41172,main,0.066,CURATEDF_seed5_M_base,M,base,CURATED,100,5,1,1000016
5770112,69510141,45079,main,0.0305,CURATEDF_seed5_M_base,M,base,CURATED,100,5,1,1500112
6270080,75534058,48985,main,0.0155,CURATEDF_seed5_M_base,M,base,CURATED,100,5,1,2000080
6770048,81557294,52891,main,0.0085,CURATEDF_seed5_M_base,M,base,CURATED,100,5,1,2500048
7270016,87581257,56797,main,0.0045,CURATEDF_seed5_M_base,M,base,CURATED,100,5,1,3000016
7770112,93605855,60704,main,0.004,CURATEDF_seed5_M_base,M,base,CURATED,100,5,1,3500112
8270080,99627995,64610,main,0.003,CURATEDF_seed5_M_base,M,base,CURATED,100,5,1,4000080
8770048,105651394,68516,main,0.0015,CURATEDF_seed5_M_base,M,base,CURATED,100,5,1,4500048
9270016,111674533,72422,main,0.003,CURATEDF_seed5_M_base,M,base,CURATED,100,5,1,5000016
9770112,117699240,76329,main,0.0045,CURATEDF_seed5_M_base,M,base,CURATED,100,5,1,5500112
9922432,119534357,77519,main_at_snapshot,0.0045,CURATEDF_seed5_M_base,M,base,CURATED,100,5,1,5652432
11025024,132815941,86133,branch,0.002,CURATEDF_seed5_M_base,M,base,CURATED,100,5,1,6755024
10270080,123720991,80235,main,0.001,CURATEDF_seed5_M_base,M,base,CURATED,100,5,1,6000080
10770048,129743903,84141,main,0.002,CURATEDF_seed5_M_base,M,base,CURATED,100,5,1,6500048
11270016,135766356,88047,main,0.0,CURATEDF_seed5_M_base,M,base,CURATED,100,5,1,7000016
11770112,141790438,91954,main,0.0005,CURATEDF_seed5_M_base,M,base,CURATED,100,5,1,7500112
12270080,147812851,95860,main,0.0015,CURATEDF_seed5_M_base,M,base,CURATED,100,5,1,8000080
12770048,153836827,99766,main,0.001,CURATEDF_seed5_M_base,M,base,CURATED,100,5,1,8500048
13270016,159858651,103672,main,0.001,CURATEDF_seed5_M_base,M,base,CURATED,100,5,1,9000016
13770112,165884399,107579,main,0.001,CURATEDF_seed5_M_base,M,base,CURATED,100,5,1,9500112
14270080,171907719,111485,main,0.002,CURATEDF_seed5_M_base,M,base,CURATED,100,5,1,10000080
14770048,177930462,115391,main,0.0005,CURATEDF_seed5_M_base,M,base,CURATED,100,5,1,10500048
15270016,183953573,119297,main,0.0005,CURATEDF_seed5_M_base,M,base,CURATED,100,5,1,11000016
15770112,189977859,123204,main,0.001,CURATEDF_seed5_M_base,M,base,CURATED,100,5,1,11500112
16270080,196002017,127110,main,0.0005,CURATEDF_seed5_M_base,M,base,CURATED,100,5,1,12000080
16770048,202022846,131016,main,0.0,CURATEDF_seed5_M_base,M,base,CURATED,100,5,1,12500048
17270016,208044686,134922,main,0.0,CURATEDF_seed5_M_base,M,base,CURATED,100,5,1,13000016
17770112,214068539,138829,main,0.001,CURATEDF_seed5_M_base,M,base,CURATED,100,5,1,13500112
18270080,220093999,142735,main,0.001,CURATEDF_seed5_M_base,M,base,CURATED,100,5,1,14000080
18770048,226120225,146641,main,0.001,CURATEDF_seed5_M_base,M,base,CURATED,100,5,1,14500048
19270016,232142355,150547,main,0.001,CURATEDF_seed5_M_base,M,base,CURATED,100,5,1,15000016
19770112,238164867,154454,main,0.0,CURATEDF_seed5_M_base,M,base,CURATED,100,5,1,15500112
20270080,244189622,158360,main,0.0005,CURATEDF_seed5_M_base,M,base,CURATED,100,5,1,16000080
20770048,250211377,162266,main,0.0,CURATEDF_seed5_M_base,M,base,CURATED,100,5,1,16500048
21270016,256233052,166172,main,0.0015,CURATEDF_seed5_M_base,M,base,CURATED,100,5,1,17000016
21770112,262257529,170079,main,0.0005,CURATEDF_seed5_M_base,M,base,CURATED,100,5,1,17500112
22270080,268280976,173985,main,0.001,CURATEDF_seed5_M_base,M,base,CURATED,100,5,1,18000080
22412800,270000738,175100,main_at_snapshot,0.0015,CURATEDF_seed5_M_base,M,base,CURATED,100,5,1,18142800
24903040,300000368,194555,branch,0.0,CURATEDF_seed5_M_base,M,base,CURATED,100,5,1,20633040
74752,901193,584,main_at_snapshot,0.0,CURATEDF_seed5_S_base,S,base,CURATED,300,5,1,-4195248
83072,1001318,649,branch,0.0005,CURATEDF_seed5_S_base,S,base,CURATED,300,5,1,-4186928
168832,2034148,1319,main_at_snapshot,0.0,CURATEDF_seed5_S_base,S,base,CURATED,300,5,1,-4101168
187520,2259386,1465,branch,0.0005,CURATEDF_seed5_S_base,S,base,CURATED,300,5,1,-4082480
381184,4592297,2978,main_at_snapshot,0.0,CURATEDF_seed5_S_base,S,base,CURATED,300,5,1,-3888816
423552,5102320,3309,branch,0.0,CURATEDF_seed5_S_base,S,base,CURATED,300,5,1,-3846448
861312,10373609,6729,main_at_snapshot,0.0,CURATEDF_seed5_S_base,S,base,CURATED,300,5,1,-3408688
956928,11525013,7476,branch,0.0005,CURATEDF_seed5_S_base,S,base,CURATED,300,5,1,-3313072
1945088,23429420,15196,main_at_snapshot,0.0,CURATEDF_seed5_S_base,S,base,CURATED,300,5,1,-2324912
2161152,26032060,16884,branch,0.0,CURATEDF_seed5_S_base,S,base,CURATED,300,5,1,-2108848
4270080,51436550,33360,main,0.9145,CURATEDF_seed5_S_base,S,base,CURATED,300,5,1,80
4393216,52919733,34322,main_at_snapshot,0.026,CURATEDF_seed5_S_base,S,base,CURATED,300,5,1,123216
4881152,58800020,38134,branch,0.012,CURATEDF_seed5_S_base,S,base,CURATED,300,5,1,611152
4770048,57460794,37266,main,0.0025,CURATEDF_seed5_S_base,S,base,CURATED,300,5,1,500048
5270016,63483774,41172,main,0.0,CURATEDF_seed5_S_base,S,base,CURATED,300,5,1,1000016
5770112,69510141,45079,main,0.0,CURATEDF_seed5_S_base,S,base,CURATED,300,5,1,1500112
6270080,75534058,48985,main,0.0005,CURATEDF_seed5_S_base,S,base,CURATED,300,5,1,2000080
6770048,81557294,52891,main,0.0,CURATEDF_seed5_S_base,S,base,CURATED,300,5,1,2500048
7270016,87581257,56797,main,0.0005,CURATEDF_seed5_S_base,S,base,CURATED,300,5,1,3000016
7770112,93605855,60704,main,0.0,CURATEDF_seed5_S_base,S,base,CURATED,300,5,1,3500112
8270080,99627995,64610,main,0.0005,CURATEDF_seed5_S_base,S,base,CURATED,300,5,1,4000080
8770048,105651394,68516,main,0.0,CURATEDF_seed5_S_base,S,base,CURATED,300,5,1,4500048
9270016,111674533,72422,main,0.0,CURATEDF_seed5_S_base,S,base,CURATED,300,5,1,5000016
9770112,117699240,76329,main,0.0,CURATEDF_seed5_S_base,S,base,CURATED,300,5,1,5500112
9922432,119534357,77519,main_at_snapshot,0.0005,CURATEDF_seed5_S_base,S,base,CURATED,300,5,1,5652432
11025024,132815941,86133,branch,0.0,CURATEDF_seed5_S_base,S,base,CURATED,300,5,1,6755024
10270080,123720991,80235,main,0.0,CURATEDF_seed5_S_base,S,base,CURATED,300,5,1,6000080
10770048,129743903,84141,main,0.0,CURATEDF_seed5_S_base,S,base,CURATED,300,5,1,6500048
11270016,135766356,88047,main,0.0005,CURATEDF_seed5_S_base,S,base,CURATED,300,5,1,7000016
11770112,141790438,91954,main,0.0005,CURATEDF_seed5_S_base,S,base,CURATED,300,5,1,7500112
12270080,147812851,95860,main,0.0005,CURATEDF_seed5_S_base,S,base,CURATED,300,5,1,8000080
12770048,153836827,99766,main,0.0,CURATEDF_seed5_S_base,S,base,CURATED,300,5,1,8500048
13270016,159858651,103672,main,0.0,CURATEDF_seed5_S_base,S,base,CURATED,300,5,1,9000016
13770112,165884399,107579,main,0.0,CURATEDF_seed5_S_base,S,base,CURATED,300,5,1,9500112
14270080,171907719,111485,main,0.0,CURATEDF_seed5_S_base,S,base,CURATED,300,5,1,10000080
14770048,177930462,115391,main,0.0005,CURATEDF_seed5_S_base,S,base,CURATED,300,5,1,10500048
15270016,183953573,119297,main,0.0,CURATEDF_seed5_S_base,S,base,CURATED,300,5,1,11000016
15770112,189977859,123204,main,0.0,CURATEDF_seed5_S_base,S,base,CURATED,300,5,1,11500112
16270080,196002017,127110,main,0.0005,CURATEDF_seed5_S_base,S,base,CURATED,300,5,1,12000080
16770048,202022846,131016,main,0.0005,CURATEDF_seed5_S_base,S,base,CURATED,300,5,1,12500048
17270016,208044686,134922,main,0.0,CURATEDF_seed5_S_base,S,base,CURATED,300,5,1,13000016
17770112,214068539,138829,main,0.0005,CURATEDF_seed5_S_base,S,base,CURATED,300,5,1,13500112
18270080,220093999,142735,main,0.0015,CURATEDF_seed5_S_base,S,base,CURATED,300,5,1,14000080
18770048,226120225,146641,main,0.0005,CURATEDF_seed5_S_base,S,base,CURATED,300,5,1,14500048
19270016,232142355,150547,main,0.0,CURATEDF_seed5_S_base,S,base,CURATED,300,5,1,15000016
19770112,238164867,154454,main,0.0,CURATEDF_seed5_S_base,S,base,CURATED,300,5,1,15500112
20270080,244189622,158360,main,0.0,CURATEDF_seed5_S_base,S,base,CURATED,300,5,1,16000080
20770048,250211377,162266,main,0.0,CURATEDF_seed5_S_base,S,base,CURATED,300,5,1,16500048
21270016,256233052,166172,main,0.0,CURATEDF_seed5_S_base,S,base,CURATED,300,5,1,17000016
21770112,262257529,170079,main,0.0,CURATEDF_seed5_S_base,S,base,CURATED,300,5,1,17500112
22270080,268280976,173985,main,0.0005,CURATEDF_seed5_S_base,S,base,CURATED,300,5,1,18000080
22412800,270000738,175100,main_at_snapshot,0.0,CURATEDF_seed5_S_base,S,base,CURATED,300,5,1,18142800
24903040,300000368,194555,branch,0.0,CURATEDF_seed5_S_base,S,base,CURATED,300,5,1,20633040
32128,901491,251,main_at_snapshot,0.0,FLAT_seed1_L_base,L,base,FLAT,30,1,1,-4237872
35712,1002054,279,branch,0.0005,FLAT_seed1_L_base,L,base,FLAT,30,1,1,-4234288
72576,2035863,567,main_at_snapshot,0.0005,FLAT_seed1_L_base,L,base,FLAT,30,1,1,-4197424
80640,2262035,630,branch,0.0005,FLAT_seed1_L_base,L,base,FLAT,30,1,1,-4189360
163840,4595334,1280,main_at_snapshot,0.0,FLAT_seed1_L_base,L,base,FLAT,30,1,1,-4106160
182016,5105143,1422,branch,0.0,FLAT_seed1_L_base,L,base,FLAT,30,1,1,-4087984
369920,10375442,2890,main_at_snapshot,0.0,FLAT_seed1_L_base,L,base,FLAT,30,1,1,-3900080
410880,11524536,3210,branch,0.0,FLAT_seed1_L_base,L,base,FLAT,30,1,1,-3859120
835328,23429201,6526,main_at_snapshot,0.0,FLAT_seed1_L_base,L,base,FLAT,30,1,1,-3434672
928128,26032025,7251,branch,0.0005,FLAT_seed1_L_base,L,base,FLAT,30,1,1,-3341872
1886848,52921445,14741,main_at_snapshot,0.0,FLAT_seed1_L_base,L,base,FLAT,30,1,1,-2383152
2096512,58801209,16379,branch,0.0,FLAT_seed1_L_base,L,base,FLAT,30,1,1,-2173488
4262144,119536862,33298,main_at_snapshot,1.0,FLAT_seed1_L_base,L,base,FLAT,30,1,1,-7856
4735616,132815933,36997,branch,1.0,FLAT_seed1_L_base,L,base,FLAT,30,1,1,465616
4270080,119759387,33360,main,1.0,FLAT_seed1_L_base,L,base,FLAT,30,1,1,80
4770048,133781620,37266,main,0.11,FLAT_seed1_L_base,L,base,FLAT,30,1,1,500048
5270016,147804252,41172,main,0.2775,FLAT_seed1_L_base,L,base,FLAT,30,1,1,1000016
5770112,161830580,45079,main,0.107,FLAT_seed1_L_base,L,base,FLAT,30,1,1,1500112
6270080,175855283,48985,main,0.0325,FLAT_seed1_L_base,L,base,FLAT,30,1,1,2000080
6770048,189878305,52891,main,0.022,FLAT_seed1_L_base,L,base,FLAT,30,1,1,2500048
7270016,203901008,56797,main,0.012,FLAT_seed1_L_base,L,base,FLAT,30,1,1,3000016
7770112,217927105,60704,main,0.009,FLAT_seed1_L_base,L,base,FLAT,30,1,1,3500112
8270080,231950503,64610,main,0.0065,FLAT_seed1_L_base,L,base,FLAT,30,1,1,4000080
8770048,245973511,68516,main,0.003,FLAT_seed1_L_base,L,base,FLAT,30,1,1,4500048
9270016,259997948,72422,main,0.003,FLAT_seed1_L_base,L,base,FLAT,30,1,1,5000016
9626752,270003495,75209,main_at_snapshot,0.0015,FLAT_seed1_L_base,L,base,FLAT,30,1,1,5356752
10696320,300001987,83565,branch,0.002,FLAT_seed1_L_base,L,base,FLAT,30,1,1,6426320
32128,901491,251,main_at_snapshot,0.0,FLAT_seed1_L_base_15,L,base,FLAT,15,1,1,-4237872
35712,1002054,279,branch,0.0005,FLAT_seed1_L_base_15,L,base,FLAT,15,1,1,-4234288
72576,2035863,567,main_at_snapshot,0.0005,FLAT_seed1_L_base_15,L,base,FLAT,15,1,1,-4197424
80640,2262035,630,branch,0.0005,FLAT_seed1_L_base_15,L,base,FLAT,15,1,1,-4189360
163840,4595334,1280,main_at_snapshot,0.0,FLAT_seed1_L_base_15,L,base,FLAT,15,1,1,-4106160
182016,5105143,1422,branch,0.0,FLAT_seed1_L_base_15,L,base,FLAT,15,1,1,-4087984
369920,10375442,2890,main_at_snapshot,0.0005,FLAT_seed1_L_base_15,L,base,FLAT,15,1,1,-3900080
410880,11524536,3210,branch,0.0005,FLAT_seed1_L_base_15,L,base,FLAT,15,1,1,-3859120
835328,23429201,6526,main_at_snapshot,0.0005,FLAT_seed1_L_base_15,L,base,FLAT,15,1,1,-3434672
928128,26032025,7251,branch,0.0005,FLAT_seed1_L_base_15,L,base,FLAT,15,1,1,-3341872
1886848,52921445,14741,main_at_snapshot,0.0,FLAT_seed1_L_base_15,L,base,FLAT,15,1,1,-2383152
2096512,58801209,16379,branch,0.001,FLAT_seed1_L_base_15,L,base,FLAT,15,1,1,-2173488
4262144,119536862,33298,main_at_snapshot,0.991,FLAT_seed1_L_base_15,L,base,FLAT,15,1,1,-7856
4735616,132815933,36997,branch,0.569,FLAT_seed1_L_base_15,L,base,FLAT,15,1,1,465616
4270080,119759387,33360,main,0.9905,FLAT_seed1_L_base_15,L,base,FLAT,15,1,1,80
4770048,133781620,37266,main,0.009,FLAT_seed1_L_base_15,L,base,FLAT,15,1,1,500048
5270016,147804252,41172,main,0.004,FLAT_seed1_L_base_15,L,base,FLAT,15,1,1,1000016
5770112,161830580,45079,main,0.007,FLAT_seed1_L_base_15,L,base,FLAT,15,1,1,1500112
6270080,175855283,48985,main,0.0035,FLAT_seed1_L_base_15,L,base,FLAT,15,1,1,2000080
6770048,189878305,52891,main,0.0055,FLAT_seed1_L_base_15,L,base,FLAT,15,1,1,2500048
7270016,203901008,56797,main,0.003,FLAT_seed1_L_base_15,L,base,FLAT,15,1,1,3000016
7770112,217927105,60704,main,0.002,FLAT_seed1_L_base_15,L,base,FLAT,15,1,1,3500112
8270080,231950503,64610,main,0.0005,FLAT_seed1_L_base_15,L,base,FLAT,15,1,1,4000080
8770048,245973511,68516,main,0.0015,FLAT_seed1_L_base_15,L,base,FLAT,15,1,1,4500048
9270016,259997948,72422,main,0.001,FLAT_seed1_L_base_15,L,base,FLAT,15,1,1,5000016
9626752,270003495,75209,main_at_snapshot,0.001,FLAT_seed1_L_base_15,L,base,FLAT,15,1,1,5356752
10696320,300001987,83565,branch,0.0005,FLAT_seed1_L_base_15,L,base,FLAT,15,1,1,6426320
32128,901491,251,main_at_snapshot,0.0,FLAT_seed1_L_base_8,L,base,FLAT,8,1,1,-4237872
35712,1002054,279,branch,0.0005,FLAT_seed1_L_base_8,L,base,FLAT,8,1,1,-4234288
72576,2035863,567,main_at_snapshot,0.0005,FLAT_seed1_L_base_8,L,base,FLAT,8,1,1,-4197424
80640,2262035,630,branch,0.0005,FLAT_seed1_L_base_8,L,base,FLAT,8,1,1,-4189360
163840,4595334,1280,main_at_snapshot,0.0,FLAT_seed1_L_base_8,L,base,FLAT,8,1,1,-4106160
182016,5105143,1422,branch,0.0,FLAT_seed1_L_base_8,L,base,FLAT,8,1,1,-4087984
369920,10375442,2890,main_at_snapshot,0.0005,FLAT_seed1_L_base_8,L,base,FLAT,8,1,1,-3900080
410880,11524536,3210,branch,0.0,FLAT_seed1_L_base_8,L,base,FLAT,8,1,1,-3859120
835328,23429201,6526,main_at_snapshot,0.0,FLAT_seed1_L_base_8,L,base,FLAT,8,1,1,-3434672
928128,26032025,7251,branch,0.0,FLAT_seed1_L_base_8,L,base,FLAT,8,1,1,-3341872
1886848,52921445,14741,main_at_snapshot,0.0015,FLAT_seed1_L_base_8,L,base,FLAT,8,1,1,-2383152
2096512,58801209,16379,branch,0.0005,FLAT_seed1_L_base_8,L,base,FLAT,8,1,1,-2173488
4262144,119536862,33298,main_at_snapshot,0.689,FLAT_seed1_L_base_8,L,base,FLAT,8,1,1,-7856
4735616,132815933,36997,branch,0.0335,FLAT_seed1_L_base_8,L,base,FLAT,8,1,1,465616
4270080,119759387,33360,main,0.718,FLAT_seed1_L_base_8,L,base,FLAT,8,1,1,80
4770048,133781620,37266,main,0.0005,FLAT_seed1_L_base_8,L,base,FLAT,8,1,1,500048
5270016,147804252,41172,main,0.0005,FLAT_seed1_L_base_8,L,base,FLAT,8,1,1,1000016
5770112,161830580,45079,main,0.001,FLAT_seed1_L_base_8,L,base,FLAT,8,1,1,1500112
6270080,175855283,48985,main,0.001,FLAT_seed1_L_base_8,L,base,FLAT,8,1,1,2000080
6770048,189878305,52891,main,0.002,FLAT_seed1_L_base_8,L,base,FLAT,8,1,1,2500048
7270016,203901008,56797,main,0.0,FLAT_seed1_L_base_8,L,base,FLAT,8,1,1,3000016
7770112,217927105,60704,main,0.0005,FLAT_seed1_L_base_8,L,base,FLAT,8,1,1,3500112
8270080,231950503,64610,main,0.0,FLAT_seed1_L_base_8,L,base,FLAT,8,1,1,4000080
8770048,245973511,68516,main,0.0,FLAT_seed1_L_base_8,L,base,FLAT,8,1,1,4500048
9270016,259997948,72422,main,0.0005,FLAT_seed1_L_base_8,L,base,FLAT,8,1,1,5000016
9626752,270003495,75209,main_at_snapshot,0.0,FLAT_seed1_L_base_8,L,base,FLAT,8,1,1,5356752
10696320,300001987,83565,branch,0.0,FLAT_seed1_L_base_8,L,base,FLAT,8,1,1,6426320
35712,1002054,279,main,0.0005,FLAT_seed1_L_cosine,L,cosine,FLAT,30,1,1,-4234288
80640,2262035,630,main,0.0005,FLAT_seed1_L_cosine,L,cosine,FLAT,30,1,1,-4189360
182016,5105143,1422,main,0.0,FLAT_seed1_L_cosine,L,cosine,FLAT,30,1,1,-4087984
410880,11524536,3210,main,0.0,FLAT_seed1_L_cosine,L,cosine,FLAT,30,1,1,-3859120
928128,26032025,7251,main,0.002,FLAT_seed1_L_cosine,L,cosine,FLAT,30,1,1,-3341872
2096512,58801209,16379,main,0.0,FLAT_seed1_L_cosine,L,cosine,FLAT,30,1,1,-2173488
4270080,119759387,33360,main,1.0,FLAT_seed1_L_cosine,L,cosine,FLAT,30,1,1,80
4735616,132815933,36997,main,0.991,FLAT_seed1_L_cosine,L,cosine,FLAT,30,1,1,465616
4770048,133781620,37266,main,0.9885,FLAT_seed1_L_cosine,L,cosine,FLAT,30,1,1,500048
5270016,147804252,41172,main,0.929,FLAT_seed1_L_cosine,L,cosine,FLAT,30,1,1,1000016
5770112,161830580,45079,main,0.811,FLAT_seed1_L_cosine,L,cosine,FLAT,30,1,1,1500112
6270080,175855283,48985,main,0.711,FLAT_seed1_L_cosine,L,cosine,FLAT,30,1,1,2000080
6770048,189878305,52891,main,0.6335,FLAT_seed1_L_cosine,L,cosine,FLAT,30,1,1,2500048
7270016,203901008,56797,main,0.568,FLAT_seed1_L_cosine,L,cosine,FLAT,30,1,1,3000016
7770112,217927105,60704,main,0.51,FLAT_seed1_L_cosine,L,cosine,FLAT,30,1,1,3500112
8270080,231950503,64610,main,0.483,FLAT_seed1_L_cosine,L,cosine,FLAT,30,1,1,4000080
8770048,245973511,68516,main,0.4515,FLAT_seed1_L_cosine,L,cosine,FLAT,30,1,1,4500048
9270016,259997948,72422,main,0.4195,FLAT_seed1_L_cosine,L,cosine,FLAT,30,1,1,5000016
9770112,274023948,76329,main,0.4045,FLAT_seed1_L_cosine,L,cosine,FLAT,30,1,1,5500112
10270080,288048038,80235,main,0.375,FLAT_seed1_L_cosine,L,cosine,FLAT,30,1,1,6000080
10696320,300001987,83565,main,0.3635,FLAT_seed1_L_cosine,L,cosine,FLAT,30,1,1,6426320
32128,901491,251,main_at_snapshot,0.0,FLAT_seed1_L_wd0,L,wd0,FLAT,30,1,1,-4237872
35712,1002054,279,branch,0.0,FLAT_seed1_L_wd0,L,wd0,FLAT,30,1,1,-4234288
72576,2035863,567,main_at_snapshot,0.0005,FLAT_seed1_L_wd0,L,wd0,FLAT,30,1,1,-4197424
80640,2262035,630,branch,0.0005,FLAT_seed1_L_wd0,L,wd0,FLAT,30,1,1,-4189360
163840,4595334,1280,main_at_snapshot,0.0,FLAT_seed1_L_wd0,L,wd0,FLAT,30,1,1,-4106160
182016,5105143,1422,branch,0.0,FLAT_seed1_L_wd0,L,wd0,FLAT,30,1,1,-4087984
369920,10375442,2890,main_at_snapshot,0.0,FLAT_seed1_L_wd0,L,wd0,FLAT,30,1,1,-3900080
410880,11524536,3210,branch,0.0,FLAT_seed1_L_wd0,L,wd0,FLAT,30,1,1,-3859120
835328,23429201,6526,main_at_snapshot,0.0,FLAT_seed1_L_wd0,L,wd0,FLAT,30,1,1,-3434672
928128,26032025,7251,branch,0.0,FLAT_seed1_L_wd0,L,wd0,FLAT,30,1,1,-3341872
1886848,52921445,14741,main_at_snapshot,0.0,FLAT_seed1_L_wd0,L,wd0,FLAT,30,1,1,-2383152
2096512,58801209,16379,branch,0.0005,FLAT_seed1_L_wd0,L,wd0,FLAT,30,1,1,-2173488
4262144,119536862,33298,main_at_snapshot,1.0,FLAT_seed1_L_wd0,L,wd0,FLAT,30,1,1,-7856
4735616,132815933,36997,branch,0.9995,FLAT_seed1_L_wd0,L,wd0,FLAT,30,1,1,465616
4270080,119759387,33360,main,1.0,FLAT_seed1_L_wd0,L,wd0,FLAT,30,1,1,80
4770048,133781620,37266,main,0.905,FLAT_seed1_L_wd0,L,wd0,FLAT,30,1,1,500048
5270016,147804252,41172,main,0.615,FLAT_seed1_L_wd0,L,wd0,FLAT,30,1,1,1000016
5770112,161830580,45079,main,0.3945,FLAT_seed1_L_wd0,L,wd0,FLAT,30,1,1,1500112
6270080,175855283,48985,main,0.264,FLAT_seed1_L_wd0,L,wd0,FLAT,30,1,1,2000080
6770048,189878305,52891,main,0.177,FLAT_seed1_L_wd0,L,wd0,FLAT,30,1,1,2500048
7270016,203901008,56797,main,0.1405,FLAT_seed1_L_wd0,L,wd0,FLAT,30,1,1,3000016
7770112,217927105,60704,main,0.102,FLAT_seed1_L_wd0,L,wd0,FLAT,30,1,1,3500112
8270080,231950503,64610,main,0.082,FLAT_seed1_L_wd0,L,wd0,FLAT,30,1,1,4000080
8770048,245973511,68516,main,0.0665,FLAT_seed1_L_wd0,L,wd0,FLAT,30,1,1,4500048
9270016,259997948,72422,main,0.05,FLAT_seed1_L_wd0,L,wd0,FLAT,30,1,1,5000016
9626752,270003495,75209,main_at_snapshot,0.053,FLAT_seed1_L_wd0,L,wd0,FLAT,30,1,1,5356752
10696320,300001987,83565,branch,0.096,FLAT_seed1_L_wd0,L,wd0,FLAT,30,1,1,6426320
32128,901491,251,main_at_snapshot,0.0005,FLAT_seed1_M_base,M,base,FLAT,100,1,1,-4237872
35712,1002054,279,branch,0.0,FLAT_seed1_M_base,M,base,FLAT,100,1,1,-4234288
72576,2035863,567,main_at_snapshot,0.001,FLAT_seed1_M_base,M,base,FLAT,100,1,1,-4197424
80640,2262035,630,branch,0.0005,FLAT_seed1_M_base,M,base,FLAT,100,1,1,-4189360
163840,4595334,1280,main_at_snapshot,0.0,FLAT_seed1_M_base,M,base,FLAT,100,1,1,-4106160
182016,5105143,1422,branch,0.0005,FLAT_seed1_M_base,M,base,FLAT,100,1,1,-4087984
369920,10375442,2890,main_at_snapshot,0.0005,FLAT_seed1_M_base,M,base,FLAT,100,1,1,-3900080
410880,11524536,3210,branch,0.001,FLAT_seed1_M_base,M,base,FLAT,100,1,1,-3859120
835328,23429201,6526,main_at_snapshot,0.0,FLAT_seed1_M_base,M,base,FLAT,100,1,1,-3434672
928128,26032025,7251,branch,0.0,FLAT_seed1_M_base,M,base,FLAT,100,1,1,-3341872
1886848,52921445,14741,main_at_snapshot,0.0005,FLAT_seed1_M_base,M,base,FLAT,100,1,1,-2383152
2096512,58801209,16379,branch,0.0,FLAT_seed1_M_base,M,base,FLAT,100,1,1,-2173488
4262144,119536862,33298,main_at_snapshot,0.9995,FLAT_seed1_M_base,M,base,FLAT,100,1,1,-7856
4735616,132815933,36997,branch,0.9755,FLAT_seed1_M_base,M,base,FLAT,100,1,1,465616
4270080,119759387,33360,main,0.999,FLAT_seed1_M_base,M,base,FLAT,100,1,1,80
4770048,133781620,37266,main,0.313,FLAT_seed1_M_base,M,base,FLAT,100,1,1,500048
5270016,147804252,41172,main,0.08,FLAT_seed1_M_base,M,base,FLAT,100,1,1,1000016
5770112,161830580,45079,main,0.031,FLAT_seed1_M_base,M,base,FLAT,100,1,1,1500112
6270080,175855283,48985,main,0.019,FLAT_seed1_M_base,M,base,FLAT,100,1,1,2000080
6770048,189878305,52891,main,0.0075,FLAT_seed1_M_base,M,base,FLAT,100,1,1,2500048
7270016,203901008,56797,main,0.006,FLAT_seed1_M_base,M,base,FLAT,100,1,1,3000016
7770112,217927105,60704,main,0.0045,FLAT_seed1_M_base,M,base,FLAT,100,1,1,3500112
8270080,231950503,64610,main,0.0045,FLAT_seed1_M_base,M,base,FLAT,100,1,1,4000080
8770048,245973511,68516,main,0.0025,FLAT_seed1_M_base,M,base,FLAT,100,1,1,4500048
9270016,259997948,72422,main,0.001,FLAT_seed1_M_base,M,base,FLAT,100,1,1,5000016
9626752,270003495,75209,main_at_snapshot,0.003,FLAT_seed1_M_base,M,base,FLAT,100,1,1,5356752
10696320,300001987,83565,branch,0.002,FLAT_seed1_M_base,M,base,FLAT,100,1,1,6426320
64256,1802677,502,main_at_snapshot,0.0,FLAT_seed1_M_base_2B,M,base,FLAT,100,1,2,-4205744
71296,2000003,557,branch,0.0,FLAT_seed1_M_base_2B,M,base,FLAT,100,1,2,-4198704
145024,4067284,1133,main_at_snapshot,0.0005,FLAT_seed1_M_base_2B,M,base,FLAT,100,1,2,-4124976
161152,4519987,1259,branch,0.0,FLAT_seed1_M_base_2B,M,base,FLAT,100,1,2,-4108848
327552,9187145,2559,main_at_snapshot,0.0005,FLAT_seed1_M_base_2B,M,base,FLAT,100,1,2,-3942448
363904,10206679,2843,branch,0.0005,FLAT_seed1_M_base_2B,M,base,FLAT,100,1,2,-3906096
739712,20747481,5779,main_at_snapshot,0.0005,FLAT_seed1_M_base_2B,M,base,FLAT,100,1,2,-3530288
821888,23052019,6421,branch,0.0,FLAT_seed1_M_base_2B,M,base,FLAT,100,1,2,-3448112
1670656,46858550,13052,main_at_snapshot,0.0,FLAT_seed1_M_base_2B,M,base,FLAT,100,1,2,-2599344
1856256,52063547,14502,branch,0.0,FLAT_seed1_M_base_2B,M,base,FLAT,100,1,2,-2413744
3773824,105841310,29483,main_at_snapshot,0.999,FLAT_seed1_M_base_2B,M,base,FLAT,100,1,2,-496176
4193152,117601921,32759,branch,1.0,FLAT_seed1_M_base_2B,M,base,FLAT,100,1,2,-76848
4270080,119759387,33360,main,0.999,FLAT_seed1_M_base_2B,M,base,FLAT,100,1,2,80
4770048,133781620,37266,main,0.313,FLAT_seed1_M_base_2B,M,base,FLAT,100,1,2,500048
5270016,147804252,41172,main,0.08,FLAT_seed1_M_base_2B,M,base,FLAT,100,1,2,1000016
5770112,161830580,45079,main,0.031,FLAT_seed1_M_base_2B,M,base,FLAT,100,1,2,1500112
6270080,175855283,48985,main,0.019,FLAT_seed1_M_base_2B,M,base,FLAT,100,1,2,2000080
6770048,189878305,52891,main,0.0075,FLAT_seed1_M_base_2B,M,base,FLAT,100,1,2,2500048
7270016,203901008,56797,main,0.006,FLAT_seed1_M_base_2B,M,base,FLAT,100,1,2,3000016
7770112,217927105,60704,main,0.0045,FLAT_seed1_M_base_2B,M,base,FLAT,100,1,2,3500112
8270080,231950503,64610,main,0.0045,FLAT_seed1_M_base_2B,M,base,FLAT,100,1,2,4000080
8523904,239069193,66593,main_at_snapshot,0.003,FLAT_seed1_M_base_2B,M,base,FLAT,100,1,2,4253904
9470848,265631138,73991,branch,0.0045,FLAT_seed1_M_base_2B,M,base,FLAT,100,1,2,5200848
8770048,245973511,68516,main,0.0025,FLAT_seed1_M_base_2B,M,base,FLAT,100,1,2,4500048
9270016,259997948,72422,main,0.001,FLAT_seed1_M_base_2B,M,base,FLAT,100,1,2,5000016
9770112,274023948,76329,main,0.003,FLAT_seed1_M_base_2B,M,base,FLAT,100,1,2,5500112
10270080,288048038,80235,main,0.003,FLAT_seed1_M_base_2B,M,base,FLAT,100,1,2,6000080
10770048,302069948,84141,main,0.002,FLAT_seed1_M_base_2B,M,base,FLAT,100,1,2,6500048
11270016,316090527,88047,main,0.0005,FLAT_seed1_M_base_2B,M,base,FLAT,100,1,2,7000016
11770112,330116492,91954,main,0.0005,FLAT_seed1_M_base_2B,M,base,FLAT,100,1,2,7500112
12270080,344136099,95860,main,0.0025,FLAT_seed1_M_base_2B,M,base,FLAT,100,1,2,8000080
12770048,358159757,99766,main,0.0005,FLAT_seed1_M_base_2B,M,base,FLAT,100,1,2,8500048
13270016,372183987,103672,main,0.002,FLAT_seed1_M_base_2B,M,base,FLAT,100,1,2,9000016
13770112,386209714,107579,main,0.001,FLAT_seed1_M_base_2B,M,base,FLAT,100,1,2,9500112
14270080,400231781,111485,main,0.0,FLAT_seed1_M_base_2B,M,base,FLAT,100,1,2,10000080
14770048,414254798,115391,main,0.0,FLAT_seed1_M_base_2B,M,base,FLAT,100,1,2,10500048
15270016,428276520,119297,main,0.0,FLAT_seed1_M_base_2B,M,base,FLAT,100,1,2,11000016
15770112,442301814,123204,main,0.001,FLAT_seed1_M_base_2B,M,base,FLAT,100,1,2,11500112
16270080,456324771,127110,main,0.0005,FLAT_seed1_M_base_2B,M,base,FLAT,100,1,2,12000080
16770048,470349092,131016,main,0.0005,FLAT_seed1_M_base_2B,M,base,FLAT,100,1,2,12500048
17270016,484370427,134922,main,0.0,FLAT_seed1_M_base_2B,M,base,FLAT,100,1,2,13000016
17770112,498395570,138829,main,0.0,FLAT_seed1_M_base_2B,M,base,FLAT,100,1,2,13500112
18270080,512417841,142735,main,0.0,FLAT_seed1_M_base_2B,M,base,FLAT,100,1,2,14000080
18770048,526440620,146641,main,0.0005,FLAT_seed1_M_base_2B,M,base,FLAT,100,1,2,14500048
19253504,540000000,150418,main_at_snapshot,0.0,FLAT_seed1_M_base_2B,M,base,FLAT,100,1,2,14983504
21392768,600000139,167131,branch,0.002,FLAT_seed1_M_base_2B,M,base,FLAT,100,1,2,17122768
128384,3601147,1003,main_at_snapshot,0.0,FLAT_seed1_M_base_4B,M,base,FLAT,100,1,4,-4141616
142720,4002885,1115,branch,0.0,FLAT_seed1_M_base_4B,M,base,FLAT,100,1,4,-4127280
289920,8131987,2265,main_at_snapshot,0.0005,FLAT_seed1_M_base_4B,M,base,FLAT,100,1,4,-3980080
322176,9036376,2517,branch,0.0005,FLAT_seed1_M_base_4B,M,base,FLAT,100,1,4,-3947824
654976,18370805,5117,main_at_snapshot,0.0,FLAT_seed1_M_base_4B,M,base,FLAT,100,1,4,-3615024
727680,20409667,5685,branch,0.0,FLAT_seed1_M_base_4B,M,base,FLAT,100,1,4,-3542320
1479296,41490800,11557,main_at_snapshot,0.0,FLAT_seed1_M_base_4B,M,base,FLAT,100,1,4,-2790704
1643648,46100911,12841,branch,0.0,FLAT_seed1_M_base_4B,M,base,FLAT,100,1,4,-2626352
3341440,93715636,26105,main_at_snapshot,0.9985,FLAT_seed1_M_base_4B,M,base,FLAT,100,1,4,-928560
3712640,104125873,29005,branch,1.0,FLAT_seed1_M_base_4B,M,base,FLAT,100,1,4,-557360
4270080,119759387,33360,main,0.999,FLAT_seed1_M_base_4B,M,base,FLAT,100,1,4,80
4770048,133781620,37266,main,0.313,FLAT_seed1_M_base_4B,M,base,FLAT,100,1,4,500048
5270016,147804252,41172,main,0.08,FLAT_seed1_M_base_4B,M,base,FLAT,100,1,4,1000016
5770112,161830580,45079,main,0.031,FLAT_seed1_M_base_4B,M,base,FLAT,100,1,4,1500112
6270080,175855283,48985,main,0.019,FLAT_seed1_M_base_4B,M,base,FLAT,100,1,4,2000080
6770048,189878305,52891,main,0.0075,FLAT_seed1_M_base_4B,M,base,FLAT,100,1,4,2500048
7270016,203901008,56797,main,0.006,FLAT_seed1_M_base_4B,M,base,FLAT,100,1,4,3000016
7547392,211680310,58964,main_at_snapshot,0.004,FLAT_seed1_M_base_4B,M,base,FLAT,100,1,4,3277392
8385920,235199039,65515,branch,0.0115,FLAT_seed1_M_base_4B,M,base,FLAT,100,1,4,4115920
7770112,217927105,60704,main,0.0045,FLAT_seed1_M_base_4B,M,base,FLAT,100,1,4,3500112
8270080,231950503,64610,main,0.0045,FLAT_seed1_M_base_4B,M,base,FLAT,100,1,4,4000080
8770048,245973511,68516,main,0.0025,FLAT_seed1_M_base_4B,M,base,FLAT,100,1,4,4500048
9270016,259997948,72422,main,0.001,FLAT_seed1_M_base_4B,M,base,FLAT,100,1,4,5000016
9770112,274023948,76329,main,0.003,FLAT_seed1_M_base_4B,M,base,FLAT,100,1,4,5500112
10270080,288048038,80235,main,0.003,FLAT_seed1_M_base_4B,M,base,FLAT,100,1,4,6000080
10770048,302069948,84141,main,0.002,FLAT_seed1_M_base_4B,M,base,FLAT,100,1,4,6500048
11270016,316090527,88047,main,0.0005,FLAT_seed1_M_base_4B,M,base,FLAT,100,1,4,7000016
11770112,330116492,91954,main,0.0005,FLAT_seed1_M_base_4B,M,base,FLAT,100,1,4,7500112
12270080,344136099,95860,main,0.0025,FLAT_seed1_M_base_4B,M,base,FLAT,100,1,4,8000080
12770048,358159757,99766,main,0.0005,FLAT_seed1_M_base_4B,M,base,FLAT,100,1,4,8500048
13270016,372183987,103672,main,0.002,FLAT_seed1_M_base_4B,M,base,FLAT,100,1,4,9000016
13770112,386209714,107579,main,0.001,FLAT_seed1_M_base_4B,M,base,FLAT,100,1,4,9500112
14270080,400231781,111485,main,0.0,FLAT_seed1_M_base_4B,M,base,FLAT,100,1,4,10000080
14770048,414254798,115391,main,0.0,FLAT_seed1_M_base_4B,M,base,FLAT,100,1,4,10500048
15270016,428276520,119297,main,0.0,FLAT_seed1_M_base_4B,M,base,FLAT,100,1,4,11000016
15770112,442301814,123204,main,0.001,FLAT_seed1_M_base_4B,M,base,FLAT,100,1,4,11500112
16270080,456324771,127110,main,0.0005,FLAT_seed1_M_base_4B,M,base,FLAT,100,1,4,12000080
16770048,470349092,131016,main,0.0005,FLAT_seed1_M_base_4B,M,base,FLAT,100,1,4,12500048
17047680,478134204,133185,main_at_snapshot,0.0,FLAT_seed1_M_base_4B,M,base,FLAT,100,1,4,12777680
18941952,531262451,147984,branch,0.001,FLAT_seed1_M_base_4B,M,base,FLAT,100,1,4,14671952
17270016,484370427,134922,main,0.0,FLAT_seed1_M_base_4B,M,base,FLAT,100,1,4,13000016
17770112,498395570,138829,main,0.0,FLAT_seed1_M_base_4B,M,base,FLAT,100,1,4,13500112
18270080,512417841,142735,main,0.0,FLAT_seed1_M_base_4B,M,base,FLAT,100,1,4,14000080
18770048,526440620,146641,main,0.0005,FLAT_seed1_M_base_4B,M,base,FLAT,100,1,4,14500048
19270016,540463360,150547,main,0.0005,FLAT_seed1_M_base_4B,M,base,FLAT,100,1,4,15000016
19770112,554488474,154454,main,0.0005,FLAT_seed1_M_base_4B,M,base,FLAT,100,1,4,15500112
20270080,568511601,158360,main,0.0005,FLAT_seed1_M_base_4B,M,base,FLAT,100,1,4,16000080
20770048,582535078,162266,main,0.0,FLAT_seed1_M_base_4B,M,base,FLAT,100,1,4,16500048
21270016,596557329,166172,main,0.0,FLAT_seed1_M_base_4B,M,base,FLAT,100,1,4,17000016
21770112,610583972,170079,main,0.001,FLAT_seed1_M_base_4B,M,base,FLAT,100,1,4,17500112
22270080,624606434,173985,main,0.0005,FLAT_seed1_M_base_4B,M,base,FLAT,100,1,4,18000080
22770048,638627919,177891,main,0.0005,FLAT_seed1_M_base_4B,M,base,FLAT,100,1,4,18500048
23270016,652649024,181797,main,0.0,FLAT_seed1_M_base_4B,M,base,FLAT,100,1,4,19000016
23770112,666676067,185704,main,0.001,FLAT_seed1_M_base_4B,M,base,FLAT,100,1,4,19500112
24270080,680698956,189610,main,0.0005,FLAT_seed1_M_base_4B,M,base,FLAT,100,1,4,20000080
24770048,694722415,193516,main,0.0,FLAT_seed1_M_base_4B,M,base,FLAT,100,1,4,20500048
25270016,708744235,197422,main,0.0,FLAT_seed1_M_base_4B,M,base,FLAT,100,1,4,21000016
25770112,722771792,201329,main,0.0,FLAT_seed1_M_base_4B,M,base,FLAT,100,1,4,21500112
26270080,736796092,205235,main,0.0005,FLAT_seed1_M_base_4B,M,base,FLAT,100,1,4,22000080
26770048,750819149,209141,main,0.0,FLAT_seed1_M_base_4B,M,base,FLAT,100,1,4,22500048
27270016,764841719,213047,main,0.0,FLAT_seed1_M_base_4B,M,base,FLAT,100,1,4,23000016
27770112,778866718,216954,main,0.0,FLAT_seed1_M_base_4B,M,base,FLAT,100,1,4,23500112
28270080,792889126,220860,main,0.0005,FLAT_seed1_M_base_4B,M,base,FLAT,100,1,4,24000080
28770048,806911541,224766,main,0.0,FLAT_seed1_M_base_4B,M,base,FLAT,100,1,4,24500048
29270016,820934979,228672,main,0.0005,FLAT_seed1_M_base_4B,M,base,FLAT,100,1,4,25000016
29770112,834960165,232579,main,0.0005,FLAT_seed1_M_base_4B,M,base,FLAT,100,1,4,25500112
30270080,848981726,236485,main,0.0,FLAT_seed1_M_base_4B,M,base,FLAT,100,1,4,26000080
30770048,863004732,240391,main,0.0,FLAT_seed1_M_base_4B,M,base,FLAT,100,1,4,26500048
31270016,877026365,244297,main,0.0,FLAT_seed1_M_base_4B,M,base,FLAT,100,1,4,27000016
31770112,891053120,248204,main,0.0005,FLAT_seed1_M_base_4B,M,base,FLAT,100,1,4,27500112
32270080,905076310,252110,main,0.0005,FLAT_seed1_M_base_4B,M,base,FLAT,100,1,4,28000080
32770048,919099368,256016,main,0.0,FLAT_seed1_M_base_4B,M,base,FLAT,100,1,4,28500048
33270016,933121147,259922,main,0.0,FLAT_seed1_M_base_4B,M,base,FLAT,100,1,4,29000016
33770112,947144685,263829,main,0.0,FLAT_seed1_M_base_4B,M,base,FLAT,100,1,4,29500112
34270080,961167089,267735,main,0.0,FLAT_seed1_M_base_4B,M,base,FLAT,100,1,4,30000080
34770048,975188136,271641,main,0.0005,FLAT_seed1_M_base_4B,M,base,FLAT,100,1,4,30500048
35270016,989211061,275547,main,0.0,FLAT_seed1_M_base_4B,M,base,FLAT,100,1,4,31000016
35770112,1003238982,279454,main,0.001,FLAT_seed1_M_base_4B,M,base,FLAT,100,1,4,31500112
36270080,1017260798,283360,main,0.0,FLAT_seed1_M_base_4B,M,base,FLAT,100,1,4,32000080
36770048,1031283959,287266,main,0.001,FLAT_seed1_M_base_4B,M,base,FLAT,100,1,4,32500048
37270016,1045305956,291172,main,0.0005,FLAT_seed1_M_base_4B,M,base,FLAT,100,1,4,33000016
37770112,1059331485,295079,main,0.0015,FLAT_seed1_M_base_4B,M,base,FLAT,100,1,4,33500112
38270080,1073354246,298985,main,0.0,FLAT_seed1_M_base_4B,M,base,FLAT,100,1,4,34000080
38507136,1080001344,300837,main_at_snapshot,0.0,FLAT_seed1_M_base_4B,M,base,FLAT,100,1,4,34237136
42785664,1200003317,334263,branch,0.0,FLAT_seed1_M_base_4B,M,base,FLAT,100,1,4,38515664
35712,1002054,279,main,0.0,FLAT_seed1_M_cosine,M,cosine,FLAT,100,1,1,-4234288
80640,2262035,630,main,0.0005,FLAT_seed1_M_cosine,M,cosine,FLAT,100,1,1,-4189360
182016,5105143,1422,main,0.0005,FLAT_seed1_M_cosine,M,cosine,FLAT,100,1,1,-4087984
410880,11524536,3210,main,0.0005,FLAT_seed1_M_cosine,M,cosine,FLAT,100,1,1,-3859120
928128,26032025,7251,main,0.0005,FLAT_seed1_M_cosine,M,cosine,FLAT,100,1,1,-3341872
2096512,58801209,16379,main,0.0,FLAT_seed1_M_cosine,M,cosine,FLAT,100,1,1,-2173488
4270080,119759387,33360,main,1.0,FLAT_seed1_M_cosine,M,cosine,FLAT,100,1,1,80
4735616,132815933,36997,main,0.7985,FLAT_seed1_M_cosine,M,cosine,FLAT,100,1,1,465616
4770048,133781620,37266,main,0.7625,FLAT_seed1_M_cosine,M,cosine,FLAT,100,1,1,500048
5270016,147804252,41172,main,0.3705,FLAT_seed1_M_cosine,M,cosine,FLAT,100,1,1,1000016
5770112,161830580,45079,main,0.2285,FLAT_seed1_M_cosine,M,cosine,FLAT,100,1,1,1500112
6270080,175855283,48985,main,0.16,FLAT_seed1_M_cosine,M,cosine,FLAT,100,1,1,2000080
6770048,189878305,52891,main,0.1245,FLAT_seed1_M_cosine,M,cosine,FLAT,100,1,1,2500048
7270016,203901008,56797,main,0.11,FLAT_seed1_M_cosine,M,cosine,FLAT,100,1,1,3000016
7770112,217927105,60704,main,0.1075,FLAT_seed1_M_cosine,M,cosine,FLAT,100,1,1,3500112
8270080,231950503,64610,main,0.092,FLAT_seed1_M_cosine,M,cosine,FLAT,100,1,1,4000080
8770048,245973511,68516,main,0.086,FLAT_seed1_M_cosine,M,cosine,FLAT,100,1,1,4500048
9270016,259997948,72422,main,0.078,FLAT_seed1_M_cosine,M,cosine,FLAT,100,1,1,5000016
9770112,274023948,76329,main,0.0685,FLAT_seed1_M_cosine,M,cosine,FLAT,100,1,1,5500112
10270080,288048038,80235,main,0.066,FLAT_seed1_M_cosine,M,cosine,FLAT,100,1,1,6000080
10696320,300001987,83565,main,0.0675,FLAT_seed1_M_cosine,M,cosine,FLAT,100,1,1,6426320
32128,901491,251,main_at_snapshot,0.0,FLAT_seed1_M_lr3,M,lr3,FLAT,100,1,1,-4237872
35712,1002054,279,branch,0.0,FLAT_seed1_M_lr3,M,lr3,FLAT,100,1,1,-4234288
72576,2035863,567,main_at_snapshot,0.0005,FLAT_seed1_M_lr3,M,lr3,FLAT,100,1,1,-4197424
80640,2262035,630,branch,0.0005,FLAT_seed1_M_lr3,M,lr3,FLAT,100,1,1,-4189360
163840,4595334,1280,main_at_snapshot,0.0,FLAT_seed1_M_lr3,M,lr3,FLAT,100,1,1,-4106160
182016,5105143,1422,branch,0.0,FLAT_seed1_M_lr3,M,lr3,FLAT,100,1,1,-4087984
369920,10375442,2890,main_at_snapshot,0.0,FLAT_seed1_M_lr3,M,lr3,FLAT,100,1,1,-3900080
410880,11524536,3210,branch,0.0,FLAT_seed1_M_lr3,M,lr3,FLAT,100,1,1,-3859120
835328,23429201,6526,main_at_snapshot,0.0,FLAT_seed1_M_lr3,M,lr3,FLAT,100,1,1,-3434672
928128,26032025,7251,branch,0.0005,FLAT_seed1_M_lr3,M,lr3,FLAT,100,1,1,-3341872
1886848,52921445,14741,main_at_snapshot,0.0,FLAT_seed1_M_lr3,M,lr3,FLAT,100,1,1,-2383152
2096512,58801209,16379,branch,0.001,FLAT_seed1_M_lr3,M,lr3,FLAT,100,1,1,-2173488
4262144,119536862,33298,main_at_snapshot,1.0,FLAT_seed1_M_lr3,M,lr3,FLAT,100,1,1,-7856
4735616,132815933,36997,branch,1.0,FLAT_seed1_M_lr3,M,lr3,FLAT,100,1,1,465616
4270080,119759387,33360,main,1.0,FLAT_seed1_M_lr3,M,lr3,FLAT,100,1,1,80
4770048,133781620,37266,main,0.9905,FLAT_seed1_M_lr3,M,lr3,FLAT,100,1,1,500048
5270016,147804252,41172,main,0.862,FLAT_seed1_M_lr3,M,lr3,FLAT,100,1,1,1000016
5770112,161830580,45079,main,0.609,FLAT_seed1_M_lr3,M,lr3,FLAT,100,1,1,1500112
6270080,175855283,48985,main,0.415,FLAT_seed1_M_lr3,M,lr3,FLAT,100,1,1,2000080
6770048,189878305,52891,main,0.251,FLAT_seed1_M_lr3,M,lr3,FLAT,100,1,1,2500048
7270016,203901008,56797,main,0.184,FLAT_seed1_M_lr3,M,lr3,FLAT,100,1,1,3000016
7770112,217927105,60704,main,0.1205,FLAT_seed1_M_lr3,M,lr3,FLAT,100,1,1,3500112
8270080,231950503,64610,main,0.088,FLAT_seed1_M_lr3,M,lr3,FLAT,100,1,1,4000080
8770048,245973511,68516,main,0.0645,FLAT_seed1_M_lr3,M,lr3,FLAT,100,1,1,4500048
9270016,259997948,72422,main,0.047,FLAT_seed1_M_lr3,M,lr3,FLAT,100,1,1,5000016
9626752,270003495,75209,main_at_snapshot,0.042,FLAT_seed1_M_lr3,M,lr3,FLAT,100,1,1,5356752
10696320,300001987,83565,branch,0.05,FLAT_seed1_M_lr3,M,lr3,FLAT,100,1,1,6426320
32128,901491,251,main_at_snapshot,0.0005,FLAT_seed1_M_wd0,M,wd0,FLAT,100,1,1,-4237872
35712,1002054,279,branch,0.0,FLAT_seed1_M_wd0,M,wd0,FLAT,100,1,1,-4234288
72576,2035863,567,main_at_snapshot,0.001,FLAT_seed1_M_wd0,M,wd0,FLAT,100,1,1,-4197424
80640,2262035,630,branch,0.0005,FLAT_seed1_M_wd0,M,wd0,FLAT,100,1,1,-4189360
163840,4595334,1280,main_at_snapshot,0.0,FLAT_seed1_M_wd0,M,wd0,FLAT,100,1,1,-4106160
182016,5105143,1422,branch,0.0,FLAT_seed1_M_wd0,M,wd0,FLAT,100,1,1,-4087984
369920,10375442,2890,main_at_snapshot,0.0,FLAT_seed1_M_wd0,M,wd0,FLAT,100,1,1,-3900080
410880,11524536,3210,branch,0.0,FLAT_seed1_M_wd0,M,wd0,FLAT,100,1,1,-3859120
835328,23429201,6526,main_at_snapshot,0.0005,FLAT_seed1_M_wd0,M,wd0,FLAT,100,1,1,-3434672
928128,26032025,7251,branch,0.0005,FLAT_seed1_M_wd0,M,wd0,FLAT,100,1,1,-3341872
1886848,52921445,14741,main_at_snapshot,0.0,FLAT_seed1_M_wd0,M,wd0,FLAT,100,1,1,-2383152
2096512,58801209,16379,branch,0.0005,FLAT_seed1_M_wd0,M,wd0,FLAT,100,1,1,-2173488
4262144,119536862,33298,main_at_snapshot,0.999,FLAT_seed1_M_wd0,M,wd0,FLAT,100,1,1,-7856
4735616,132815933,36997,branch,0.9865,FLAT_seed1_M_wd0,M,wd0,FLAT,100,1,1,465616
4270080,119759387,33360,main,0.999,FLAT_seed1_M_wd0,M,wd0,FLAT,100,1,1,80
4770048,133781620,37266,main,0.5235,FLAT_seed1_M_wd0,M,wd0,FLAT,100,1,1,500048
5270016,147804252,41172,main,0.1865,FLAT_seed1_M_wd0,M,wd0,FLAT,100,1,1,1000016
5770112,161830580,45079,main,0.086,FLAT_seed1_M_wd0,M,wd0,FLAT,100,1,1,1500112
6270080,175855283,48985,main,0.0555,FLAT_seed1_M_wd0,M,wd0,FLAT,100,1,1,2000080
6770048,189878305,52891,main,0.033,FLAT_seed1_M_wd0,M,wd0,FLAT,100,1,1,2500048
7270016,203901008,56797,main,0.0225,FLAT_seed1_M_wd0,M,wd0,FLAT,100,1,1,3000016
7770112,217927105,60704,main,0.018,FLAT_seed1_M_wd0,M,wd0,FLAT,100,1,1,3500112
8270080,231950503,64610,main,0.0135,FLAT_seed1_M_wd0,M,wd0,FLAT,100,1,1,4000080
8770048,245973511,68516,main,0.011,FLAT_seed1_M_wd0,M,wd0,FLAT,100,1,1,4500048
9270016,259997948,72422,main,0.0125,FLAT_seed1_M_wd0,M,wd0,FLAT,100,1,1,5000016
9626752,270003495,75209,main_at_snapshot,0.0105,FLAT_seed1_M_wd0,M,wd0,FLAT,100,1,1,5356752
10696320,300001987,83565,branch,0.021,FLAT_seed1_M_wd0,M,wd0,FLAT,100,1,1,6426320
32128,901491,251,main_at_snapshot,0.0,FLAT_seed1_M_wd0_lr3,M,wd0_lr3,FLAT,100,1,1,-4237872
35712,1002054,279,branch,0.0,FLAT_seed1_M_wd0_lr3,M,wd0_lr3,FLAT,100,1,1,-4234288
72576,2035863,567,main_at_snapshot,0.0005,FLAT_seed1_M_wd0_lr3,M,wd0_lr3,FLAT,100,1,1,-4197424
80640,2262035,630,branch,0.0005,FLAT_seed1_M_wd0_lr3,M,wd0_lr3,FLAT,100,1,1,-4189360
163840,4595334,1280,main_at_snapshot,0.0,FLAT_seed1_M_wd0_lr3,M,wd0_lr3,FLAT,100,1,1,-4106160
182016,5105143,1422,branch,0.0,FLAT_seed1_M_wd0_lr3,M,wd0_lr3,FLAT,100,1,1,-4087984
369920,10375442,2890,main_at_snapshot,0.0005,FLAT_seed1_M_wd0_lr3,M,wd0_lr3,FLAT,100,1,1,-3900080
410880,11524536,3210,branch,0.0005,FLAT_seed1_M_wd0_lr3,M,wd0_lr3,FLAT,100,1,1,-3859120
835328,23429201,6526,main_at_snapshot,0.0,FLAT_seed1_M_wd0_lr3,M,wd0_lr3,FLAT,100,1,1,-3434672
928128,26032025,7251,branch,0.0005,FLAT_seed1_M_wd0_lr3,M,wd0_lr3,FLAT,100,1,1,-3341872
1886848,52921445,14741,main_at_snapshot,0.0,FLAT_seed1_M_wd0_lr3,M,wd0_lr3,FLAT,100,1,1,-2383152
2096512,58801209,16379,branch,0.0005,FLAT_seed1_M_wd0_lr3,M,wd0_lr3,FLAT,100,1,1,-2173488
4262144,119536862,33298,main_at_snapshot,1.0,FLAT_seed1_M_wd0_lr3,M,wd0_lr3,FLAT,100,1,1,-7856
4735616,132815933,36997,branch,1.0,FLAT_seed1_M_wd0_lr3,M,wd0_lr3,FLAT,100,1,1,465616
4270080,119759387,33360,main,1.0,FLAT_seed1_M_wd0_lr3,M,wd0_lr3,FLAT,100,1,1,80
4770048,133781620,37266,main,0.9965,FLAT_seed1_M_wd0_lr3,M,wd0_lr3,FLAT,100,1,1,500048
5270016,147804252,41172,main,0.901,FLAT_seed1_M_wd0_lr3,M,wd0_lr3,FLAT,100,1,1,1000016
5770112,161830580,45079,main,0.703,FLAT_seed1_M_wd0_lr3,M,wd0_lr3,FLAT,100,1,1,1500112
6270080,175855283,48985,main,0.5035,FLAT_seed1_M_wd0_lr3,M,wd0_lr3,FLAT,100,1,1,2000080
6770048,189878305,52891,main,0.3445,FLAT_seed1_M_wd0_lr3,M,wd0_lr3,FLAT,100,1,1,2500048
7270016,203901008,56797,main,0.2435,FLAT_seed1_M_wd0_lr3,M,wd0_lr3,FLAT,100,1,1,3000016
7770112,217927105,60704,main,0.1705,FLAT_seed1_M_wd0_lr3,M,wd0_lr3,FLAT,100,1,1,3500112
8270080,231950503,64610,main,0.1345,FLAT_seed1_M_wd0_lr3,M,wd0_lr3,FLAT,100,1,1,4000080
8770048,245973511,68516,main,0.104,FLAT_seed1_M_wd0_lr3,M,wd0_lr3,FLAT,100,1,1,4500048
9270016,259997948,72422,main,0.0835,FLAT_seed1_M_wd0_lr3,M,wd0_lr3,FLAT,100,1,1,5000016
9626752,270003495,75209,main_at_snapshot,0.088,FLAT_seed1_M_wd0_lr3,M,wd0_lr3,FLAT,100,1,1,5356752
10696320,300001987,83565,branch,0.0805,FLAT_seed1_M_wd0_lr3,M,wd0_lr3,FLAT,100,1,1,6426320
32128,901491,251,main_at_snapshot,0.0,FLAT_seed1_S_base,S,base,FLAT,300,1,1,-4237872
35712,1002054,279,branch,0.0005,FLAT_seed1_S_base,S,base,FLAT,300,1,1,-4234288
72576,2035863,567,main_at_snapshot,0.0,FLAT_seed1_S_base,S,base,FLAT,300,1,1,-4197424
80640,2262035,630,branch,0.0,FLAT_seed1_S_base,S,base,FLAT,300,1,1,-4189360
163840,4595334,1280,main_at_snapshot,0.0005,FLAT_seed1_S_base,S,base,FLAT,300,1,1,-4106160
182016,5105143,1422,branch,0.0,FLAT_seed1_S_base,S,base,FLAT,300,1,1,-4087984
369920,10375442,2890,main_at_snapshot,0.0005,FLAT_seed1_S_base,S,base,FLAT,300,1,1,-3900080
410880,11524536,3210,branch,0.0005,FLAT_seed1_S_base,S,base,FLAT,300,1,1,-3859120
835328,23429201,6526,main_at_snapshot,0.001,FLAT_seed1_S_base,S,base,FLAT,300,1,1,-3434672
928128,26032025,7251,branch,0.0,FLAT_seed1_S_base,S,base,FLAT,300,1,1,-3341872
1886848,52921445,14741,main_at_snapshot,0.0005,FLAT_seed1_S_base,S,base,FLAT,300,1,1,-2383152
2096512,58801209,16379,branch,0.0005,FLAT_seed1_S_base,S,base,FLAT,300,1,1,-2173488
4262144,119536862,33298,main_at_snapshot,0.9455,FLAT_seed1_S_base,S,base,FLAT,300,1,1,-7856
4735616,132815933,36997,branch,0.086,FLAT_seed1_S_base,S,base,FLAT,300,1,1,465616
4270080,119759387,33360,main,0.948,FLAT_seed1_S_base,S,base,FLAT,300,1,1,80
4770048,133781620,37266,main,0.003,FLAT_seed1_S_base,S,base,FLAT,300,1,1,500048
5270016,147804252,41172,main,0.0,FLAT_seed1_S_base,S,base,FLAT,300,1,1,1000016
5770112,161830580,45079,main,0.001,FLAT_seed1_S_base,S,base,FLAT,300,1,1,1500112
6270080,175855283,48985,main,0.0,FLAT_seed1_S_base,S,base,FLAT,300,1,1,2000080
6770048,189878305,52891,main,0.0005,FLAT_seed1_S_base,S,base,FLAT,300,1,1,2500048
7270016,203901008,56797,main,0.0,FLAT_seed1_S_base,S,base,FLAT,300,1,1,3000016
7770112,217927105,60704,main,0.0,FLAT_seed1_S_base,S,base,FLAT,300,1,1,3500112
8270080,231950503,64610,main,0.0,FLAT_seed1_S_base,S,base,FLAT,300,1,1,4000080
8770048,245973511,68516,main,0.0,FLAT_seed1_S_base,S,base,FLAT,300,1,1,4500048
9270016,259997948,72422,main,0.0,FLAT_seed1_S_base,S,base,FLAT,300,1,1,5000016
9626752,270003495,75209,main_at_snapshot,0.0,FLAT_seed1_S_base,S,base,FLAT,300,1,1,5356752
10696320,300001987,83565,branch,0.0,FLAT_seed1_S_base,S,base,FLAT,300,1,1,6426320
35712,1002054,279,main,0.0005,FLAT_seed1_S_cosine,S,cosine,FLAT,300,1,1,-4234288
80640,2262035,630,main,0.0,FLAT_seed1_S_cosine,S,cosine,FLAT,300,1,1,-4189360
182016,5105143,1422,main,0.001,FLAT_seed1_S_cosine,S,cosine,FLAT,300,1,1,-4087984
410880,11524536,3210,main,0.0,FLAT_seed1_S_cosine,S,cosine,FLAT,300,1,1,-3859120
928128,26032025,7251,main,0.0,FLAT_seed1_S_cosine,S,cosine,FLAT,300,1,1,-3341872
2096512,58801209,16379,main,0.001,FLAT_seed1_S_cosine,S,cosine,FLAT,300,1,1,-2173488
4270080,119759387,33360,main,0.9365,FLAT_seed1_S_cosine,S,cosine,FLAT,300,1,1,80
4735616,132815933,36997,main,0.005,FLAT_seed1_S_cosine,S,cosine,FLAT,300,1,1,465616
4770048,133781620,37266,main,0.0045,FLAT_seed1_S_cosine,S,cosine,FLAT,300,1,1,500048
5270016,147804252,41172,main,0.0,FLAT_seed1_S_cosine,S,cosine,FLAT,300,1,1,1000016
5770112,161830580,45079,main,0.0005,FLAT_seed1_S_cosine,S,cosine,FLAT,300,1,1,1500112
6270080,175855283,48985,main,0.001,FLAT_seed1_S_cosine,S,cosine,FLAT,300,1,1,2000080
6770048,189878305,52891,main,0.002,FLAT_seed1_S_cosine,S,cosine,FLAT,300,1,1,2500048
7270016,203901008,56797,main,0.0,FLAT_seed1_S_cosine,S,cosine,FLAT,300,1,1,3000016
7770112,217927105,60704,main,0.0015,FLAT_seed1_S_cosine,S,cosine,FLAT,300,1,1,3500112
8270080,231950503,64610,main,0.0,FLAT_seed1_S_cosine,S,cosine,FLAT,300,1,1,4000080
8770048,245973511,68516,main,0.0,FLAT_seed1_S_cosine,S,cosine,FLAT,300,1,1,4500048
9270016,259997948,72422,main,0.0,FLAT_seed1_S_cosine,S,cosine,FLAT,300,1,1,5000016
9770112,274023948,76329,main,0.0,FLAT_seed1_S_cosine,S,cosine,FLAT,300,1,1,5500112
10270080,288048038,80235,main,0.0005,FLAT_seed1_S_cosine,S,cosine,FLAT,300,1,1,6000080
10696320,300001987,83565,main,0.0,FLAT_seed1_S_cosine,S,cosine,FLAT,300,1,1,6426320
32128,901491,251,main_at_snapshot,0.0,FLAT_seed1_S_wd0,S,wd0,FLAT,300,1,1,-4237872
35712,1002054,279,branch,0.0005,FLAT_seed1_S_wd0,S,wd0,FLAT,300,1,1,-4234288
72576,2035863,567,main_at_snapshot,0.0,FLAT_seed1_S_wd0,S,wd0,FLAT,300,1,1,-4197424
80640,2262035,630,branch,0.0,FLAT_seed1_S_wd0,S,wd0,FLAT,300,1,1,-4189360
163840,4595334,1280,main_at_snapshot,0.0005,FLAT_seed1_S_wd0,S,wd0,FLAT,300,1,1,-4106160
182016,5105143,1422,branch,0.0,FLAT_seed1_S_wd0,S,wd0,FLAT,300,1,1,-4087984
369920,10375442,2890,main_at_snapshot,0.0,FLAT_seed1_S_wd0,S,wd0,FLAT,300,1,1,-3900080
410880,11524536,3210,branch,0.0,FLAT_seed1_S_wd0,S,wd0,FLAT,300,1,1,-3859120
835328,23429201,6526,main_at_snapshot,0.0,FLAT_seed1_S_wd0,S,wd0,FLAT,300,1,1,-3434672
928128,26032025,7251,branch,0.0,FLAT_seed1_S_wd0,S,wd0,FLAT,300,1,1,-3341872
1886848,52921445,14741,main_at_snapshot,0.001,FLAT_seed1_S_wd0,S,wd0,FLAT,300,1,1,-2383152
2096512,58801209,16379,branch,0.001,FLAT_seed1_S_wd0,S,wd0,FLAT,300,1,1,-2173488
4262144,119536862,33298,main_at_snapshot,0.956,FLAT_seed1_S_wd0,S,wd0,FLAT,300,1,1,-7856
4735616,132815933,36997,branch,0.227,FLAT_seed1_S_wd0,S,wd0,FLAT,300,1,1,465616
4270080,119759387,33360,main,0.9625,FLAT_seed1_S_wd0,S,wd0,FLAT,300,1,1,80
4770048,133781620,37266,main,0.0255,FLAT_seed1_S_wd0,S,wd0,FLAT,300,1,1,500048
5270016,147804252,41172,main,0.012,FLAT_seed1_S_wd0,S,wd0,FLAT,300,1,1,1000016
5770112,161830580,45079,main,0.0055,FLAT_seed1_S_wd0,S,wd0,FLAT,300,1,1,1500112
6270080,175855283,48985,main,0.005,FLAT_seed1_S_wd0,S,wd0,FLAT,300,1,1,2000080
6770048,189878305,52891,main,0.0045,FLAT_seed1_S_wd0,S,wd0,FLAT,300,1,1,2500048
7270016,203901008,56797,main,0.003,FLAT_seed1_S_wd0,S,wd0,FLAT,300,1,1,3000016
7770112,217927105,60704,main,0.002,FLAT_seed1_S_wd0,S,wd0,FLAT,300,1,1,3500112
8270080,231950503,64610,main,0.004,FLAT_seed1_S_wd0,S,wd0,FLAT,300,1,1,4000080
8770048,245973511,68516,main,0.0005,FLAT_seed1_S_wd0,S,wd0,FLAT,300,1,1,4500048
9270016,259997948,72422,main,0.002,FLAT_seed1_S_wd0,S,wd0,FLAT,300,1,1,5000016
9626752,270003495,75209,main_at_snapshot,0.0035,FLAT_seed1_S_wd0,S,wd0,FLAT,300,1,1,5356752
10696320,300001987,83565,branch,0.0025,FLAT_seed1_S_wd0,S,wd0,FLAT,300,1,1,6426320
32128,901606,251,main_at_snapshot,0.0005,FLAT_seed2_L_base,L,base,FLAT,30,2,1,-4237872
35712,1002175,279,branch,0.001,FLAT_seed2_L_base,L,base,FLAT,30,2,1,-4234288
72576,2035541,567,main_at_snapshot,0.0,FLAT_seed2_L_base,L,base,FLAT,30,2,1,-4197424
80640,2261705,630,branch,0.002,FLAT_seed2_L_base,L,base,FLAT,30,2,1,-4189360
163840,4594765,1280,main_at_snapshot,0.0005,FLAT_seed2_L_base,L,base,FLAT,30,2,1,-4106160
182016,5104542,1422,branch,0.001,FLAT_seed2_L_base,L,base,FLAT,30,2,1,-4087984
369920,10375378,2890,main_at_snapshot,0.0005,FLAT_seed2_L_base,L,base,FLAT,30,2,1,-3900080
411008,11527477,3211,branch,0.001,FLAT_seed2_L_base,L,base,FLAT,30,2,1,-3858992
835456,23431390,6527,main_at_snapshot,0.0,FLAT_seed2_L_base,L,base,FLAT,30,2,1,-3434544
928256,26034033,7252,branch,0.0005,FLAT_seed2_L_base,L,base,FLAT,30,2,1,-3341744
1886848,52919897,14741,main_at_snapshot,0.0005,FLAT_seed2_L_base,L,base,FLAT,30,2,1,-2383152
2096512,58800742,16379,branch,0.0,FLAT_seed2_L_base,L,base,FLAT,30,2,1,-2173488
4261888,119536444,33296,main_at_snapshot,0.998,FLAT_seed2_L_base,L,base,FLAT,30,2,1,-8112
4735360,132815534,36995,branch,0.996,FLAT_seed2_L_base,L,base,FLAT,30,2,1,465360
4270080,119766116,33360,main,1.0,FLAT_seed2_L_base,L,base,FLAT,30,2,1,80
4770048,133788881,37266,main,0.787,FLAT_seed2_L_base,L,base,FLAT,30,2,1,500048
5270016,147811914,41172,main,0.3105,FLAT_seed2_L_base,L,base,FLAT,30,2,1,1000016
5770112,161836030,45079,main,0.1115,FLAT_seed2_L_base,L,base,FLAT,30,2,1,1500112
6270080,175858984,48985,main,0.049,FLAT_seed2_L_base,L,base,FLAT,30,2,1,2000080
6770048,189883163,52891,main,0.02,FLAT_seed2_L_base,L,base,FLAT,30,2,1,2500048
7270016,203905885,56797,main,0.012,FLAT_seed2_L_base,L,base,FLAT,30,2,1,3000016
7770112,217932769,60704,main,0.009,FLAT_seed2_L_base,L,base,FLAT,30,2,1,3500112
8270080,231955873,64610,main,0.0045,FLAT_seed2_L_base,L,base,FLAT,30,2,1,4000080
8770048,245979149,68516,main,0.002,FLAT_seed2_L_base,L,base,FLAT,30,2,1,4500048
9270016,260002216,72422,main,0.002,FLAT_seed2_L_base,L,base,FLAT,30,2,1,5000016
9626496,270001535,75207,main_at_snapshot,0.001,FLAT_seed2_L_base,L,base,FLAT,30,2,1,5356496
10696192,300002541,83564,branch,0.0035,FLAT_seed2_L_base,L,base,FLAT,30,2,1,6426192
32128,901606,251,main_at_snapshot,0.0005,FLAT_seed2_L_base_15,L,base,FLAT,15,2,1,-4237872
35712,1002175,279,branch,0.001,FLAT_seed2_L_base_15,L,base,FLAT,15,2,1,-4234288
72576,2035541,567,main_at_snapshot,0.0,FLAT_seed2_L_base_15,L,base,FLAT,15,2,1,-4197424
80640,2261705,630,branch,0.002,FLAT_seed2_L_base_15,L,base,FLAT,15,2,1,-4189360
163840,4594765,1280,main_at_snapshot,0.0005,FLAT_seed2_L_base_15,L,base,FLAT,15,2,1,-4106160
182016,5104542,1422,branch,0.001,FLAT_seed2_L_base_15,L,base,FLAT,15,2,1,-4087984
369920,10375378,2890,main_at_snapshot,0.0,FLAT_seed2_L_base_15,L,base,FLAT,15,2,1,-3900080
411008,11527477,3211,branch,0.0,FLAT_seed2_L_base_15,L,base,FLAT,15,2,1,-3858992
835456,23431390,6527,main_at_snapshot,0.0,FLAT_seed2_L_base_15,L,base,FLAT,15,2,1,-3434544
928256,26034033,7252,branch,0.0,FLAT_seed2_L_base_15,L,base,FLAT,15,2,1,-3341744
1886848,52919897,14741,main_at_snapshot,0.0,FLAT_seed2_L_base_15,L,base,FLAT,15,2,1,-2383152
2096512,58800742,16379,branch,0.0005,FLAT_seed2_L_base_15,L,base,FLAT,15,2,1,-2173488
4261888,119536444,33296,main_at_snapshot,0.857,FLAT_seed2_L_base_15,L,base,FLAT,15,2,1,-8112
4735360,132815534,36995,branch,0.228,FLAT_seed2_L_base_15,L,base,FLAT,15,2,1,465360
4270080,119766116,33360,main,0.854,FLAT_seed2_L_base_15,L,base,FLAT,15,2,1,80
4770048,133788881,37266,main,0.0015,FLAT_seed2_L_base_15,L,base,FLAT,15,2,1,500048
5270016,147811914,41172,main,0.002,FLAT_seed2_L_base_15,L,base,FLAT,15,2,1,1000016
5770112,161836030,45079,main,0.0025,FLAT_seed2_L_base_15,L,base,FLAT,15,2,1,1500112
6270080,175858984,48985,main,0.001,FLAT_seed2_L_base_15,L,base,FLAT,15,2,1,2000080
6770048,189883163,52891,main,0.0025,FLAT_seed2_L_base_15,L,base,FLAT,15,2,1,2500048
7270016,203905885,56797,main,0.001,FLAT_seed2_L_base_15,L,base,FLAT,15,2,1,3000016
7770112,217932769,60704,main,0.0015,FLAT_seed2_L_base_15,L,base,FLAT,15,2,1,3500112
8270080,231955873,64610,main,0.0,FLAT_seed2_L_base_15,L,base,FLAT,15,2,1,4000080
8770048,245979149,68516,main,0.0,FLAT_seed2_L_base_15,L,base,FLAT,15,2,1,4500048
9270016,260002216,72422,main,0.0015,FLAT_seed2_L_base_15,L,base,FLAT,15,2,1,5000016
9626496,270001535,75207,main_at_snapshot,0.0,FLAT_seed2_L_base_15,L,base,FLAT,15,2,1,5356496
10696192,300002541,83564,branch,0.0,FLAT_seed2_L_base_15,L,base,FLAT,15,2,1,6426192
32128,901606,251,main_at_snapshot,0.0005,FLAT_seed2_L_base_8,L,base,FLAT,8,2,1,-4237872
35712,1002175,279,branch,0.001,FLAT_seed2_L_base_8,L,base,FLAT,8,2,1,-4234288
72576,2035541,567,main_at_snapshot,0.0,FLAT_seed2_L_base_8,L,base,FLAT,8,2,1,-4197424
80640,2261705,630,branch,0.002,FLAT_seed2_L_base_8,L,base,FLAT,8,2,1,-4189360
163840,4594765,1280,main_at_snapshot,0.0005,FLAT_seed2_L_base_8,L,base,FLAT,8,2,1,-4106160
182016,5104542,1422,branch,0.001,FLAT_seed2_L_base_8,L,base,FLAT,8,2,1,-4087984
369920,10375378,2890,main_at_snapshot,0.0005,FLAT_seed2_L_base_8,L,base,FLAT,8,2,1,-3900080
411008,11527477,3211,branch,0.0,FLAT_seed2_L_base_8,L,base,FLAT,8,2,1,-3858992
835456,23431390,6527,main_at_snapshot,0.001,FLAT_seed2_L_base_8,L,base,FLAT,8,2,1,-3434544
928256,26034033,7252,branch,0.0005,FLAT_seed2_L_base_8,L,base,FLAT,8,2,1,-3341744
1886848,52919897,14741,main_at_snapshot,0.0005,FLAT_seed2_L_base_8,L,base,FLAT,8,2,1,-2383152
2096512,58800742,16379,branch,0.0,FLAT_seed2_L_base_8,L,base,FLAT,8,2,1,-2173488
4261888,119536444,33296,main_at_snapshot,0.5975,FLAT_seed2_L_base_8,L,base,FLAT,8,2,1,-8112
4735360,132815534,36995,branch,0.044,FLAT_seed2_L_base_8,L,base,FLAT,8,2,1,465360
4270080,119766116,33360,main,0.6455,FLAT_seed2_L_base_8,L,base,FLAT,8,2,1,80
4770048,133788881,37266,main,0.0015,FLAT_seed2_L_base_8,L,base,FLAT,8,2,1,500048
5270016,147811914,41172,main,0.0,FLAT_seed2_L_base_8,L,base,FLAT,8,2,1,1000016
5770112,161836030,45079,main,0.0005,FLAT_seed2_L_base_8,L,base,FLAT,8,2,1,1500112
6270080,175858984,48985,main,0.0,FLAT_seed2_L_base_8,L,base,FLAT,8,2,1,2000080
6770048,189883163,52891,main,0.0005,FLAT_seed2_L_base_8,L,base,FLAT,8,2,1,2500048
7270016,203905885,56797,main,0.001,FLAT_seed2_L_base_8,L,base,FLAT,8,2,1,3000016
7770112,217932769,60704,main,0.0,FLAT_seed2_L_base_8,L,base,FLAT,8,2,1,3500112
8270080,231955873,64610,main,0.0,FLAT_seed2_L_base_8,L,base,FLAT,8,2,1,4000080
8770048,245979149,68516,main,0.0,FLAT_seed2_L_base_8,L,base,FLAT,8,2,1,4500048
9270016,260002216,72422,main,0.0005,FLAT_seed2_L_base_8,L,base,FLAT,8,2,1,5000016
9626496,270001535,75207,main_at_snapshot,0.0005,FLAT_seed2_L_base_8,L,base,FLAT,8,2,1,5356496
10696192,300002541,83564,branch,0.002,FLAT_seed2_L_base_8,L,base,FLAT,8,2,1,6426192
35712,1002175,279,main,0.0015,FLAT_seed2_L_cosine,L,cosine,FLAT,30,2,1,-4234288
80640,2261705,630,main,0.0005,FLAT_seed2_L_cosine,L,cosine,FLAT,30,2,1,-4189360
182016,5104542,1422,main,0.0,FLAT_seed2_L_cosine,L,cosine,FLAT,30,2,1,-4087984
411008,11527477,3211,main,0.0005,FLAT_seed2_L_cosine,L,cosine,FLAT,30,2,1,-3858992
928256,26034033,7252,main,0.0005,FLAT_seed2_L_cosine,L,cosine,FLAT,30,2,1,-3341744
2096512,58800742,16379,main,0.0,FLAT_seed2_L_cosine,L,cosine,FLAT,30,2,1,-2173488
4270080,119766116,33360,main,0.9995,FLAT_seed2_L_cosine,L,cosine,FLAT,30,2,1,80
4735360,132815534,36995,main,0.986,FLAT_seed2_L_cosine,L,cosine,FLAT,30,2,1,465360
4770048,133788881,37266,main,0.9825,FLAT_seed2_L_cosine,L,cosine,FLAT,30,2,1,500048
5270016,147811914,41172,main,0.898,FLAT_seed2_L_cosine,L,cosine,FLAT,30,2,1,1000016
5770112,161836030,45079,main,0.77,FLAT_seed2_L_cosine,L,cosine,FLAT,30,2,1,1500112
6270080,175858984,48985,main,0.6655,FLAT_seed2_L_cosine,L,cosine,FLAT,30,2,1,2000080
6770048,189883163,52891,main,0.6075,FLAT_seed2_L_cosine,L,cosine,FLAT,30,2,1,2500048
7270016,203905885,56797,main,0.5485,FLAT_seed2_L_cosine,L,cosine,FLAT,30,2,1,3000016
7770112,217932769,60704,main,0.528,FLAT_seed2_L_cosine,L,cosine,FLAT,30,2,1,3500112
8270080,231955873,64610,main,0.48,FLAT_seed2_L_cosine,L,cosine,FLAT,30,2,1,4000080
8770048,245979149,68516,main,0.4595,FLAT_seed2_L_cosine,L,cosine,FLAT,30,2,1,4500048
9270016,260002216,72422,main,0.4375,FLAT_seed2_L_cosine,L,cosine,FLAT,30,2,1,5000016
9770112,274029648,76329,main,0.3945,FLAT_seed2_L_cosine,L,cosine,FLAT,30,2,1,5500112
10270080,288052762,80235,main,0.377,FLAT_seed2_L_cosine,L,cosine,FLAT,30,2,1,6000080
10696192,300002541,83564,main,0.3605,FLAT_seed2_L_cosine,L,cosine,FLAT,30,2,1,6426192
32128,901606,251,main_at_snapshot,0.0005,FLAT_seed2_L_wd0,L,wd0,FLAT,30,2,1,-4237872
35712,1002175,279,branch,0.0,FLAT_seed2_L_wd0,L,wd0,FLAT,30,2,1,-4234288
72576,2035541,567,main_at_snapshot,0.0,FLAT_seed2_L_wd0,L,wd0,FLAT,30,2,1,-4197424
80640,2261705,630,branch,0.0,FLAT_seed2_L_wd0,L,wd0,FLAT,30,2,1,-4189360
163840,4594765,1280,main_at_snapshot,0.0,FLAT_seed2_L_wd0,L,wd0,FLAT,30,2,1,-4106160
182016,5104542,1422,branch,0.0005,FLAT_seed2_L_wd0,L,wd0,FLAT,30,2,1,-4087984
369920,10375378,2890,main_at_snapshot,0.001,FLAT_seed2_L_wd0,L,wd0,FLAT,30,2,1,-3900080
411008,11527477,3211,branch,0.0005,FLAT_seed2_L_wd0,L,wd0,FLAT,30,2,1,-3858992
835456,23431390,6527,main_at_snapshot,0.0005,FLAT_seed2_L_wd0,L,wd0,FLAT,30,2,1,-3434544
928256,26034033,7252,branch,0.0,FLAT_seed2_L_wd0,L,wd0,FLAT,30,2,1,-3341744
1886848,52919897,14741,main_at_snapshot,0.0,FLAT_seed2_L_wd0,L,wd0,FLAT,30,2,1,-2383152
2096512,58800742,16379,branch,0.0,FLAT_seed2_L_wd0,L,wd0,FLAT,30,2,1,-2173488
4261888,119536444,33296,main_at_snapshot,1.0,FLAT_seed2_L_wd0,L,wd0,FLAT,30,2,1,-8112
4735360,132815534,36995,branch,0.9995,FLAT_seed2_L_wd0,L,wd0,FLAT,30,2,1,465360
4270080,119766116,33360,main,1.0,FLAT_seed2_L_wd0,L,wd0,FLAT,30,2,1,80
4770048,133788881,37266,main,0.861,FLAT_seed2_L_wd0,L,wd0,FLAT,30,2,1,500048
5270016,147811914,41172,main,0.5795,FLAT_seed2_L_wd0,L,wd0,FLAT,30,2,1,1000016
5770112,161836030,45079,main,0.372,FLAT_seed2_L_wd0,L,wd0,FLAT,30,2,1,1500112
6270080,175858984,48985,main,0.2515,FLAT_seed2_L_wd0,L,wd0,FLAT,30,2,1,2000080
6770048,189883163,52891,main,0.175,FLAT_seed2_L_wd0,L,wd0,FLAT,30,2,1,2500048
7270016,203905885,56797,main,0.13,FLAT_seed2_L_wd0,L,wd0,FLAT,30,2,1,3000016
7770112,217932769,60704,main,0.1,FLAT_seed2_L_wd0,L,wd0,FLAT,30,2,1,3500112
8270080,231955873,64610,main,0.0675,FLAT_seed2_L_wd0,L,wd0,FLAT,30,2,1,4000080
8770048,245979149,68516,main,0.0675,FLAT_seed2_L_wd0,L,wd0,FLAT,30,2,1,4500048
9270016,260002216,72422,main,0.052,FLAT_seed2_L_wd0,L,wd0,FLAT,30,2,1,5000016
9626496,270001535,75207,main_at_snapshot,0.042,FLAT_seed2_L_wd0,L,wd0,FLAT,30,2,1,5356496
10696192,300002541,83564,branch,0.0935,FLAT_seed2_L_wd0,L,wd0,FLAT,30,2,1,6426192
32128,901606,251,main_at_snapshot,0.0,FLAT_seed2_M_base,M,base,FLAT,100,2,1,-4237872
35712,1002175,279,branch,0.0,FLAT_seed2_M_base,M,base,FLAT,100,2,1,-4234288
72576,2035541,567,main_at_snapshot,0.001,FLAT_seed2_M_base,M,base,FLAT,100,2,1,-4197424
80640,2261705,630,branch,0.0005,FLAT_seed2_M_base,M,base,FLAT,100,2,1,-4189360
163840,4594765,1280,main_at_snapshot,0.0005,FLAT_seed2_M_base,M,base,FLAT,100,2,1,-4106160
182016,5104542,1422,branch,0.0005,FLAT_seed2_M_base,M,base,FLAT,100,2,1,-4087984
369920,10375378,2890,main_at_snapshot,0.0,FLAT_seed2_M_base,M,base,FLAT,100,2,1,-3900080
411008,11527477,3211,branch,0.0,FLAT_seed2_M_base,M,base,FLAT,100,2,1,-3858992
835456,23431390,6527,main_at_snapshot,0.0,FLAT_seed2_M_base,M,base,FLAT,100,2,1,-3434544
928256,26034033,7252,branch,0.0,FLAT_seed2_M_base,M,base,FLAT,100,2,1,-3341744
1886848,52919897,14741,main_at_snapshot,0.0,FLAT_seed2_M_base,M,base,FLAT,100,2,1,-2383152
2096512,58800742,16379,branch,0.0,FLAT_seed2_M_base,M,base,FLAT,100,2,1,-2173488
4261888,119536444,33296,main_at_snapshot,0.9995,FLAT_seed2_M_base,M,base,FLAT,100,2,1,-8112
4735360,132815534,36995,branch,0.973,FLAT_seed2_M_base,M,base,FLAT,100,2,1,465360
4270080,119766116,33360,main,0.9985,FLAT_seed2_M_base,M,base,FLAT,100,2,1,80
4770048,133788881,37266,main,0.3325,FLAT_seed2_M_base,M,base,FLAT,100,2,1,500048
5270016,147811914,41172,main,0.0875,FLAT_seed2_M_base,M,base,FLAT,100,2,1,1000016
5770112,161836030,45079,main,0.03,FLAT_seed2_M_base,M,base,FLAT,100,2,1,1500112
6270080,175858984,48985,main,0.014,FLAT_seed2_M_base,M,base,FLAT,100,2,1,2000080
6770048,189883163,52891,main,0.0095,FLAT_seed2_M_base,M,base,FLAT,100,2,1,2500048
7270016,203905885,56797,main,0.008,FLAT_seed2_M_base,M,base,FLAT,100,2,1,3000016
7770112,217932769,60704,main,0.004,FLAT_seed2_M_base,M,base,FLAT,100,2,1,3500112
8270080,231955873,64610,main,0.0055,FLAT_seed2_M_base,M,base,FLAT,100,2,1,4000080
8770048,245979149,68516,main,0.0025,FLAT_seed2_M_base,M,base,FLAT,100,2,1,4500048
9270016,260002216,72422,main,0.0015,FLAT_seed2_M_base,M,base,FLAT,100,2,1,5000016
9626496,270001535,75207,main_at_snapshot,0.0035,FLAT_seed2_M_base,M,base,FLAT,100,2,1,5356496
10696192,300002541,83564,branch,0.0035,FLAT_seed2_M_base,M,base,FLAT,100,2,1,6426192
64256,1802203,502,main_at_snapshot,0.0,FLAT_seed2_M_base_2B,M,base,FLAT,100,2,2,-4205744
71424,2003224,558,branch,0.0005,FLAT_seed2_M_base_2B,M,base,FLAT,100,2,2,-4198576
145024,4067226,1133,main_at_snapshot,0.0,FLAT_seed2_M_base_2B,M,base,FLAT,100,2,2,-4124976
161152,4519386,1259,branch,0.0,FLAT_seed2_M_base_2B,M,base,FLAT,100,2,2,-4108848
327552,9186682,2559,main_at_snapshot,0.0,FLAT_seed2_M_base_2B,M,base,FLAT,100,2,2,-3942448
363904,10206539,2843,branch,0.0,FLAT_seed2_M_base_2B,M,base,FLAT,100,2,2,-3906096
739712,20745814,5779,main_at_snapshot,0.0005,FLAT_seed2_M_base_2B,M,base,FLAT,100,2,2,-3530288
821888,23050536,6421,branch,0.0,FLAT_seed2_M_base_2B,M,base,FLAT,100,2,2,-3448112
1670784,46860129,13053,main_at_snapshot,0.0,FLAT_seed2_M_base_2B,M,base,FLAT,100,2,2,-2599216
1856384,52065507,14503,branch,0.0,FLAT_seed2_M_base_2B,M,base,FLAT,100,2,2,-2413616
3773568,105840682,29481,main_at_snapshot,1.0,FLAT_seed2_M_base_2B,M,base,FLAT,100,2,2,-496432
4192896,117601844,32757,branch,1.0,FLAT_seed2_M_base_2B,M,base,FLAT,100,2,2,-77104
4270080,119766116,33360,main,0.9985,FLAT_seed2_M_base_2B,M,base,FLAT,100,2,2,80
4770048,133788881,37266,main,0.3325,FLAT_seed2_M_base_2B,M,base,FLAT,100,2,2,500048
5270016,147811914,41172,main,0.0875,FLAT_seed2_M_base_2B,M,base,FLAT,100,2,2,1000016
5770112,161836030,45079,main,0.03,FLAT_seed2_M_base_2B,M,base,FLAT,100,2,2,1500112
6270080,175858984,48985,main,0.014,FLAT_seed2_M_base_2B,M,base,FLAT,100,2,2,2000080
6770048,189883163,52891,main,0.0095,FLAT_seed2_M_base_2B,M,base,FLAT,100,2,2,2500048
7270016,203905885,56797,main,0.008,FLAT_seed2_M_base_2B,M,base,FLAT,100,2,2,3000016
7770112,217932769,60704,main,0.004,FLAT_seed2_M_base_2B,M,base,FLAT,100,2,2,3500112
8270080,231955873,64610,main,0.0055,FLAT_seed2_M_base_2B,M,base,FLAT,100,2,2,4000080
8523648,239067736,66591,main_at_snapshot,0.003,FLAT_seed2_M_base_2B,M,base,FLAT,100,2,2,4253648
9470720,265632627,73990,branch,0.0075,FLAT_seed2_M_base_2B,M,base,FLAT,100,2,2,5200720
8770048,245979149,68516,main,0.0025,FLAT_seed2_M_base_2B,M,base,FLAT,100,2,2,4500048
9270016,260002216,72422,main,0.0015,FLAT_seed2_M_base_2B,M,base,FLAT,100,2,2,5000016
9770112,274029648,76329,main,0.002,FLAT_seed2_M_base_2B,M,base,FLAT,100,2,2,5500112
10270080,288052762,80235,main,0.001,FLAT_seed2_M_base_2B,M,base,FLAT,100,2,2,6000080
10770048,302074004,84141,main,0.0015,FLAT_seed2_M_base_2B,M,base,FLAT,100,2,2,6500048
11270016,316097660,88047,main,0.001,FLAT_seed2_M_base_2B,M,base,FLAT,100,2,2,7000016
11770112,330124129,91954,main,0.002,FLAT_seed2_M_base_2B,M,base,FLAT,100,2,2,7500112
12270080,344146667,95860,main,0.0,FLAT_seed2_M_base_2B,M,base,FLAT,100,2,2,8000080
12770048,358169487,99766,main,0.001,FLAT_seed2_M_base_2B,M,base,FLAT,100,2,2,8500048
13270016,372190894,103672,main,0.002,FLAT_seed2_M_base_2B,M,base,FLAT,100,2,2,9000016
13770112,386215813,107579,main,0.0025,FLAT_seed2_M_base_2B,M,base,FLAT,100,2,2,9500112
14270080,400238394,111485,main,0.0,FLAT_seed2_M_base_2B,M,base,FLAT,100,2,2,10000080
14770048,414260443,115391,main,0.0015,FLAT_seed2_M_base_2B,M,base,FLAT,100,2,2,10500048
15270016,428282160,119297,main,0.0005,FLAT_seed2_M_base_2B,M,base,FLAT,100,2,2,11000016
15770112,442306486,123204,main,0.0025,FLAT_seed2_M_base_2B,M,base,FLAT,100,2,2,11500112
16270080,456329104,127110,main,0.0,FLAT_seed2_M_base_2B,M,base,FLAT,100,2,2,12000080
16770048,470350998,131016,main,0.001,FLAT_seed2_M_base_2B,M,base,FLAT,100,2,2,12500048
17270016,484373138,134922,main,0.0005,FLAT_seed2_M_base_2B,M,base,FLAT,100,2,2,13000016
17770112,498398773,138829,main,0.0,FLAT_seed2_M_base_2B,M,base,FLAT,100,2,2,13500112
18270080,512420949,142735,main,0.001,FLAT_seed2_M_base_2B,M,base,FLAT,100,2,2,14000080
18770048,526443103,146641,main,0.001,FLAT_seed2_M_base_2B,M,base,FLAT,100,2,2,14500048
19253504,540002456,150418,main_at_snapshot,0.0,FLAT_seed2_M_base_2B,M,base,FLAT,100,2,2,14983504
21392896,600001472,167132,branch,0.001,FLAT_seed2_M_base_2B,M,base,FLAT,100,2,2,17122896
128384,3600768,1003,main_at_snapshot,0.0015,FLAT_seed2_M_base_4B,M,base,FLAT,100,2,4,-4141616
142720,4002719,1115,branch,0.001,FLAT_seed2_M_base_4B,M,base,FLAT,100,2,4,-4127280
290048,8134520,2266,main_at_snapshot,0.0,FLAT_seed2_M_base_4B,M,base,FLAT,100,2,4,-3979952
322176,9035748,2517,branch,0.0,FLAT_seed2_M_base_4B,M,base,FLAT,100,2,4,-3947824
654976,18369811,5117,main_at_snapshot,0.0,FLAT_seed2_M_base_4B,M,base,FLAT,100,2,4,-3615024
727680,20408666,5685,branch,0.0,FLAT_seed2_M_base_4B,M,base,FLAT,100,2,4,-3542320
1479296,41489001,11557,main_at_snapshot,0.0,FLAT_seed2_M_base_4B,M,base,FLAT,100,2,4,-2790704
1643648,46099227,12841,branch,0.0,FLAT_seed2_M_base_4B,M,base,FLAT,100,2,4,-2626352
3341184,93713714,26103,main_at_snapshot,0.999,FLAT_seed2_M_base_4B,M,base,FLAT,100,2,4,-928816
3712512,104128093,29004,branch,1.0,FLAT_seed2_M_base_4B,M,base,FLAT,100,2,4,-557488
4270080,119766116,33360,main,0.9985,FLAT_seed2_M_base_4B,M,base,FLAT,100,2,4,80
4770048,133788881,37266,main,0.3325,FLAT_seed2_M_base_4B,M,base,FLAT,100,2,4,500048
5270016,147811914,41172,main,0.0875,FLAT_seed2_M_base_4B,M,base,FLAT,100,2,4,1000016
5770112,161836030,45079,main,0.03,FLAT_seed2_M_base_4B,M,base,FLAT,100,2,4,1500112
6270080,175858984,48985,main,0.014,FLAT_seed2_M_base_4B,M,base,FLAT,100,2,4,2000080
6770048,189883163,52891,main,0.0095,FLAT_seed2_M_base_4B,M,base,FLAT,100,2,4,2500048
7270016,203905885,56797,main,0.008,FLAT_seed2_M_base_4B,M,base,FLAT,100,2,4,3000016
7547136,211678667,58962,main_at_snapshot,0.0035,FLAT_seed2_M_base_4B,M,base,FLAT,100,2,4,3277136
8385664,235197597,65513,branch,0.008,FLAT_seed2_M_base_4B,M,base,FLAT,100,2,4,4115664
7770112,217932769,60704,main,0.004,FLAT_seed2_M_base_4B,M,base,FLAT,100,2,4,3500112
8270080,231955873,64610,main,0.0055,FLAT_seed2_M_base_4B,M,base,FLAT,100,2,4,4000080
8770048,245979149,68516,main,0.0025,FLAT_seed2_M_base_4B,M,base,FLAT,100,2,4,4500048
9270016,260002216,72422,main,0.0015,FLAT_seed2_M_base_4B,M,base,FLAT,100,2,4,5000016
9770112,274029648,76329,main,0.002,FLAT_seed2_M_base_4B,M,base,FLAT,100,2,4,5500112
10270080,288052762,80235,main,0.001,FLAT_seed2_M_base_4B,M,base,FLAT,100,2,4,6000080
10770048,302074004,84141,main,0.0015,FLAT_seed2_M_base_4B,M,base,FLAT,100,2,4,6500048
11270016,316097660,88047,main,0.001,FLAT_seed2_M_base_4B,M,base,FLAT,100,2,4,7000016
11770112,330124129,91954,main,0.002,FLAT_seed2_M_base_4B,M,base,FLAT,100,2,4,7500112
12270080,344146667,95860,main,0.0,FLAT_seed2_M_base_4B,M,base,FLAT,100,2,4,8000080
12770048,358169487,99766,main,0.001,FLAT_seed2_M_base_4B,M,base,FLAT,100,2,4,8500048
13270016,372190894,103672,main,0.002,FLAT_seed2_M_base_4B,M,base,FLAT,100,2,4,9000016
13770112,386215813,107579,main,0.0025,FLAT_seed2_M_base_4B,M,base,FLAT,100,2,4,9500112
14270080,400238394,111485,main,0.0,FLAT_seed2_M_base_4B,M,base,FLAT,100,2,4,10000080
14770048,414260443,115391,main,0.0015,FLAT_seed2_M_base_4B,M,base,FLAT,100,2,4,10500048
15270016,428282160,119297,main,0.0005,FLAT_seed2_M_base_4B,M,base,FLAT,100,2,4,11000016
15770112,442306486,123204,main,0.0025,FLAT_seed2_M_base_4B,M,base,FLAT,100,2,4,11500112
16270080,456329104,127110,main,0.0,FLAT_seed2_M_base_4B,M,base,FLAT,100,2,4,12000080
16770048,470350998,131016,main,0.001,FLAT_seed2_M_base_4B,M,base,FLAT,100,2,4,12500048
17047552,478134168,133184,main_at_snapshot,0.0015,FLAT_seed2_M_base_4B,M,base,FLAT,100,2,4,12777552
18941824,531260667,147983,branch,0.0005,FLAT_seed2_M_base_4B,M,base,FLAT,100,2,4,14671824
17270016,484373138,134922,main,0.0005,FLAT_seed2_M_base_4B,M,base,FLAT,100,2,4,13000016
17770112,498398773,138829,main,0.0,FLAT_seed2_M_base_4B,M,base,FLAT,100,2,4,13500112
18270080,512420949,142735,main,0.001,FLAT_seed2_M_base_4B,M,base,FLAT,100,2,4,14000080
18770048,526443103,146641,main,0.001,FLAT_seed2_M_base_4B,M,base,FLAT,100,2,4,14500048
19270016,540465510,150547,main,0.0,FLAT_seed2_M_base_4B,M,base,FLAT,100,2,4,15000016
19770112,554491555,154454,main,0.001,FLAT_seed2_M_base_4B,M,base,FLAT,100,2,4,15500112
20270080,568512032,158360,main,0.001,FLAT_seed2_M_base_4B,M,base,FLAT,100,2,4,16000080
20770048,582534013,162266,main,0.0005,FLAT_seed2_M_base_4B,M,base,FLAT,100,2,4,16500048
21270016,596554728,166172,main,0.0,FLAT_seed2_M_base_4B,M,base,FLAT,100,2,4,17000016
21770112,610581626,170079,main,0.0,FLAT_seed2_M_base_4B,M,base,FLAT,100,2,4,17500112
22270080,624603444,173985,main,0.0,FLAT_seed2_M_base_4B,M,base,FLAT,100,2,4,18000080
22770048,638626127,177891,main,0.001,FLAT_seed2_M_base_4B,M,base,FLAT,100,2,4,18500048
23270016,652649840,181797,main,0.0015,FLAT_seed2_M_base_4B,M,base,FLAT,100,2,4,19000016
23770112,666675869,185704,main,0.0,FLAT_seed2_M_base_4B,M,base,FLAT,100,2,4,19500112
24270080,680698074,189610,main,0.001,FLAT_seed2_M_base_4B,M,base,FLAT,100,2,4,20000080
24770048,694718867,193516,main,0.0005,FLAT_seed2_M_base_4B,M,base,FLAT,100,2,4,20500048
25270016,708743422,197422,main,0.0,FLAT_seed2_M_base_4B,M,base,FLAT,100,2,4,21000016
25770112,722769639,201329,main,0.0015,FLAT_seed2_M_base_4B,M,base,FLAT,100,2,4,21500112
26270080,736793032,205235,main,0.0005,FLAT_seed2_M_base_4B,M,base,FLAT,100,2,4,22000080
26770048,750815847,209141,main,0.0,FLAT_seed2_M_base_4B,M,base,FLAT,100,2,4,22500048
27270016,764839313,213047,main,0.001,FLAT_seed2_M_base_4B,M,base,FLAT,100,2,4,23000016
27770112,778866977,216954,main,0.0005,FLAT_seed2_M_base_4B,M,base,FLAT,100,2,4,23500112
28270080,792888455,220860,main,0.001,FLAT_seed2_M_base_4B,M,base,FLAT,100,2,4,24000080
28770048,806911080,224766,main,0.0,FLAT_seed2_M_base_4B,M,base,FLAT,100,2,4,24500048
29270016,820934872,228672,main,0.0,FLAT_seed2_M_base_4B,M,base,FLAT,100,2,4,25000016
29770112,834962429,232579,main,0.0005,FLAT_seed2_M_base_4B,M,base,FLAT,100,2,4,25500112
30270080,848986168,236485,main,0.0,FLAT_seed2_M_base_4B,M,base,FLAT,100,2,4,26000080
30770048,863007962,240391,main,0.0005,FLAT_seed2_M_base_4B,M,base,FLAT,100,2,4,26500048
31270016,877029353,244297,main,0.0005,FLAT_seed2_M_base_4B,M,base,FLAT,100,2,4,27000016
31770112,891055315,248204,main,0.0,FLAT_seed2_M_base_4B,M,base,FLAT,100,2,4,27500112
32270080,905078792,252110,main,0.0,FLAT_seed2_M_base_4B,M,base,FLAT,100,2,4,28000080
32770048,919101163,256016,main,0.0005,FLAT_seed2_M_base_4B,M,base,FLAT,100,2,4,28500048
33270016,933125110,259922,main,0.0005,FLAT_seed2_M_base_4B,M,base,FLAT,100,2,4,29000016
33770112,947151958,263829,main,0.0005,FLAT_seed2_M_base_4B,M,base,FLAT,100,2,4,29500112
34270080,961172507,267735,main,0.0,FLAT_seed2_M_base_4B,M,base,FLAT,100,2,4,30000080
34770048,975195703,271641,main,0.0005,FLAT_seed2_M_base_4B,M,base,FLAT,100,2,4,30500048
35270016,989217944,275547,main,0.0,FLAT_seed2_M_base_4B,M,base,FLAT,100,2,4,31000016
35770112,1003244642,279454,main,0.0,FLAT_seed2_M_base_4B,M,base,FLAT,100,2,4,31500112
36270080,1017267590,283360,main,0.0,FLAT_seed2_M_base_4B,M,base,FLAT,100,2,4,32000080
36770048,1031290250,287266,main,0.0005,FLAT_seed2_M_base_4B,M,base,FLAT,100,2,4,32500048
37270016,1045311862,291172,main,0.0005,FLAT_seed2_M_base_4B,M,base,FLAT,100,2,4,33000016
37770112,1059337782,295079,main,0.0,FLAT_seed2_M_base_4B,M,base,FLAT,100,2,4,33500112
38270080,1073362289,298985,main,0.0,FLAT_seed2_M_base_4B,M,base,FLAT,100,2,4,34000080
38506880,1080003079,300835,main_at_snapshot,0.0005,FLAT_seed2_M_base_4B,M,base,FLAT,100,2,4,34236880
42785280,1200000927,334260,branch,0.0,FLAT_seed2_M_base_4B,M,base,FLAT,100,2,4,38515280
35712,1002175,279,main,0.0005,FLAT_seed2_M_cosine,M,cosine,FLAT,100,2,1,-4234288
80640,2261705,630,main,0.0005,FLAT_seed2_M_cosine,M,cosine,FLAT,100,2,1,-4189360
182016,5104542,1422,main,0.0,FLAT_seed2_M_cosine,M,cosine,FLAT,100,2,1,-4087984
411008,11527477,3211,main,0.0,FLAT_seed2_M_cosine,M,cosine,FLAT,100,2,1,-3858992
928256,26034033,7252,main,0.0,FLAT_seed2_M_cosine,M,cosine,FLAT,100,2,1,-3341744
2096512,58800742,16379,main,0.0,FLAT_seed2_M_cosine,M,cosine,FLAT,100,2,1,-2173488
4270080,119766116,33360,main,0.9995,FLAT_seed2_M_cosine,M,cosine,FLAT,100,2,1,80
4735360,132815534,36995,main,0.776,FLAT_seed2_M_cosine,M,cosine,FLAT,100,2,1,465360
4770048,133788881,37266,main,0.7545,FLAT_seed2_M_cosine,M,cosine,FLAT,100,2,1,500048
5270016,147811914,41172,main,0.39,FLAT_seed2_M_cosine,M,cosine,FLAT,100,2,1,1000016
5770112,161836030,45079,main,0.228,FLAT_seed2_M_cosine,M,cosine,FLAT,100,2,1,1500112
6270080,175858984,48985,main,0.1735,FLAT_seed2_M_cosine,M,cosine,FLAT,100,2,1,2000080
6770048,189883163,52891,main,0.149,FLAT_seed2_M_cosine,M,cosine,FLAT,100,2,1,2500048
7270016,203905885,56797,main,0.123,FLAT_seed2_M_cosine,M,cosine,FLAT,100,2,1,3000016
7770112,217932769,60704,main,0.113,FLAT_seed2_M_cosine,M,cosine,FLAT,100,2,1,3500112
8270080,231955873,64610,main,0.0995,FLAT_seed2_M_cosine,M,cosine,FLAT,100,2,1,4000080
8770048,245979149,68516,main,0.099,FLAT_seed2_M_cosine,M,cosine,FLAT,100,2,1,4500048
9270016,260002216,72422,main,0.0935,FLAT_seed2_M_cosine,M,cosine,FLAT,100,2,1,5000016
9770112,274029648,76329,main,0.08,FLAT_seed2_M_cosine,M,cosine,FLAT,100,2,1,5500112
10270080,288052762,80235,main,0.07,FLAT_seed2_M_cosine,M,cosine,FLAT,100,2,1,6000080
10696192,300002541,83564,main,0.0685,FLAT_seed2_M_cosine,M,cosine,FLAT,100,2,1,6426192
32128,901606,251,main_at_snapshot,0.0,FLAT_seed2_M_lr3,M,lr3,FLAT,100,2,1,-4237872
35712,1002175,279,branch,0.0,FLAT_seed2_M_lr3,M,lr3,FLAT,100,2,1,-4234288
72576,2035541,567,main_at_snapshot,0.001,FLAT_seed2_M_lr3,M,lr3,FLAT,100,2,1,-4197424
80640,2261705,630,branch,0.0005,FLAT_seed2_M_lr3,M,lr3,FLAT,100,2,1,-4189360
163840,4594765,1280,main_at_snapshot,0.001,FLAT_seed2_M_lr3,M,lr3,FLAT,100,2,1,-4106160
182016,5104542,1422,branch,0.001,FLAT_seed2_M_lr3,M,lr3,FLAT,100,2,1,-4087984
369920,10375378,2890,main_at_snapshot,0.001,FLAT_seed2_M_lr3,M,lr3,FLAT,100,2,1,-3900080
411008,11527477,3211,branch,0.001,FLAT_seed2_M_lr3,M,lr3,FLAT,100,2,1,-3858992
835456,23431390,6527,main_at_snapshot,0.0,FLAT_seed2_M_lr3,M,lr3,FLAT,100,2,1,-3434544
928256,26034033,7252,branch,0.0,FLAT_seed2_M_lr3,M,lr3,FLAT,100,2,1,-3341744
1886848,52919897,14741,main_at_snapshot,0.0005,FLAT_seed2_M_lr3,M,lr3,FLAT,100,2,1,-2383152
2096512,58800742,16379,branch,0.0,FLAT_seed2_M_lr3,M,lr3,FLAT,100,2,1,-2173488
4261888,119536444,33296,main_at_snapshot,1.0,FLAT_seed2_M_lr3,M,lr3,FLAT,100,2,1,-8112
4735360,132815534,36995,branch,1.0,FLAT_seed2_M_lr3,M,lr3,FLAT,100,2,1,465360
4270080,119766116,33360,main,1.0,FLAT_seed2_M_lr3,M,lr3,FLAT,100,2,1,80
4770048,133788881,37266,main,0.9935,FLAT_seed2_M_lr3,M,lr3,FLAT,100,2,1,500048
5270016,147811914,41172,main,0.878,FLAT_seed2_M_lr3,M,lr3,FLAT,100,2,1,1000016
5770112,161836030,45079,main,0.6355,FLAT_seed2_M_lr3,M,lr3,FLAT,100,2,1,1500112
6270080,175858984,48985,main,0.4215,FLAT_seed2_M_lr3,M,lr3,FLAT,100,2,1,2000080
6770048,189883163,52891,main,0.268,FLAT_seed2_M_lr3,M,lr3,FLAT,100,2,1,2500048
7270016,203905885,56797,main,0.1735,FLAT_seed2_M_lr3,M,lr3,FLAT,100,2,1,3000016
7770112,217932769,60704,main,0.11,FLAT_seed2_M_lr3,M,lr3,FLAT,100,2,1,3500112
8270080,231955873,64610,main,0.088,FLAT_seed2_M_lr3,M,lr3,FLAT,100,2,1,4000080
8770048,245979149,68516,main,0.067,FLAT_seed2_M_lr3,M,lr3,FLAT,100,2,1,4500048
9270016,260002216,72422,main,0.044,FLAT_seed2_M_lr3,M,lr3,FLAT,100,2,1,5000016
9626496,270001535,75207,main_at_snapshot,0.0365,FLAT_seed2_M_lr3,M,lr3,FLAT,100,2,1,5356496
10696192,300002541,83564,branch,0.0535,FLAT_seed2_M_lr3,M,lr3,FLAT,100,2,1,6426192
32128,901606,251,main_at_snapshot,0.0,FLAT_seed2_M_wd0,M,wd0,FLAT,100,2,1,-4237872
35712,1002175,279,branch,0.0,FLAT_seed2_M_wd0,M,wd0,FLAT,100,2,1,-4234288
72576,2035541,567,main_at_snapshot,0.001,FLAT_seed2_M_wd0,M,wd0,FLAT,100,2,1,-4197424
80640,2261705,630,branch,0.0005,FLAT_seed2_M_wd0,M,wd0,FLAT,100,2,1,-4189360
163840,4594765,1280,main_at_snapshot,0.0,FLAT_seed2_M_wd0,M,wd0,FLAT,100,2,1,-4106160
182016,5104542,1422,branch,0.0,FLAT_seed2_M_wd0,M,wd0,FLAT,100,2,1,-4087984
369920,10375378,2890,main_at_snapshot,0.0,FLAT_seed2_M_wd0,M,wd0,FLAT,100,2,1,-3900080
411008,11527477,3211,branch,0.0005,FLAT_seed2_M_wd0,M,wd0,FLAT,100,2,1,-3858992
835456,23431390,6527,main_at_snapshot,0.0005,FLAT_seed2_M_wd0,M,wd0,FLAT,100,2,1,-3434544
928256,26034033,7252,branch,0.0005,FLAT_seed2_M_wd0,M,wd0,FLAT,100,2,1,-3341744
1886848,52919897,14741,main_at_snapshot,0.0,FLAT_seed2_M_wd0,M,wd0,FLAT,100,2,1,-2383152
2096512,58800742,16379,branch,0.0,FLAT_seed2_M_wd0,M,wd0,FLAT,100,2,1,-2173488
4261888,119536444,33296,main_at_snapshot,0.999,FLAT_seed2_M_wd0,M,wd0,FLAT,100,2,1,-8112
4735360,132815534,36995,branch,0.9805,FLAT_seed2_M_wd0,M,wd0,FLAT,100,2,1,465360
4270080,119766116,33360,main,0.9995,FLAT_seed2_M_wd0,M,wd0,FLAT,100,2,1,80
4770048,133788881,37266,main,0.501,FLAT_seed2_M_wd0,M,wd0,FLAT,100,2,1,500048
5270016,147811914,41172,main,0.1665,FLAT_seed2_M_wd0,M,wd0,FLAT,100,2,1,1000016
5770112,161836030,45079,main,0.0855,FLAT_seed2_M_wd0,M,wd0,FLAT,100,2,1,1500112
6270080,175858984,48985,main,0.052,FLAT_seed2_M_wd0,M,wd0,FLAT,100,2,1,2000080
6770048,189883163,52891,main,0.0405,FLAT_seed2_M_wd0,M,wd0,FLAT,100,2,1,2500048
7270016,203905885,56797,main,0.0255,FLAT_seed2_M_wd0,M,wd0,FLAT,100,2,1,3000016
7770112,217932769,60704,main,0.017,FLAT_seed2_M_wd0,M,wd0,FLAT,100,2,1,3500112
8270080,231955873,64610,main,0.014,FLAT_seed2_M_wd0,M,wd0,FLAT,100,2,1,4000080
8770048,245979149,68516,main,0.0135,FLAT_seed2_M_wd0,M,wd0,FLAT,100,2,1,4500048
9270016,260002216,72422,main,0.01,FLAT_seed2_M_wd0,M,wd0,FLAT,100,2,1,5000016
9626496,270001535,75207,main_at_snapshot,0.012,FLAT_seed2_M_wd0,M,wd0,FLAT,100,2,1,5356496
10696192,300002541,83564,branch,0.0155,FLAT_seed2_M_wd0,M,wd0,FLAT,100,2,1,6426192
32128,901606,251,main_at_snapshot,0.0,FLAT_seed2_M_wd0_lr3,M,wd0_lr3,FLAT,100,2,1,-4237872
35712,1002175,279,branch,0.0,FLAT_seed2_M_wd0_lr3,M,wd0_lr3,FLAT,100,2,1,-4234288
72576,2035541,567,main_at_snapshot,0.0005,FLAT_seed2_M_wd0_lr3,M,wd0_lr3,FLAT,100,2,1,-4197424
80640,2261705,630,branch,0.0005,FLAT_seed2_M_wd0_lr3,M,wd0_lr3,FLAT,100,2,1,-4189360
163840,4594765,1280,main_at_snapshot,0.001,FLAT_seed2_M_wd0_lr3,M,wd0_lr3,FLAT,100,2,1,-4106160
182016,5104542,1422,branch,0.0015,FLAT_seed2_M_wd0_lr3,M,wd0_lr3,FLAT,100,2,1,-4087984
369920,10375378,2890,main_at_snapshot,0.001,FLAT_seed2_M_wd0_lr3,M,wd0_lr3,FLAT,100,2,1,-3900080
411008,11527477,3211,branch,0.0005,FLAT_seed2_M_wd0_lr3,M,wd0_lr3,FLAT,100,2,1,-3858992
835456,23431390,6527,main_at_snapshot,0.0,FLAT_seed2_M_wd0_lr3,M,wd0_lr3,FLAT,100,2,1,-3434544
928256,26034033,7252,branch,0.0,FLAT_seed2_M_wd0_lr3,M,wd0_lr3,FLAT,100,2,1,-3341744
1886848,52919897,14741,main_at_snapshot,0.0005,FLAT_seed2_M_wd0_lr3,M,wd0_lr3,FLAT,100,2,1,-2383152
2096512,58800742,16379,branch,0.0,FLAT_seed2_M_wd0_lr3,M,wd0_lr3,FLAT,100,2,1,-2173488
4261888,119536444,33296,main_at_snapshot,1.0,FLAT_seed2_M_wd0_lr3,M,wd0_lr3,FLAT,100,2,1,-8112
4735360,132815534,36995,branch,1.0,FLAT_seed2_M_wd0_lr3,M,wd0_lr3,FLAT,100,2,1,465360
4270080,119766116,33360,main,1.0,FLAT_seed2_M_wd0_lr3,M,wd0_lr3,FLAT,100,2,1,80
4770048,133788881,37266,main,0.9905,FLAT_seed2_M_wd0_lr3,M,wd0_lr3,FLAT,100,2,1,500048
5270016,147811914,41172,main,0.91,FLAT_seed2_M_wd0_lr3,M,wd0_lr3,FLAT,100,2,1,1000016
5770112,161836030,45079,main,0.705,FLAT_seed2_M_wd0_lr3,M,wd0_lr3,FLAT,100,2,1,1500112
6270080,175858984,48985,main,0.5055,FLAT_seed2_M_wd0_lr3,M,wd0_lr3,FLAT,100,2,1,2000080
6770048,189883163,52891,main,0.337,FLAT_seed2_M_wd0_lr3,M,wd0_lr3,FLAT,100,2,1,2500048
7270016,203905885,56797,main,0.2545,FLAT_seed2_M_wd0_lr3,M,wd0_lr3,FLAT,100,2,1,3000016
7770112,217932769,60704,main,0.1745,FLAT_seed2_M_wd0_lr3,M,wd0_lr3,FLAT,100,2,1,3500112
8270080,231955873,64610,main,0.1285,FLAT_seed2_M_wd0_lr3,M,wd0_lr3,FLAT,100,2,1,4000080
8770048,245979149,68516,main,0.0985,FLAT_seed2_M_wd0_lr3,M,wd0_lr3,FLAT,100,2,1,4500048
9270016,260002216,72422,main,0.08,FLAT_seed2_M_wd0_lr3,M,wd0_lr3,FLAT,100,2,1,5000016
9626496,270001535,75207,main_at_snapshot,0.061,FLAT_seed2_M_wd0_lr3,M,wd0_lr3,FLAT,100,2,1,5356496
10696192,300002541,83564,branch,0.076,FLAT_seed2_M_wd0_lr3,M,wd0_lr3,FLAT,100,2,1,6426192
32128,901606,251,main_at_snapshot,0.0005,FLAT_seed2_S_base,S,base,FLAT,300,2,1,-4237872
35712,1002175,279,branch,0.0,FLAT_seed2_S_base,S,base,FLAT,300,2,1,-4234288
72576,2035541,567,main_at_snapshot,0.0,FLAT_seed2_S_base,S,base,FLAT,300,2,1,-4197424
80640,2261705,630,branch,0.0,FLAT_seed2_S_base,S,base,FLAT,300,2,1,-4189360
163840,4594765,1280,main_at_snapshot,0.0005,FLAT_seed2_S_base,S,base,FLAT,300,2,1,-4106160
182016,5104542,1422,branch,0.0,FLAT_seed2_S_base,S,base,FLAT,300,2,1,-4087984
369920,10375378,2890,main_at_snapshot,0.0,FLAT_seed2_S_base,S,base,FLAT,300,2,1,-3900080
411008,11527477,3211,branch,0.0,FLAT_seed2_S_base,S,base,FLAT,300,2,1,-3858992
835456,23431390,6527,main_at_snapshot,0.0,FLAT_seed2_S_base,S,base,FLAT,300,2,1,-3434544
928256,26034033,7252,branch,0.0,FLAT_seed2_S_base,S,base,FLAT,300,2,1,-3341744
1886848,52919897,14741,main_at_snapshot,0.0,FLAT_seed2_S_base,S,base,FLAT,300,2,1,-2383152
2096512,58800742,16379,branch,0.0,FLAT_seed2_S_base,S,base,FLAT,300,2,1,-2173488
4261888,119536444,33296,main_at_snapshot,0.9315,FLAT_seed2_S_base,S,base,FLAT,300,2,1,-8112
4735360,132815534,36995,branch,0.073,FLAT_seed2_S_base,S,base,FLAT,300,2,1,465360
4270080,119766116,33360,main,0.93,FLAT_seed2_S_base,S,base,FLAT,300,2,1,80
4770048,133788881,37266,main,0.0015,FLAT_seed2_S_base,S,base,FLAT,300,2,1,500048
5270016,147811914,41172,main,0.0005,FLAT_seed2_S_base,S,base,FLAT,300,2,1,1000016
5770112,161836030,45079,main,0.0,FLAT_seed2_S_base,S,base,FLAT,300,2,1,1500112
6270080,175858984,48985,main,0.0015,FLAT_seed2_S_base,S,base,FLAT,300,2,1,2000080
6770048,189883163,52891,main,0.0,FLAT_seed2_S_base,S,base,FLAT,300,2,1,2500048
7270016,203905885,56797,main,0.0005,FLAT_seed2_S_base,S,base,FLAT,300,2,1,3000016
7770112,217932769,60704,main,0.0005,FLAT_seed2_S_base,S,base,FLAT,300,2,1,3500112
8270080,231955873,64610,main,0.0,FLAT_seed2_S_base,S,base,FLAT,300,2,1,4000080
8770048,245979149,68516,main,0.0,FLAT_seed2_S_base,S,base,FLAT,300,2,1,4500048
9270016,260002216,72422,main,0.0,FLAT_seed2_S_base,S,base,FLAT,300,2,1,5000016
9626496,270001535,75207,main_at_snapshot,0.001,FLAT_seed2_S_base,S,base,FLAT,300,2,1,5356496
10696192,300002541,83564,branch,0.0,FLAT_seed2_S_base,S,base,FLAT,300,2,1,6426192
35712,1002175,279,main,0.0005,FLAT_seed2_S_cosine,S,cosine,FLAT,300,2,1,-4234288
80640,2261705,630,main,0.0005,FLAT_seed2_S_cosine,S,cosine,FLAT,300,2,1,-4189360
182016,5104542,1422,main,0.0005,FLAT_seed2_S_cosine,S,cosine,FLAT,300,2,1,-4087984
411008,11527477,3211,main,0.0,FLAT_seed2_S_cosine,S,cosine,FLAT,300,2,1,-3858992
928256,26034033,7252,main,0.0,FLAT_seed2_S_cosine,S,cosine,FLAT,300,2,1,-3341744
2096512,58800742,16379,main,0.0005,FLAT_seed2_S_cosine,S,cosine,FLAT,300,2,1,-2173488
4270080,119766116,33360,main,0.9285,FLAT_seed2_S_cosine,S,cosine,FLAT,300,2,1,80
4735360,132815534,36995,main,0.004,FLAT_seed2_S_cosine,S,cosine,FLAT,300,2,1,465360
4770048,133788881,37266,main,0.004,FLAT_seed2_S_cosine,S,cosine,FLAT,300,2,1,500048
5270016,147811914,41172,main,0.001,FLAT_seed2_S_cosine,S,cosine,FLAT,300,2,1,1000016
5770112,161836030,45079,main,0.0005,FLAT_seed2_S_cosine,S,cosine,FLAT,300,2,1,1500112
6270080,175858984,48985,main,0.0005,FLAT_seed2_S_cosine,S,cosine,FLAT,300,2,1,2000080
6770048,189883163,52891,main,0.0005,FLAT_seed2_S_cosine,S,cosine,FLAT,300,2,1,2500048
7270016,203905885,56797,main,0.0,FLAT_seed2_S_cosine,S,cosine,FLAT,300,2,1,3000016
7770112,217932769,60704,main,0.0005,FLAT_seed2_S_cosine,S,cosine,FLAT,300,2,1,3500112
8270080,231955873,64610,main,0.0005,FLAT_seed2_S_cosine,S,cosine,FLAT,300,2,1,4000080
8770048,245979149,68516,main,0.0,FLAT_seed2_S_cosine,S,cosine,FLAT,300,2,1,4500048
9270016,260002216,72422,main,0.0,FLAT_seed2_S_cosine,S,cosine,FLAT,300,2,1,5000016
9770112,274029648,76329,main,0.0005,FLAT_seed2_S_cosine,S,cosine,FLAT,300,2,1,5500112
10270080,288052762,80235,main,0.0,FLAT_seed2_S_cosine,S,cosine,FLAT,300,2,1,6000080
10696192,300002541,83564,main,0.0,FLAT_seed2_S_cosine,S,cosine,FLAT,300,2,1,6426192
32128,901606,251,main_at_snapshot,0.0,FLAT_seed2_S_wd0,S,wd0,FLAT,300,2,1,-4237872
35712,1002175,279,branch,0.0005,FLAT_seed2_S_wd0,S,wd0,FLAT,300,2,1,-4234288
72576,2035541,567,main_at_snapshot,0.0,FLAT_seed2_S_wd0,S,wd0,FLAT,300,2,1,-4197424
80640,2261705,630,branch,0.0,FLAT_seed2_S_wd0,S,wd0,FLAT,300,2,1,-4189360
163840,4594765,1280,main_at_snapshot,0.0005,FLAT_seed2_S_wd0,S,wd0,FLAT,300,2,1,-4106160
182016,5104542,1422,branch,0.0,FLAT_seed2_S_wd0,S,wd0,FLAT,300,2,1,-4087984
369920,10375378,2890,main_at_snapshot,0.0,FLAT_seed2_S_wd0,S,wd0,FLAT,300,2,1,-3900080
411008,11527477,3211,branch,0.0,FLAT_seed2_S_wd0,S,wd0,FLAT,300,2,1,-3858992
835456,23431390,6527,main_at_snapshot,0.0,FLAT_seed2_S_wd0,S,wd0,FLAT,300,2,1,-3434544
928256,26034033,7252,branch,0.0005,FLAT_seed2_S_wd0,S,wd0,FLAT,300,2,1,-3341744
1886848,52919897,14741,main_at_snapshot,0.0005,FLAT_seed2_S_wd0,S,wd0,FLAT,300,2,1,-2383152
2096512,58800742,16379,branch,0.0,FLAT_seed2_S_wd0,S,wd0,FLAT,300,2,1,-2173488
4261888,119536444,33296,main_at_snapshot,0.962,FLAT_seed2_S_wd0,S,wd0,FLAT,300,2,1,-8112
4735360,132815534,36995,branch,0.264,FLAT_seed2_S_wd0,S,wd0,FLAT,300,2,1,465360
4270080,119766116,33360,main,0.956,FLAT_seed2_S_wd0,S,wd0,FLAT,300,2,1,80
4770048,133788881,37266,main,0.0295,FLAT_seed2_S_wd0,S,wd0,FLAT,300,2,1,500048
5270016,147811914,41172,main,0.01,FLAT_seed2_S_wd0,S,wd0,FLAT,300,2,1,1000016
5770112,161836030,45079,main,0.0085,FLAT_seed2_S_wd0,S,wd0,FLAT,300,2,1,1500112
6270080,175858984,48985,main,0.0085,FLAT_seed2_S_wd0,S,wd0,FLAT,300,2,1,2000080
6770048,189883163,52891,main,0.003,FLAT_seed2_S_wd0,S,wd0,FLAT,300,2,1,2500048
7270016,203905885,56797,main,0.0035,FLAT_seed2_S_wd0,S,wd0,FLAT,300,2,1,3000016
7770112,217932769,60704,main,0.004,FLAT_seed2_S_wd0,S,wd0,FLAT,300,2,1,3500112
8270080,231955873,64610,main,0.004,FLAT_seed2_S_wd0,S,wd0,FLAT,300,2,1,4000080
8770048,245979149,68516,main,0.004,FLAT_seed2_S_wd0,S,wd0,FLAT,300,2,1,4500048
9270016,260002216,72422,main,0.0015,FLAT_seed2_S_wd0,S,wd0,FLAT,300,2,1,5000016
9626496,270001535,75207,main_at_snapshot,0.001,FLAT_seed2_S_wd0,S,wd0,FLAT,300,2,1,5356496
10696192,300002541,83564,branch,0.004,FLAT_seed2_S_wd0,S,wd0,FLAT,300,2,1,6426192
32128,900994,251,main_at_snapshot,0.0,FLAT_seed3_L_base,L,base,FLAT,30,3,1,-4237872
35712,1001638,279,branch,0.0,FLAT_seed3_L_base,L,base,FLAT,30,3,1,-4234288
72576,2035514,567,main_at_snapshot,0.0,FLAT_seed3_L_base,L,base,FLAT,30,3,1,-4197424
80640,2261581,630,branch,0.0,FLAT_seed3_L_base,L,base,FLAT,30,3,1,-4189360
163840,4595127,1280,main_at_snapshot,0.001,FLAT_seed3_L_base,L,base,FLAT,30,3,1,-4106160
182016,5104936,1422,branch,0.001,FLAT_seed3_L_base,L,base,FLAT,30,3,1,-4087984
369792,10372537,2889,main_at_snapshot,0.0,FLAT_seed3_L_base,L,base,FLAT,30,3,1,-3900208
410880,11524772,3210,branch,0.0005,FLAT_seed3_L_base,L,base,FLAT,30,3,1,-3859120
835328,23430004,6526,main_at_snapshot,0.0,FLAT_seed3_L_base,L,base,FLAT,30,3,1,-3434672
928128,26033446,7251,branch,0.0,FLAT_seed3_L_base,L,base,FLAT,30,3,1,-3341872
1886848,52921310,14741,main_at_snapshot,0.0005,FLAT_seed3_L_base,L,base,FLAT,30,3,1,-2383152
2096512,58801633,16379,branch,0.0,FLAT_seed3_L_base,L,base,FLAT,30,3,1,-2173488
4262016,119534738,33297,main_at_snapshot,1.0,FLAT_seed3_L_base,L,base,FLAT,30,3,1,-7984
4735488,132816446,36996,branch,0.9985,FLAT_seed3_L_base,L,base,FLAT,30,3,1,465488
4270080,119760837,33360,main,1.0,FLAT_seed3_L_base,L,base,FLAT,30,3,1,80
4770048,133785837,37266,main,0.7275,FLAT_seed3_L_base,L,base,FLAT,30,3,1,500048
5270016,147808875,41172,main,0.233,FLAT_seed3_L_base,L,base,FLAT,30,3,1,1000016
5770112,161835703,45079,main,0.0745,FLAT_seed3_L_base,L,base,FLAT,30,3,1,1500112
6270080,175859172,48985,main,0.045,FLAT_seed3_L_base,L,base,FLAT,30,3,1,2000080
6770048,189882049,52891,main,0.013,FLAT_seed3_L_base,L,base,FLAT,30,3,1,2500048
7270016,203905148,56797,main,0.009,FLAT_seed3_L_base,L,base,FLAT,30,3,1,3000016
7770112,217931655,60704,main,0.0075,FLAT_seed3_L_base,L,base,FLAT,30,3,1,3500112
8270080,231952798,64610,main,0.0045,FLAT_seed3_L_base,L,base,FLAT,30,3,1,4000080
8770048,245973366,68516,main,0.0035,FLAT_seed3_L_base,L,base,FLAT,30,3,1,4500048
9270016,259998219,72422,main,0.003,FLAT_seed3_L_base,L,base,FLAT,30,3,1,5000016
9626752,270003136,75209,main_at_snapshot,0.0035,FLAT_seed3_L_base,L,base,FLAT,30,3,1,5356752
10696320,300000624,83565,branch,0.004,FLAT_seed3_L_base,L,base,FLAT,30,3,1,6426320
32128,900994,251,main_at_snapshot,0.0005,FLAT_seed3_M_base,M,base,FLAT,100,3,1,-4237872
35712,1001638,279,branch,0.0,FLAT_seed3_M_base,M,base,FLAT,100,3,1,-4234288
72576,2035514,567,main_at_snapshot,0.0005,FLAT_seed3_M_base,M,base,FLAT,100,3,1,-4197424
80640,2261581,630,branch,0.0015,FLAT_seed3_M_base,M,base,FLAT,100,3,1,-4189360
163840,4595127,1280,main_at_snapshot,0.0,FLAT_seed3_M_base,M,base,FLAT,100,3,1,-4106160
182016,5104936,1422,branch,0.0,FLAT_seed3_M_base,M,base,FLAT,100,3,1,-4087984
369792,10372537,2889,main_at_snapshot,0.0005,FLAT_seed3_M_base,M,base,FLAT,100,3,1,-3900208
410880,11524772,3210,branch,0.0005,FLAT_seed3_M_base,M,base,FLAT,100,3,1,-3859120
835328,23430004,6526,main_at_snapshot,0.0,FLAT_seed3_M_base,M,base,FLAT,100,3,1,-3434672
928128,26033446,7251,branch,0.0005,FLAT_seed3_M_base,M,base,FLAT,100,3,1,-3341872
1886848,52921310,14741,main_at_snapshot,0.0,FLAT_seed3_M_base,M,base,FLAT,100,3,1,-2383152
2096512,58801633,16379,branch,0.0005,FLAT_seed3_M_base,M,base,FLAT,100,3,1,-2173488
4262016,119534738,33297,main_at_snapshot,0.9995,FLAT_seed3_M_base,M,base,FLAT,100,3,1,-7984
4735488,132816446,36996,branch,0.9775,FLAT_seed3_M_base,M,base,FLAT,100,3,1,465488
4270080,119760837,33360,main,1.0,FLAT_seed3_M_base,M,base,FLAT,100,3,1,80
4770048,133785837,37266,main,0.2995,FLAT_seed3_M_base,M,base,FLAT,100,3,1,500048
5270016,147808875,41172,main,0.076,FLAT_seed3_M_base,M,base,FLAT,100,3,1,1000016
5770112,161835703,45079,main,0.0235,FLAT_seed3_M_base,M,base,FLAT,100,3,1,1500112
6270080,175859172,48985,main,0.0185,FLAT_seed3_M_base,M,base,FLAT,100,3,1,2000080
6770048,189882049,52891,main,0.008,FLAT_seed3_M_base,M,base,FLAT,100,3,1,2500048
7270016,203905148,56797,main,0.003,FLAT_seed3_M_base,M,base,FLAT,100,3,1,3000016
7770112,217931655,60704,main,0.0075,FLAT_seed3_M_base,M,base,FLAT,100,3,1,3500112
8270080,231952798,64610,main,0.0055,FLAT_seed3_M_base,M,base,FLAT,100,3,1,4000080
8770048,245973366,68516,main,0.004,FLAT_seed3_M_base,M,base,FLAT,100,3,1,4500048
9270016,259998219,72422,main,0.006,FLAT_seed3_M_base,M,base,FLAT,100,3,1,5000016
9626752,270003136,75209,main_at_snapshot,0.0025,FLAT_seed3_M_base,M,base,FLAT,100,3,1,5356752
10696320,300000624,83565,branch,0.0045,FLAT_seed3_M_base,M,base,FLAT,100,3,1,6426320
32128,900994,251,main_at_snapshot,0.0,FLAT_seed3_S_base,S,base,FLAT,300,3,1,-4237872
35712,1001638,279,branch,0.0005,FLAT_seed3_S_base,S,base,FLAT,300,3,1,-4234288
72576,2035514,567,main_at_snapshot,0.0005,FLAT_seed3_S_base,S,base,FLAT,300,3,1,-4197424
80640,2261581,630,branch,0.0005,FLAT_seed3_S_base,S,base,FLAT,300,3,1,-4189360
163840,4595127,1280,main_at_snapshot,0.0,FLAT_seed3_S_base,S,base,FLAT,300,3,1,-4106160
182016,5104936,1422,branch,0.0005,FLAT_seed3_S_base,S,base,FLAT,300,3,1,-4087984
369792,10372537,2889,main_at_snapshot,0.0005,FLAT_seed3_S_base,S,base,FLAT,300,3,1,-3900208
410880,11524772,3210,branch,0.0,FLAT_seed3_S_base,S,base,FLAT,300,3,1,-3859120
835328,23430004,6526,main_at_snapshot,0.0,FLAT_seed3_S_base,S,base,FLAT,300,3,1,-3434672
928128,26033446,7251,branch,0.0,FLAT_seed3_S_base,S,base,FLAT,300,3,1,-3341872
1886848,52921310,14741,main_at_snapshot,0.0,FLAT_seed3_S_base,S,base,FLAT,300,3,1,-2383152
2096512,58801633,16379,branch,0.0,FLAT_seed3_S_base,S,base,FLAT,300,3,1,-2173488
4262016,119534738,33297,main_at_snapshot,0.8625,FLAT_seed3_S_base,S,base,FLAT,300,3,1,-7984
4735488,132816446,36996,branch,0.038,FLAT_seed3_S_base,S,base,FLAT,300,3,1,465488
4270080,119760837,33360,main,0.8545,FLAT_seed3_S_base,S,base,FLAT,300,3,1,80
4770048,133785837,37266,main,0.0005,FLAT_seed3_S_base,S,base,FLAT,300,3,1,500048
5270016,147808875,41172,main,0.001,FLAT_seed3_S_base,S,base,FLAT,300,3,1,1000016
5770112,161835703,45079,main,0.0005,FLAT_seed3_S_base,S,base,FLAT,300,3,1,1500112
6270080,175859172,48985,main,0.0,FLAT_seed3_S_base,S,base,FLAT,300,3,1,2000080
6770048,189882049,52891,main,0.0,FLAT_seed3_S_base,S,base,FLAT,300,3,1,2500048
7270016,203905148,56797,main,0.0,FLAT_seed3_S_base,S,base,FLAT,300,3,1,3000016
7770112,217931655,60704,main,0.0,FLAT_seed3_S_base,S,base,FLAT,300,3,1,3500112
8270080,231952798,64610,main,0.0,FLAT_seed3_S_base,S,base,FLAT,300,3,1,4000080
8770048,245973366,68516,main,0.0,FLAT_seed3_S_base,S,base,FLAT,300,3,1,4500048
9270016,259998219,72422,main,0.0,FLAT_seed3_S_base,S,base,FLAT,300,3,1,5000016
9626752,270003136,75209,main_at_snapshot,0.0,FLAT_seed3_S_base,S,base,FLAT,300,3,1,5356752
10696320,300000624,83565,branch,0.0,FLAT_seed3_S_base,S,base,FLAT,300,3,1,6426320
32128,901199,251,main_at_snapshot,0.0,FLAT_seed4_L_base,L,base,FLAT,30,4,1,-4237872
35712,1001748,279,branch,0.0,FLAT_seed4_L_base,L,base,FLAT,30,4,1,-4234288
72576,2035312,567,main_at_snapshot,0.0,FLAT_seed4_L_base,L,base,FLAT,30,4,1,-4197424
80640,2261482,630,branch,0.0,FLAT_seed4_L_base,L,base,FLAT,30,4,1,-4189360
163840,4594876,1280,main_at_snapshot,0.0,FLAT_seed4_L_base,L,base,FLAT,30,4,1,-4106160
182016,5104508,1422,branch,0.0005,FLAT_seed4_L_base,L,base,FLAT,30,4,1,-4087984
369920,10374400,2890,main_at_snapshot,0.0005,FLAT_seed4_L_base,L,base,FLAT,30,4,1,-3900080
411008,11526770,3211,branch,0.0,FLAT_seed4_L_base,L,base,FLAT,30,4,1,-3858992
835456,23430242,6527,main_at_snapshot,0.0,FLAT_seed4_L_base,L,base,FLAT,30,4,1,-3434544
928256,26033375,7252,branch,0.0,FLAT_seed4_L_base,L,base,FLAT,30,4,1,-3341744
1886976,52922069,14742,main_at_snapshot,0.0005,FLAT_seed4_L_base,L,base,FLAT,30,4,1,-2383024
2096640,58802527,16380,branch,0.0,FLAT_seed4_L_base,L,base,FLAT,30,4,1,-2173360
4262144,119535142,33298,main_at_snapshot,1.0,FLAT_seed4_L_base,L,base,FLAT,30,4,1,-7856
4735616,132815513,36997,branch,1.0,FLAT_seed4_L_base,L,base,FLAT,30,4,1,465616
4270080,119757697,33360,main,1.0,FLAT_seed4_L_base,L,base,FLAT,30,4,1,80
4770048,133780809,37266,main,0.8025,FLAT_seed4_L_base,L,base,FLAT,30,4,1,500048
5270016,147803908,41172,main,0.2965,FLAT_seed4_L_base,L,base,FLAT,30,4,1,1000016
5770112,161828766,45079,main,0.1005,FLAT_seed4_L_base,L,base,FLAT,30,4,1,1500112
6270080,175851343,48985,main,0.0455,FLAT_seed4_L_base,L,base,FLAT,30,4,1,2000080
6770048,189873890,52891,main,0.022,FLAT_seed4_L_base,L,base,FLAT,30,4,1,2500048
7270016,203897015,56797,main,0.0125,FLAT_seed4_L_base,L,base,FLAT,30,4,1,3000016
7770112,217922824,60704,main,0.005,FLAT_seed4_L_base,L,base,FLAT,30,4,1,3500112
8270080,231945881,64610,main,0.004,FLAT_seed4_L_base,L,base,FLAT,30,4,1,4000080
8770048,245968932,68516,main,0.007,FLAT_seed4_L_base,L,base,FLAT,30,4,1,4500048
9270016,259992182,72422,main,0.0025,FLAT_seed4_L_base,L,base,FLAT,30,4,1,5000016
9626880,270002158,75210,main_at_snapshot,0.002,FLAT_seed4_L_base,L,base,FLAT,30,4,1,5356880
10696576,300003304,83567,branch,0.0035,FLAT_seed4_L_base,L,base,FLAT,30,4,1,6426576
32128,901199,251,main_at_snapshot,0.0,FLAT_seed4_M_base,M,base,FLAT,100,4,1,-4237872
35712,1001748,279,branch,0.0,FLAT_seed4_M_base,M,base,FLAT,100,4,1,-4234288
72576,2035312,567,main_at_snapshot,0.0,FLAT_seed4_M_base,M,base,FLAT,100,4,1,-4197424
80640,2261482,630,branch,0.0005,FLAT_seed4_M_base,M,base,FLAT,100,4,1,-4189360
163840,4594876,1280,main_at_snapshot,0.0,FLAT_seed4_M_base,M,base,FLAT,100,4,1,-4106160
182016,5104508,1422,branch,0.0005,FLAT_seed4_M_base,M,base,FLAT,100,4,1,-4087984
369920,10374400,2890,main_at_snapshot,0.0005,FLAT_seed4_M_base,M,base,FLAT,100,4,1,-3900080
411008,11526770,3211,branch,0.001,FLAT_seed4_M_base,M,base,FLAT,100,4,1,-3858992
835456,23430242,6527,main_at_snapshot,0.0,FLAT_seed4_M_base,M,base,FLAT,100,4,1,-3434544
928256,26033375,7252,branch,0.0005,FLAT_seed4_M_base,M,base,FLAT,100,4,1,-3341744
1886976,52922069,14742,main_at_snapshot,0.0,FLAT_seed4_M_base,M,base,FLAT,100,4,1,-2383024
2096640,58802527,16380,branch,0.0,FLAT_seed4_M_base,M,base,FLAT,100,4,1,-2173360
4262144,119535142,33298,main_at_snapshot,0.999,FLAT_seed4_M_base,M,base,FLAT,100,4,1,-7856
4735616,132815513,36997,branch,0.969,FLAT_seed4_M_base,M,base,FLAT,100,4,1,465616
4270080,119757697,33360,main,0.999,FLAT_seed4_M_base,M,base,FLAT,100,4,1,80
4770048,133780809,37266,main,0.316,FLAT_seed4_M_base,M,base,FLAT,100,4,1,500048
5270016,147803908,41172,main,0.0645,FLAT_seed4_M_base,M,base,FLAT,100,4,1,1000016
5770112,161828766,45079,main,0.027,FLAT_seed4_M_base,M,base,FLAT,100,4,1,1500112
6270080,175851343,48985,main,0.014,FLAT_seed4_M_base,M,base,FLAT,100,4,1,2000080
6770048,189873890,52891,main,0.005,FLAT_seed4_M_base,M,base,FLAT,100,4,1,2500048
7270016,203897015,56797,main,0.006,FLAT_seed4_M_base,M,base,FLAT,100,4,1,3000016
7770112,217922824,60704,main,0.0045,FLAT_seed4_M_base,M,base,FLAT,100,4,1,3500112
8270080,231945881,64610,main,0.0015,FLAT_seed4_M_base,M,base,FLAT,100,4,1,4000080
8770048,245968932,68516,main,0.0015,FLAT_seed4_M_base,M,base,FLAT,100,4,1,4500048
9270016,259992182,72422,main,0.003,FLAT_seed4_M_base,M,base,FLAT,100,4,1,5000016
9626880,270002158,75210,main_at_snapshot,0.0015,FLAT_seed4_M_base,M,base,FLAT,100,4,1,5356880
10696576,300003304,83567,branch,0.002,FLAT_seed4_M_base,M,base,FLAT,100,4,1,6426576
32128,901199,251,main_at_snapshot,0.0015,FLAT_seed4_S_base,S,base,FLAT,300,4,1,-4237872
35712,1001748,279,branch,0.0,FLAT_seed4_S_base,S,base,FLAT,300,4,1,-4234288
72576,2035312,567,main_at_snapshot,0.0,FLAT_seed4_S_base,S,base,FLAT,300,4,1,-4197424
80640,2261482,630,branch,0.0005,FLAT_seed4_S_base,S,base,FLAT,300,4,1,-4189360
163840,4594876,1280,main_at_snapshot,0.0005,FLAT_seed4_S_base,S,base,FLAT,300,4,1,-4106160
182016,5104508,1422,branch,0.0,FLAT_seed4_S_base,S,base,FLAT,300,4,1,-4087984
369920,10374400,2890,main_at_snapshot,0.0005,FLAT_seed4_S_base,S,base,FLAT,300,4,1,-3900080
411008,11526770,3211,branch,0.0,FLAT_seed4_S_base,S,base,FLAT,300,4,1,-3858992
835456,23430242,6527,main_at_snapshot,0.0,FLAT_seed4_S_base,S,base,FLAT,300,4,1,-3434544
928256,26033375,7252,branch,0.0,FLAT_seed4_S_base,S,base,FLAT,300,4,1,-3341744
1886976,52922069,14742,main_at_snapshot,0.0,FLAT_seed4_S_base,S,base,FLAT,300,4,1,-2383024
2096640,58802527,16380,branch,0.0,FLAT_seed4_S_base,S,base,FLAT,300,4,1,-2173360
4262144,119535142,33298,main_at_snapshot,0.937,FLAT_seed4_S_base,S,base,FLAT,300,4,1,-7856
4735616,132815513,36997,branch,0.08,FLAT_seed4_S_base,S,base,FLAT,300,4,1,465616
4270080,119757697,33360,main,0.935,FLAT_seed4_S_base,S,base,FLAT,300,4,1,80
4770048,133780809,37266,main,0.002,FLAT_seed4_S_base,S,base,FLAT,300,4,1,500048
5270016,147803908,41172,main,0.001,FLAT_seed4_S_base,S,base,FLAT,300,4,1,1000016
5770112,161828766,45079,main,0.0,FLAT_seed4_S_base,S,base,FLAT,300,4,1,1500112
6270080,175851343,48985,main,0.001,FLAT_seed4_S_base,S,base,FLAT,300,4,1,2000080
6770048,189873890,52891,main,0.0005,FLAT_seed4_S_base,S,base,FLAT,300,4,1,2500048
7270016,203897015,56797,main,0.001,FLAT_seed4_S_base,S,base,FLAT,300,4,1,3000016
7770112,217922824,60704,main,0.0005,FLAT_seed4_S_base,S,base,FLAT,300,4,1,3500112
8270080,231945881,64610,main,0.0,FLAT_seed4_S_base,S,base,FLAT,300,4,1,4000080
8770048,245968932,68516,main,0.0005,FLAT_seed4_S_base,S,base,FLAT,300,4,1,4500048
9270016,259992182,72422,main,0.0005,FLAT_seed4_S_base,S,base,FLAT,300,4,1,5000016
9626880,270002158,75210,main_at_snapshot,0.0005,FLAT_seed4_S_base,S,base,FLAT,300,4,1,5356880
10696576,300003304,83567,branch,0.0005,FLAT_seed4_S_base,S,base,FLAT,300,4,1,6426576
32128,901178,251,main_at_snapshot,0.0,FLAT_seed5_L_base,L,base,FLAT,30,5,1,-4237872
35712,1001639,279,branch,0.0,FLAT_seed5_L_base,L,base,FLAT,30,5,1,-4234288
72576,2035787,567,main_at_snapshot,0.001,FLAT_seed5_L_base,L,base,FLAT,30,5,1,-4197424
80640,2261912,630,branch,0.001,FLAT_seed5_L_base,L,base,FLAT,30,5,1,-4189360
163840,4595053,1280,main_at_snapshot,0.0,FLAT_seed5_L_base,L,base,FLAT,30,5,1,-4106160
182016,5104940,1422,branch,0.0,FLAT_seed5_L_base,L,base,FLAT,30,5,1,-4087984
369920,10375225,2890,main_at_snapshot,0.0005,FLAT_seed5_L_base,L,base,FLAT,30,5,1,-3900080
411008,11527225,3211,branch,0.001,FLAT_seed5_L_base,L,base,FLAT,30,5,1,-3858992
835456,23431096,6527,main_at_snapshot,0.0,FLAT_seed5_L_base,L,base,FLAT,30,5,1,-3434544
928256,26033459,7252,branch,0.0,FLAT_seed5_L_base,L,base,FLAT,30,5,1,-3341744
1886976,52922622,14742,main_at_snapshot,0.0,FLAT_seed5_L_base,L,base,FLAT,30,5,1,-2383024
2096512,58799778,16379,branch,0.0005,FLAT_seed5_L_base,L,base,FLAT,30,5,1,-2173488
4262016,119534829,33297,main_at_snapshot,1.0,FLAT_seed5_L_base,L,base,FLAT,30,5,1,-7984
4735616,132818051,36997,branch,0.9985,FLAT_seed5_L_base,L,base,FLAT,30,5,1,465616
4270080,119761013,33360,main,1.0,FLAT_seed5_L_base,L,base,FLAT,30,5,1,80
4770048,133783607,37266,main,0.7815,FLAT_seed5_L_base,L,base,FLAT,30,5,1,500048
5270016,147806277,41172,main,0.2905,FLAT_seed5_L_base,L,base,FLAT,30,5,1,1000016
5770112,161831882,45079,main,0.097,FLAT_seed5_L_base,L,base,FLAT,30,5,1,1500112
6270080,175854738,48985,main,0.035,FLAT_seed5_L_base,L,base,FLAT,30,5,1,2000080
6770048,189875624,52891,main,0.0255,FLAT_seed5_L_base,L,base,FLAT,30,5,1,2500048
7270016,203899045,56797,main,0.0145,FLAT_seed5_L_base,L,base,FLAT,30,5,1,3000016
7770112,217927394,60704,main,0.009,FLAT_seed5_L_base,L,base,FLAT,30,5,1,3500112
8270080,231950274,64610,main,0.0055,FLAT_seed5_L_base,L,base,FLAT,30,5,1,4000080
8770048,245973096,68516,main,0.004,FLAT_seed5_L_base,L,base,FLAT,30,5,1,4500048
9270016,259995408,72422,main,0.0045,FLAT_seed5_L_base,L,base,FLAT,30,5,1,5000016
9626880,270003044,75210,main_at_snapshot,0.0025,FLAT_seed5_L_base,L,base,FLAT,30,5,1,5356880
10696448,300001065,83566,branch,0.0055,FLAT_seed5_L_base,L,base,FLAT,30,5,1,6426448
32128,901178,251,main_at_snapshot,0.0,FLAT_seed5_M_base,M,base,FLAT,100,5,1,-4237872
35712,1001639,279,branch,0.0005,FLAT_seed5_M_base,M,base,FLAT,100,5,1,-4234288
72576,2035787,567,main_at_snapshot,0.001,FLAT_seed5_M_base,M,base,FLAT,100,5,1,-4197424
80640,2261912,630,branch,0.0005,FLAT_seed5_M_base,M,base,FLAT,100,5,1,-4189360
163840,4595053,1280,main_at_snapshot,0.0005,FLAT_seed5_M_base,M,base,FLAT,100,5,1,-4106160
182016,5104940,1422,branch,0.0,FLAT_seed5_M_base,M,base,FLAT,100,5,1,-4087984
369920,10375225,2890,main_at_snapshot,0.0,FLAT_seed5_M_base,M,base,FLAT,100,5,1,-3900080
411008,11527225,3211,branch,0.0,FLAT_seed5_M_base,M,base,FLAT,100,5,1,-3858992
835456,23431096,6527,main_at_snapshot,0.0,FLAT_seed5_M_base,M,base,FLAT,100,5,1,-3434544
928256,26033459,7252,branch,0.0005,FLAT_seed5_M_base,M,base,FLAT,100,5,1,-3341744
1886976,52922622,14742,main_at_snapshot,0.0,FLAT_seed5_M_base,M,base,FLAT,100,5,1,-2383024
2096512,58799778,16379,branch,0.0005,FLAT_seed5_M_base,M,base,FLAT,100,5,1,-2173488
4262016,119534829,33297,main_at_snapshot,0.9985,FLAT_seed5_M_base,M,base,FLAT,100,5,1,-7984
4735616,132818051,36997,branch,0.978,FLAT_seed5_M_base,M,base,FLAT,100,5,1,465616
4270080,119761013,33360,main,0.998,FLAT_seed5_M_base,M,base,FLAT,100,5,1,80
4770048,133783607,37266,main,0.308,FLAT_seed5_M_base,M,base,FLAT,100,5,1,500048
5270016,147806277,41172,main,0.0655,FLAT_seed5_M_base,M,base,FLAT,100,5,1,1000016
5770112,161831882,45079,main,0.0255,FLAT_seed5_M_base,M,base,FLAT,100,5,1,1500112
6270080,175854738,48985,main,0.0125,FLAT_seed5_M_base,M,base,FLAT,100,5,1,2000080
6770048,189875624,52891,main,0.012,FLAT_seed5_M_base,M,base,FLAT,100,5,1,2500048
7270016,203899045,56797,main,0.007,FLAT_seed5_M_base,M,base,FLAT,100,5,1,3000016
7770112,217927394,60704,main,0.0035,FLAT_seed5_M_base,M,base,FLAT,100,5,1,3500112
8270080,231950274,64610,main,0.0025,FLAT_seed5_M_base,M,base,FLAT,100,5,1,4000080
8770048,245973096,68516,main,0.002,FLAT_seed5_M_base,M,base,FLAT,100,5,1,4500048
9270016,259995408,72422,main,0.003,FLAT_seed5_M_base,M,base,FLAT,100,5,1,5000016
9626880,270003044,75210,main_at_snapshot,0.0015,FLAT_seed5_M_base,M,base,FLAT,100,5,1,5356880
10696448,300001065,83566,branch,0.0035,FLAT_seed5_M_base,M,base,FLAT,100,5,1,6426448
32128,901178,251,main_at_snapshot,0.0005,FLAT_seed5_S_base,S,base,FLAT,300,5,1,-4237872
35712,1001639,279,branch,0.0,FLAT_seed5_S_base,S,base,FLAT,300,5,1,-4234288
72576,2035787,567,main_at_snapshot,0.0,FLAT_seed5_S_base,S,base,FLAT,300,5,1,-4197424
80640,2261912,630,branch,0.0005,FLAT_seed5_S_base,S,base,FLAT,300,5,1,-4189360
163840,4595053,1280,main_at_snapshot,0.0005,FLAT_seed5_S_base,S,base,FLAT,300,5,1,-4106160
182016,5104940,1422,branch,0.0,FLAT_seed5_S_base,S,base,FLAT,300,5,1,-4087984
369920,10375225,2890,main_at_snapshot,0.0,FLAT_seed5_S_base,S,base,FLAT,300,5,1,-3900080
411008,11527225,3211,branch,0.0,FLAT_seed5_S_base,S,base,FLAT,300,5,1,-3858992
835456,23431096,6527,main_at_snapshot,0.0,FLAT_seed5_S_base,S,base,FLAT,300,5,1,-3434544
928256,26033459,7252,branch,0.0005,FLAT_seed5_S_base,S,base,FLAT,300,5,1,-3341744
1886976,52922622,14742,main_at_snapshot,0.0,FLAT_seed5_S_base,S,base,FLAT,300,5,1,-2383024
2096512,58799778,16379,branch,0.0,FLAT_seed5_S_base,S,base,FLAT,300,5,1,-2173488
4262016,119534829,33297,main_at_snapshot,0.9105,FLAT_seed5_S_base,S,base,FLAT,300,5,1,-7984
4735616,132818051,36997,branch,0.061,FLAT_seed5_S_base,S,base,FLAT,300,5,1,465616
4270080,119761013,33360,main,0.921,FLAT_seed5_S_base,S,base,FLAT,300,5,1,80
4770048,133783607,37266,main,0.002,FLAT_seed5_S_base,S,base,FLAT,300,5,1,500048
5270016,147806277,41172,main,0.0,FLAT_seed5_S_base,S,base,FLAT,300,5,1,1000016
5770112,161831882,45079,main,0.0005,FLAT_seed5_S_base,S,base,FLAT,300,5,1,1500112
6270080,175854738,48985,main,0.0,FLAT_seed5_S_base,S,base,FLAT,300,5,1,2000080
6770048,189875624,52891,main,0.0,FLAT_seed5_S_base,S,base,FLAT,300,5,1,2500048
7270016,203899045,56797,main,0.0,FLAT_seed5_S_base,S,base,FLAT,300,5,1,3000016
7770112,217927394,60704,main,0.0005,FLAT_seed5_S_base,S,base,FLAT,300,5,1,3500112
8270080,231950274,64610,main,0.001,FLAT_seed5_S_base,S,base,FLAT,300,5,1,4000080
8770048,245973096,68516,main,0.0005,FLAT_seed5_S_base,S,base,FLAT,300,5,1,4500048
9270016,259995408,72422,main,0.0005,FLAT_seed5_S_base,S,base,FLAT,300,5,1,5000016
9626880,270003044,75210,main_at_snapshot,0.0,FLAT_seed5_S_base,S,base,FLAT,300,5,1,5356880
10696448,300001065,83566,branch,0.0005,FLAT_seed5_S_base,S,base,FLAT,300,5,1,6426448
32128,901491,251,main_at_snapshot,0.0,RAW_seed1_L_base,L,base,RAW,RAW,1,1,-4237872
35712,1002054,279,branch,0.0005,RAW_seed1_L_base,L,base,RAW,RAW,1,1,-4234288
72576,2035863,567,main_at_snapshot,0.0005,RAW_seed1_L_base,L,base,RAW,RAW,1,1,-4197424
80640,2262035,630,branch,0.0005,RAW_seed1_L_base,L,base,RAW,RAW,1,1,-4189360
163840,4595334,1280,main_at_snapshot,0.0,RAW_seed1_L_base,L,base,RAW,RAW,1,1,-4106160
182016,5105143,1422,branch,0.0,RAW_seed1_L_base,L,base,RAW,RAW,1,1,-4087984
369920,10375442,2890,main_at_snapshot,0.0,RAW_seed1_L_base,L,base,RAW,RAW,1,1,-3900080
410880,11524536,3210,branch,0.0,RAW_seed1_L_base,L,base,RAW,RAW,1,1,-3859120
835328,23429201,6526,main_at_snapshot,0.0,RAW_seed1_L_base,L,base,RAW,RAW,1,1,-3434672
928128,26032025,7251,branch,0.0,RAW_seed1_L_base,L,base,RAW,RAW,1,1,-3341872
1886848,52921445,14741,main_at_snapshot,0.0,RAW_seed1_L_base,L,base,RAW,RAW,1,1,-2383152
2096512,58801209,16379,branch,0.0,RAW_seed1_L_base,L,base,RAW,RAW,1,1,-2173488
4262144,119536862,33298,main_at_snapshot,1.0,RAW_seed1_L_base,L,base,RAW,RAW,1,1,-7856
4735616,132815933,36997,branch,0.9135,RAW_seed1_L_base,L,base,RAW,RAW,1,1,465616
4270080,119759387,33360,main,1.0,RAW_seed1_L_base,L,base,RAW,RAW,1,1,80
4770048,133781620,37266,main,0.2725,RAW_seed1_L_base,L,base,RAW,RAW,1,1,500048
5270016,147804252,41172,main,0.056,RAW_seed1_L_base,L,base,RAW,RAW,1,1,1000016
5770112,161830580,45079,main,0.017,RAW_seed1_L_base,L,base,RAW,RAW,1,1,1500112
6270080,175855283,48985,main,0.007,RAW_seed1_L_base,L,base,RAW,RAW,1,1,2000080
6770048,189878305,52891,main,0.007,RAW_seed1_L_base,L,base,RAW,RAW,1,1,2500048
7270016,203901008,56797,main,0.0015,RAW_seed1_L_base,L,base,RAW,RAW,1,1,3000016
7770112,217927105,60704,main,0.0015,RAW_seed1_L_base,L,base,RAW,RAW,1,1,3500112
8270080,231950503,64610,main,0.0015,RAW_seed1_L_base,L,base,RAW,RAW,1,1,4000080
8770048,245973511,68516,main,0.001,RAW_seed1_L_base,L,base,RAW,RAW,1,1,4500048
9270016,259997948,72422,main,0.001,RAW_seed1_L_base,L,base,RAW,RAW,1,1,5000016
9626752,270003495,75209,main_at_snapshot,0.0005,RAW_seed1_L_base,L,base,RAW,RAW,1,1,5356752
10696320,300001987,83565,branch,0.0005,RAW_seed1_L_base,L,base,RAW,RAW,1,1,6426320
35712,1002054,279,main,0.0005,RAW_seed1_L_cosine,L,cosine,RAW,RAW,1,1,-4234288
80640,2262035,630,main,0.0005,RAW_seed1_L_cosine,L,cosine,RAW,RAW,1,1,-4189360
182016,5105143,1422,main,0.0,RAW_seed1_L_cosine,L,cosine,RAW,RAW,1,1,-4087984
410880,11524536,3210,main,0.0,RAW_seed1_L_cosine,L,cosine,RAW,RAW,1,1,-3859120
928128,26032025,7251,main,0.0,RAW_seed1_L_cosine,L,cosine,RAW,RAW,1,1,-3341872
2096512,58801209,16379,main,0.0005,RAW_seed1_L_cosine,L,cosine,RAW,RAW,1,1,-2173488
4270080,119759387,33360,main,1.0,RAW_seed1_L_cosine,L,cosine,RAW,RAW,1,1,80
4735616,132815933,36997,main,0.7055,RAW_seed1_L_cosine,L,cosine,RAW,RAW,1,1,465616
4770048,133781620,37266,main,0.6775,RAW_seed1_L_cosine,L,cosine,RAW,RAW,1,1,500048
5270016,147804252,41172,main,0.3215,RAW_seed1_L_cosine,L,cosine,RAW,RAW,1,1,1000016
5770112,161830580,45079,main,0.194,RAW_seed1_L_cosine,L,cosine,RAW,RAW,1,1,1500112
6270080,175855283,48985,main,0.154,RAW_seed1_L_cosine,L,cosine,RAW,RAW,1,1,2000080
6770048,189878305,52891,main,0.123,RAW_seed1_L_cosine,L,cosine,RAW,RAW,1,1,2500048
7270016,203901008,56797,main,0.1175,RAW_seed1_L_cosine,L,cosine,RAW,RAW,1,1,3000016
7770112,217927105,60704,main,0.0975,RAW_seed1_L_cosine,L,cosine,RAW,RAW,1,1,3500112
8270080,231950503,64610,main,0.0955,RAW_seed1_L_cosine,L,cosine,RAW,RAW,1,1,4000080
8770048,245973511,68516,main,0.094,RAW_seed1_L_cosine,L,cosine,RAW,RAW,1,1,4500048
9270016,259997948,72422,main,0.089,RAW_seed1_L_cosine,L,cosine,RAW,RAW,1,1,5000016
9770112,274023948,76329,main,0.089,RAW_seed1_L_cosine,L,cosine,RAW,RAW,1,1,5500112
10270080,288048038,80235,main,0.0835,RAW_seed1_L_cosine,L,cosine,RAW,RAW,1,1,6000080
10696320,300001987,83565,main,0.079,RAW_seed1_L_cosine,L,cosine,RAW,RAW,1,1,6426320
32128,901491,251,main_at_snapshot,0.0,RAW_seed1_L_wd0,L,wd0,RAW,RAW,1,1,-4237872
35712,1002054,279,branch,0.0,RAW_seed1_L_wd0,L,wd0,RAW,RAW,1,1,-4234288
72576,2035863,567,main_at_snapshot,0.0005,RAW_seed1_L_wd0,L,wd0,RAW,RAW,1,1,-4197424
80640,2262035,630,branch,0.0005,RAW_seed1_L_wd0,L,wd0,RAW,RAW,1,1,-4189360
163840,4595334,1280,main_at_snapshot,0.0,RAW_seed1_L_wd0,L,wd0,RAW,RAW,1,1,-4106160
182016,5105143,1422,branch,0.0,RAW_seed1_L_wd0,L,wd0,RAW,RAW,1,1,-4087984
369920,10375442,2890,main_at_snapshot,0.0,RAW_seed1_L_wd0,L,wd0,RAW,RAW,1,1,-3900080
410880,11524536,3210,branch,0.0005,RAW_seed1_L_wd0,L,wd0,RAW,RAW,1,1,-3859120
835328,23429201,6526,main_at_snapshot,0.0,RAW_seed1_L_wd0,L,wd0,RAW,RAW,1,1,-3434672
928128,26032025,7251,branch,0.0005,RAW_seed1_L_wd0,L,wd0,RAW,RAW,1,1,-3341872
1886848,52921445,14741,main_at_snapshot,0.0005,RAW_seed1_L_wd0,L,wd0,RAW,RAW,1,1,-2383152
2096512,58801209,16379,branch,0.0,RAW_seed1_L_wd0,L,wd0,RAW,RAW,1,1,-2173488
4262144,119536862,33298,main_at_snapshot,1.0,RAW_seed1_L_wd0,L,wd0,RAW,RAW,1,1,-7856
4735616,132815933,36997,branch,0.9355,RAW_seed1_L_wd0,L,wd0,RAW,RAW,1,1,465616
4270080,119759387,33360,main,1.0,RAW_seed1_L_wd0,L,wd0,RAW,RAW,1,1,80
4770048,133781620,37266,main,0.4315,RAW_seed1_L_wd0,L,wd0,RAW,RAW,1,1,500048
5270016,147804252,41172,main,0.162,RAW_seed1_L_wd0,L,wd0,RAW,RAW,1,1,1000016
5770112,161830580,45079,main,0.082,RAW_seed1_L_wd0,L,wd0,RAW,RAW,1,1,1500112
6270080,175855283,48985,main,0.057,RAW_seed1_L_wd0,L,wd0,RAW,RAW,1,1,2000080
6770048,189878305,52891,main,0.0285,RAW_seed1_L_wd0,L,wd0,RAW,RAW,1,1,2500048
7270016,203901008,56797,main,0.024,RAW_seed1_L_wd0,L,wd0,RAW,RAW,1,1,3000016
7770112,217927105,60704,main,0.0165,RAW_seed1_L_wd0,L,wd0,RAW,RAW,1,1,3500112
8270080,231950503,64610,main,0.012,RAW_seed1_L_wd0,L,wd0,RAW,RAW,1,1,4000080
8770048,245973511,68516,main,0.01,RAW_seed1_L_wd0,L,wd0,RAW,RAW,1,1,4500048
9270016,259997948,72422,main,0.0085,RAW_seed1_L_wd0,L,wd0,RAW,RAW,1,1,5000016
9626752,270003495,75209,main_at_snapshot,0.007,RAW_seed1_L_wd0,L,wd0,RAW,RAW,1,1,5356752
10696320,300001987,83565,branch,0.011,RAW_seed1_L_wd0,L,wd0,RAW,RAW,1,1,6426320
32128,901491,251,main_at_snapshot,0.0005,RAW_seed1_M_base,M,base,RAW,RAW,1,1,-4237872
35712,1002054,279,branch,0.0,RAW_seed1_M_base,M,base,RAW,RAW,1,1,-4234288
72576,2035863,567,main_at_snapshot,0.001,RAW_seed1_M_base,M,base,RAW,RAW,1,1,-4197424
80640,2262035,630,branch,0.0005,RAW_seed1_M_base,M,base,RAW,RAW,1,1,-4189360
163840,4595334,1280,main_at_snapshot,0.0,RAW_seed1_M_base,M,base,RAW,RAW,1,1,-4106160
182016,5105143,1422,branch,0.0005,RAW_seed1_M_base,M,base,RAW,RAW,1,1,-4087984
369920,10375442,2890,main_at_snapshot,0.0005,RAW_seed1_M_base,M,base,RAW,RAW,1,1,-3900080
410880,11524536,3210,branch,0.0,RAW_seed1_M_base,M,base,RAW,RAW,1,1,-3859120
835328,23429201,6526,main_at_snapshot,0.0,RAW_seed1_M_base,M,base,RAW,RAW,1,1,-3434672
928128,26032025,7251,branch,0.0,RAW_seed1_M_base,M,base,RAW,RAW,1,1,-3341872
1886848,52921445,14741,main_at_snapshot,0.0005,RAW_seed1_M_base,M,base,RAW,RAW,1,1,-2383152
2096512,58801209,16379,branch,0.001,RAW_seed1_M_base,M,base,RAW,RAW,1,1,-2173488
4262144,119536862,33298,main_at_snapshot,1.0,RAW_seed1_M_base,M,base,RAW,RAW,1,1,-7856
4735616,132815933,36997,branch,0.87,RAW_seed1_M_base,M,base,RAW,RAW,1,1,465616
4270080,119759387,33360,main,0.9995,RAW_seed1_M_base,M,base,RAW,RAW,1,1,80
4770048,133781620,37266,main,0.226,RAW_seed1_M_base,M,base,RAW,RAW,1,1,500048
5270016,147804252,41172,main,0.0375,RAW_seed1_M_base,M,base,RAW,RAW,1,1,1000016
5770112,161830580,45079,main,0.0155,RAW_seed1_M_base,M,base,RAW,RAW,1,1,1500112
6270080,175855283,48985,main,0.008,RAW_seed1_M_base,M,base,RAW,RAW,1,1,2000080
6770048,189878305,52891,main,0.0025,RAW_seed1_M_base,M,base,RAW,RAW,1,1,2500048
7270016,203901008,56797,main,0.002,RAW_seed1_M_base,M,base,RAW,RAW,1,1,3000016
7770112,217927105,60704,main,0.0005,RAW_seed1_M_base,M,base,RAW,RAW,1,1,3500112
8270080,231950503,64610,main,0.0025,RAW_seed1_M_base,M,base,RAW,RAW,1,1,4000080
8770048,245973511,68516,main,0.0005,RAW_seed1_M_base,M,base,RAW,RAW,1,1,4500048
9270016,259997948,72422,main,0.0,RAW_seed1_M_base,M,base,RAW,RAW,1,1,5000016
9626752,270003495,75209,main_at_snapshot,0.001,RAW_seed1_M_base,M,base,RAW,RAW,1,1,5356752
10696320,300001987,83565,branch,0.0005,RAW_seed1_M_base,M,base,RAW,RAW,1,1,6426320
64256,1802677,502,main_at_snapshot,0.0,RAW_seed1_M_base_2B,M,base,RAW,RAW,1,2,-4205744
71296,2000003,557,branch,0.0,RAW_seed1_M_base_2B,M,base,RAW,RAW,1,2,-4198704
145024,4067284,1133,main_at_snapshot,0.0005,RAW_seed1_M_base_2B,M,base,RAW,RAW,1,2,-4124976
161152,4519987,1259,branch,0.0,RAW_seed1_M_base_2B,M,base,RAW,RAW,1,2,-4108848
327552,9187145,2559,main_at_snapshot,0.0,RAW_seed1_M_base_2B,M,base,RAW,RAW,1,2,-3942448
363904,10206679,2843,branch,0.0,RAW_seed1_M_base_2B,M,base,RAW,RAW,1,2,-3906096
739712,20747481,5779,main_at_snapshot,0.0,RAW_seed1_M_base_2B,M,base,RAW,RAW,1,2,-3530288
821888,23052019,6421,branch,0.0005,RAW_seed1_M_base_2B,M,base,RAW,RAW,1,2,-3448112
1670656,46858550,13052,main_at_snapshot,0.0,RAW_seed1_M_base_2B,M,base,RAW,RAW,1,2,-2599344
1856256,52063547,14502,branch,0.0,RAW_seed1_M_base_2B,M,base,RAW,RAW,1,2,-2413744
3773824,105841310,29483,main_at_snapshot,1.0,RAW_seed1_M_base_2B,M,base,RAW,RAW,1,2,-496176
4193152,117601921,32759,branch,1.0,RAW_seed1_M_base_2B,M,base,RAW,RAW,1,2,-76848
4270080,119759387,33360,main,0.9995,RAW_seed1_M_base_2B,M,base,RAW,RAW,1,2,80
4770048,133781620,37266,main,0.226,RAW_seed1_M_base_2B,M,base,RAW,RAW,1,2,500048
5270016,147804252,41172,main,0.0375,RAW_seed1_M_base_2B,M,base,RAW,RAW,1,2,1000016
5770112,161830580,45079,main,0.0155,RAW_seed1_M_base_2B,M,base,RAW,RAW,1,2,1500112
6270080,175855283,48985,main,0.008,RAW_seed1_M_base_2B,M,base,RAW,RAW,1,2,2000080
6770048,189878305,52891,main,0.0025,RAW_seed1_M_base_2B,M,base,RAW,RAW,1,2,2500048
7270016,203901008,56797,main,0.002,RAW_seed1_M_base_2B,M,base,RAW,RAW,1,2,3000016
7770112,217927105,60704,main,0.0005,RAW_seed1_M_base_2B,M,base,RAW,RAW,1,2,3500112
8270080,231950503,64610,main,0.0025,RAW_seed1_M_base_2B,M,base,RAW,RAW,1,2,4000080
8523904,239069193,66593,main_at_snapshot,0.0005,RAW_seed1_M_base_2B,M,base,RAW,RAW,1,2,4253904
9470848,265631138,73991,branch,0.002,RAW_seed1_M_base_2B,M,base,RAW,RAW,1,2,5200848
8770048,245973511,68516,main,0.0005,RAW_seed1_M_base_2B,M,base,RAW,RAW,1,2,4500048
9270016,259997948,72422,main,0.0,RAW_seed1_M_base_2B,M,base,RAW,RAW,1,2,5000016
9770112,274023948,76329,main,0.0,RAW_seed1_M_base_2B,M,base,RAW,RAW,1,2,5500112
10270080,288048038,80235,main,0.001,RAW_seed1_M_base_2B,M,base,RAW,RAW,1,2,6000080
10770048,302069948,84141,main,0.001,RAW_seed1_M_base_2B,M,base,RAW,RAW,1,2,6500048
11270016,316090527,88047,main,0.0,RAW_seed1_M_base_2B,M,base,RAW,RAW,1,2,7000016
11770112,330116492,91954,main,0.001,RAW_seed1_M_base_2B,M,base,RAW,RAW,1,2,7500112
12270080,344136099,95860,main,0.0,RAW_seed1_M_base_2B,M,base,RAW,RAW,1,2,8000080
12770048,358159757,99766,main,0.0005,RAW_seed1_M_base_2B,M,base,RAW,RAW,1,2,8500048
13270016,372183987,103672,main,0.0,RAW_seed1_M_base_2B,M,base,RAW,RAW,1,2,9000016
13770112,386209714,107579,main,0.0,RAW_seed1_M_base_2B,M,base,RAW,RAW,1,2,9500112
14270080,400231781,111485,main,0.0005,RAW_seed1_M_base_2B,M,base,RAW,RAW,1,2,10000080
14770048,414254798,115391,main,0.0,RAW_seed1_M_base_2B,M,base,RAW,RAW,1,2,10500048
15270016,428276520,119297,main,0.0,RAW_seed1_M_base_2B,M,base,RAW,RAW,1,2,11000016
15770112,442301814,123204,main,0.0005,RAW_seed1_M_base_2B,M,base,RAW,RAW,1,2,11500112
16270080,456324771,127110,main,0.0,RAW_seed1_M_base_2B,M,base,RAW,RAW,1,2,12000080
16770048,470349092,131016,main,0.0,RAW_seed1_M_base_2B,M,base,RAW,RAW,1,2,12500048
17270016,484370427,134922,main,0.0005,RAW_seed1_M_base_2B,M,base,RAW,RAW,1,2,13000016
17770112,498395570,138829,main,0.0,RAW_seed1_M_base_2B,M,base,RAW,RAW,1,2,13500112
18270080,512417841,142735,main,0.0005,RAW_seed1_M_base_2B,M,base,RAW,RAW,1,2,14000080
18770048,526440620,146641,main,0.0005,RAW_seed1_M_base_2B,M,base,RAW,RAW,1,2,14500048
19253504,540000000,150418,main_at_snapshot,0.001,RAW_seed1_M_base_2B,M,base,RAW,RAW,1,2,14983504
21392768,600000139,167131,branch,0.0005,RAW_seed1_M_base_2B,M,base,RAW,RAW,1,2,17122768
128384,3601147,1003,main_at_snapshot,0.0,RAW_seed1_M_base_4B,M,base,RAW,RAW,1,4,-4141616
142720,4002885,1115,branch,0.0,RAW_seed1_M_base_4B,M,base,RAW,RAW,1,4,-4127280
289920,8131987,2265,main_at_snapshot,0.0005,RAW_seed1_M_base_4B,M,base,RAW,RAW,1,4,-3980080
322176,9036376,2517,branch,0.0005,RAW_seed1_M_base_4B,M,base,RAW,RAW,1,4,-3947824
654976,18370805,5117,main_at_snapshot,0.0005,RAW_seed1_M_base_4B,M,base,RAW,RAW,1,4,-3615024
727680,20409667,5685,branch,0.0,RAW_seed1_M_base_4B,M,base,RAW,RAW,1,4,-3542320
1479296,41490800,11557,main_at_snapshot,0.0,RAW_seed1_M_base_4B,M,base,RAW,RAW,1,4,-2790704
1643648,46100911,12841,branch,0.0005,RAW_seed1_M_base_4B,M,base,RAW,RAW,1,4,-2626352
3341440,93715636,26105,main_at_snapshot,0.999,RAW_seed1_M_base_4B,M,base,RAW,RAW,1,4,-928560
3712640,104125873,29005,branch,1.0,RAW_seed1_M_base_4B,M,base,RAW,RAW,1,4,-557360
4270080,119759387,33360,main,0.9995,RAW_seed1_M_base_4B,M,base,RAW,RAW,1,4,80
4770048,133781620,37266,main,0.226,RAW_seed1_M_base_4B,M,base,RAW,RAW,1,4,500048
5270016,147804252,41172,main,0.0375,RAW_seed1_M_base_4B,M,base,RAW,RAW,1,4,1000016
5770112,161830580,45079,main,0.0155,RAW_seed1_M_base_4B,M,base,RAW,RAW,1,4,1500112
6270080,175855283,48985,main,0.008,RAW_seed1_M_base_4B,M,base,RAW,RAW,1,4,2000080
6770048,189878305,52891,main,0.0025,RAW_seed1_M_base_4B,M,base,RAW,RAW,1,4,2500048
7270016,203901008,56797,main,0.002,RAW_seed1_M_base_4B,M,base,RAW,RAW,1,4,3000016
7547392,211680310,58964,main_at_snapshot,0.0,RAW_seed1_M_base_4B,M,base,RAW,RAW,1,4,3277392
8385920,235199039,65515,branch,0.0025,RAW_seed1_M_base_4B,M,base,RAW,RAW,1,4,4115920
7770112,217927105,60704,main,0.0005,RAW_seed1_M_base_4B,M,base,RAW,RAW,1,4,3500112
8270080,231950503,64610,main,0.0025,RAW_seed1_M_base_4B,M,base,RAW,RAW,1,4,4000080
8770048,245973511,68516,main,0.0005,RAW_seed1_M_base_4B,M,base,RAW,RAW,1,4,4500048
9270016,259997948,72422,main,0.0,RAW_seed1_M_base_4B,M,base,RAW,RAW,1,4,5000016
9770112,274023948,76329,main,0.0,RAW_seed1_M_base_4B,M,base,RAW,RAW,1,4,5500112
10270080,288048038,80235,main,0.001,RAW_seed1_M_base_4B,M,base,RAW,RAW,1,4,6000080
10770048,302069948,84141,main,0.001,RAW_seed1_M_base_4B,M,base,RAW,RAW,1,4,6500048
11270016,316090527,88047,main,0.0,RAW_seed1_M_base_4B,M,base,RAW,RAW,1,4,7000016
11770112,330116492,91954,main,0.001,RAW_seed1_M_base_4B,M,base,RAW,RAW,1,4,7500112
12270080,344136099,95860,main,0.0,RAW_seed1_M_base_4B,M,base,RAW,RAW,1,4,8000080
12770048,358159757,99766,main,0.0005,RAW_seed1_M_base_4B,M,base,RAW,RAW,1,4,8500048
13270016,372183987,103672,main,0.0,RAW_seed1_M_base_4B,M,base,RAW,RAW,1,4,9000016
13770112,386209714,107579,main,0.0,RAW_seed1_M_base_4B,M,base,RAW,RAW,1,4,9500112
14270080,400231781,111485,main,0.0005,RAW_seed1_M_base_4B,M,base,RAW,RAW,1,4,10000080
14770048,414254798,115391,main,0.0,RAW_seed1_M_base_4B,M,base,RAW,RAW,1,4,10500048
15270016,428276520,119297,main,0.0,RAW_seed1_M_base_4B,M,base,RAW,RAW,1,4,11000016
15770112,442301814,123204,main,0.0005,RAW_seed1_M_base_4B,M,base,RAW,RAW,1,4,11500112
16270080,456324771,127110,main,0.0,RAW_seed1_M_base_4B,M,base,RAW,RAW,1,4,12000080
16770048,470349092,131016,main,0.0,RAW_seed1_M_base_4B,M,base,RAW,RAW,1,4,12500048
17047680,478134204,133185,main_at_snapshot,0.0005,RAW_seed1_M_base_4B,M,base,RAW,RAW,1,4,12777680
18941952,531262451,147984,branch,0.0,RAW_seed1_M_base_4B,M,base,RAW,RAW,1,4,14671952
17270016,484370427,134922,main,0.0005,RAW_seed1_M_base_4B,M,base,RAW,RAW,1,4,13000016
17770112,498395570,138829,main,0.0,RAW_seed1_M_base_4B,M,base,RAW,RAW,1,4,13500112
18270080,512417841,142735,main,0.0005,RAW_seed1_M_base_4B,M,base,RAW,RAW,1,4,14000080
18770048,526440620,146641,main,0.0005,RAW_seed1_M_base_4B,M,base,RAW,RAW,1,4,14500048
19270016,540463360,150547,main,0.001,RAW_seed1_M_base_4B,M,base,RAW,RAW,1,4,15000016
19770112,554488474,154454,main,0.0,RAW_seed1_M_base_4B,M,base,RAW,RAW,1,4,15500112
20270080,568511601,158360,main,0.0,RAW_seed1_M_base_4B,M,base,RAW,RAW,1,4,16000080
20770048,582535078,162266,main,0.0005,RAW_seed1_M_base_4B,M,base,RAW,RAW,1,4,16500048
21270016,596557329,166172,main,0.0,RAW_seed1_M_base_4B,M,base,RAW,RAW,1,4,17000016
21770112,610583972,170079,main,0.001,RAW_seed1_M_base_4B,M,base,RAW,RAW,1,4,17500112
22270080,624606434,173985,main,0.0,RAW_seed1_M_base_4B,M,base,RAW,RAW,1,4,18000080
22770048,638627919,177891,main,0.0005,RAW_seed1_M_base_4B,M,base,RAW,RAW,1,4,18500048
23270016,652649024,181797,main,0.0005,RAW_seed1_M_base_4B,M,base,RAW,RAW,1,4,19000016
23770112,666676067,185704,main,0.0,RAW_seed1_M_base_4B,M,base,RAW,RAW,1,4,19500112
24270080,680698956,189610,main,0.0005,RAW_seed1_M_base_4B,M,base,RAW,RAW,1,4,20000080
24770048,694722415,193516,main,0.0,RAW_seed1_M_base_4B,M,base,RAW,RAW,1,4,20500048
25270016,708744235,197422,main,0.0,RAW_seed1_M_base_4B,M,base,RAW,RAW,1,4,21000016
25770112,722771792,201329,main,0.0005,RAW_seed1_M_base_4B,M,base,RAW,RAW,1,4,21500112
26270080,736796092,205235,main,0.0,RAW_seed1_M_base_4B,M,base,RAW,RAW,1,4,22000080
26770048,750819149,209141,main,0.0005,RAW_seed1_M_base_4B,M,base,RAW,RAW,1,4,22500048
27270016,764841719,213047,main,0.0005,RAW_seed1_M_base_4B,M,base,RAW,RAW,1,4,23000016
27770112,778866718,216954,main,0.0005,RAW_seed1_M_base_4B,M,base,RAW,RAW,1,4,23500112
28270080,792889126,220860,main,0.001,RAW_seed1_M_base_4B,M,base,RAW,RAW,1,4,24000080
28770048,806911541,224766,main,0.0,RAW_seed1_M_base_4B,M,base,RAW,RAW,1,4,24500048
29270016,820934979,228672,main,0.0005,RAW_seed1_M_base_4B,M,base,RAW,RAW,1,4,25000016
29770112,834960165,232579,main,0.0005,RAW_seed1_M_base_4B,M,base,RAW,RAW,1,4,25500112
30270080,848981726,236485,main,0.0005,RAW_seed1_M_base_4B,M,base,RAW,RAW,1,4,26000080
30770048,863004732,240391,main,0.0,RAW_seed1_M_base_4B,M,base,RAW,RAW,1,4,26500048
31270016,877026365,244297,main,0.0,RAW_seed1_M_base_4B,M,base,RAW,RAW,1,4,27000016
31770112,891053120,248204,main,0.0,RAW_seed1_M_base_4B,M,base,RAW,RAW,1,4,27500112
32270080,905076310,252110,main,0.0,RAW_seed1_M_base_4B,M,base,RAW,RAW,1,4,28000080
32770048,919099368,256016,main,0.0,RAW_seed1_M_base_4B,M,base,RAW,RAW,1,4,28500048
33270016,933121147,259922,main,0.0,RAW_seed1_M_base_4B,M,base,RAW,RAW,1,4,29000016
33770112,947144685,263829,main,0.0,RAW_seed1_M_base_4B,M,base,RAW,RAW,1,4,29500112
34270080,961167089,267735,main,0.0,RAW_seed1_M_base_4B,M,base,RAW,RAW,1,4,30000080
34770048,975188136,271641,main,0.0,RAW_seed1_M_base_4B,M,base,RAW,RAW,1,4,30500048
35270016,989211061,275547,main,0.0,RAW_seed1_M_base_4B,M,base,RAW,RAW,1,4,31000016
35770112,1003238982,279454,main,0.0,RAW_seed1_M_base_4B,M,base,RAW,RAW,1,4,31500112
36270080,1017260798,283360,main,0.001,RAW_seed1_M_base_4B,M,base,RAW,RAW,1,4,32000080
36770048,1031283959,287266,main,0.0,RAW_seed1_M_base_4B,M,base,RAW,RAW,1,4,32500048
37270016,1045305956,291172,main,0.0005,RAW_seed1_M_base_4B,M,base,RAW,RAW,1,4,33000016
37770112,1059331485,295079,main,0.0,RAW_seed1_M_base_4B,M,base,RAW,RAW,1,4,33500112
38270080,1073354246,298985,main,0.0,RAW_seed1_M_base_4B,M,base,RAW,RAW,1,4,34000080
38507136,1080001344,300837,main_at_snapshot,0.0,RAW_seed1_M_base_4B,M,base,RAW,RAW,1,4,34237136
42785664,1200003317,334263,branch,0.0005,RAW_seed1_M_base_4B,M,base,RAW,RAW,1,4,38515664
35712,1002054,279,main,0.0,RAW_seed1_M_cosine,M,cosine,RAW,RAW,1,1,-4234288
80640,2262035,630,main,0.0005,RAW_seed1_M_cosine,M,cosine,RAW,RAW,1,1,-4189360
182016,5105143,1422,main,0.0005,RAW_seed1_M_cosine,M,cosine,RAW,RAW,1,1,-4087984
410880,11524536,3210,main,0.0,RAW_seed1_M_cosine,M,cosine,RAW,RAW,1,1,-3859120
928128,26032025,7251,main,0.0,RAW_seed1_M_cosine,M,cosine,RAW,RAW,1,1,-3341872
2096512,58801209,16379,main,0.0005,RAW_seed1_M_cosine,M,cosine,RAW,RAW,1,1,-2173488
4270080,119759387,33360,main,1.0,RAW_seed1_M_cosine,M,cosine,RAW,RAW,1,1,80
4735616,132815933,36997,main,0.6085,RAW_seed1_M_cosine,M,cosine,RAW,RAW,1,1,465616
4770048,133781620,37266,main,0.603,RAW_seed1_M_cosine,M,cosine,RAW,RAW,1,1,500048
5270016,147804252,41172,main,0.2455,RAW_seed1_M_cosine,M,cosine,RAW,RAW,1,1,1000016
5770112,161830580,45079,main,0.1285,RAW_seed1_M_cosine,M,cosine,RAW,RAW,1,1,1500112
6270080,175855283,48985,main,0.0835,RAW_seed1_M_cosine,M,cosine,RAW,RAW,1,1,2000080
6770048,189878305,52891,main,0.0675,RAW_seed1_M_cosine,M,cosine,RAW,RAW,1,1,2500048
7270016,203901008,56797,main,0.053,RAW_seed1_M_cosine,M,cosine,RAW,RAW,1,1,3000016
7770112,217927105,60704,main,0.0415,RAW_seed1_M_cosine,M,cosine,RAW,RAW,1,1,3500112
8270080,231950503,64610,main,0.045,RAW_seed1_M_cosine,M,cosine,RAW,RAW,1,1,4000080
8770048,245973511,68516,main,0.04,RAW_seed1_M_cosine,M,cosine,RAW,RAW,1,1,4500048
9270016,259997948,72422,main,0.028,RAW_seed1_M_cosine,M,cosine,RAW,RAW,1,1,5000016
9770112,274023948,76329,main,0.0305,RAW_seed1_M_cosine,M,cosine,RAW,RAW,1,1,5500112
10270080,288048038,80235,main,0.0285,RAW_seed1_M_cosine,M,cosine,RAW,RAW,1,1,6000080
10696320,300001987,83565,main,0.026,RAW_seed1_M_cosine,M,cosine,RAW,RAW,1,1,6426320
32128,901491,251,main_at_snapshot,0.0,RAW_seed1_M_lr3,M,lr3,RAW,RAW,1,1,-4237872
35712,1002054,279,branch,0.0,RAW_seed1_M_lr3,M,lr3,RAW,RAW,1,1,-4234288
72576,2035863,567,main_at_snapshot,0.0005,RAW_seed1_M_lr3,M,lr3,RAW,RAW,1,1,-4197424
80640,2262035,630,branch,0.0005,RAW_seed1_M_lr3,M,lr3,RAW,RAW,1,1,-4189360
163840,4595334,1280,main_at_snapshot,0.0,RAW_seed1_M_lr3,M,lr3,RAW,RAW,1,1,-4106160
182016,5105143,1422,branch,0.0,RAW_seed1_M_lr3,M,lr3,RAW,RAW,1,1,-4087984
369920,10375442,2890,main_at_snapshot,0.0005,RAW_seed1_M_lr3,M,lr3,RAW,RAW,1,1,-3900080
410880,11524536,3210,branch,0.0005,RAW_seed1_M_lr3,M,lr3,RAW,RAW,1,1,-3859120
835328,23429201,6526,main_at_snapshot,0.0,RAW_seed1_M_lr3,M,lr3,RAW,RAW,1,1,-3434672
928128,26032025,7251,branch,0.0,RAW_seed1_M_lr3,M,lr3,RAW,RAW,1,1,-3341872
1886848,52921445,14741,main_at_snapshot,0.0,RAW_seed1_M_lr3,M,lr3,RAW,RAW,1,1,-2383152
2096512,58801209,16379,branch,0.0,RAW_seed1_M_lr3,M,lr3,RAW,RAW,1,1,-2173488
4262144,119536862,33298,main_at_snapshot,1.0,RAW_seed1_M_lr3,M,lr3,RAW,RAW,1,1,-7856
4735616,132815933,36997,branch,0.9995,RAW_seed1_M_lr3,M,lr3,RAW,RAW,1,1,465616
4270080,119759387,33360,main,1.0,RAW_seed1_M_lr3,M,lr3,RAW,RAW,1,1,80
4770048,133781620,37266,main,0.899,RAW_seed1_M_lr3,M,lr3,RAW,RAW,1,1,500048
5270016,147804252,41172,main,0.618,RAW_seed1_M_lr3,M,lr3,RAW,RAW,1,1,1000016
5770112,161830580,45079,main,0.3415,RAW_seed1_M_lr3,M,lr3,RAW,RAW,1,1,1500112
6270080,175855283,48985,main,0.1875,RAW_seed1_M_lr3,M,lr3,RAW,RAW,1,1,2000080
6770048,189878305,52891,main,0.1145,RAW_seed1_M_lr3,M,lr3,RAW,RAW,1,1,2500048
7270016,203901008,56797,main,0.06,RAW_seed1_M_lr3,M,lr3,RAW,RAW,1,1,3000016
7770112,217927105,60704,main,0.0415,RAW_seed1_M_lr3,M,lr3,RAW,RAW,1,1,3500112
8270080,231950503,64610,main,0.026,RAW_seed1_M_lr3,M,lr3,RAW,RAW,1,1,4000080
8770048,245973511,68516,main,0.021,RAW_seed1_M_lr3,M,lr3,RAW,RAW,1,1,4500048
9270016,259997948,72422,main,0.011,RAW_seed1_M_lr3,M,lr3,RAW,RAW,1,1,5000016
9626752,270003495,75209,main_at_snapshot,0.0175,RAW_seed1_M_lr3,M,lr3,RAW,RAW,1,1,5356752
10696320,300001987,83565,branch,0.017,RAW_seed1_M_lr3,M,lr3,RAW,RAW,1,1,6426320
32128,901491,251,main_at_snapshot,0.0005,RAW_seed1_M_wd0,M,wd0,RAW,RAW,1,1,-4237872
35712,1002054,279,branch,0.0,RAW_seed1_M_wd0,M,wd0,RAW,RAW,1,1,-4234288
72576,2035863,567,main_at_snapshot,0.001,RAW_seed1_M_wd0,M,wd0,RAW,RAW,1,1,-4197424
80640,2262035,630,branch,0.0005,RAW_seed1_M_wd0,M,wd0,RAW,RAW,1,1,-4189360
163840,4595334,1280,main_at_snapshot,0.0,RAW_seed1_M_wd0,M,wd0,RAW,RAW,1,1,-4106160
182016,5105143,1422,branch,0.0,RAW_seed1_M_wd0,M,wd0,RAW,RAW,1,1,-4087984
369920,10375442,2890,main_at_snapshot,0.0,RAW_seed1_M_wd0,M,wd0,RAW,RAW,1,1,-3900080
410880,11524536,3210,branch,0.001,RAW_seed1_M_wd0,M,wd0,RAW,RAW,1,1,-3859120
835328,23429201,6526,main_at_snapshot,0.0,RAW_seed1_M_wd0,M,wd0,RAW,RAW,1,1,-3434672
928128,26032025,7251,branch,0.0,RAW_seed1_M_wd0,M,wd0,RAW,RAW,1,1,-3341872
1886848,52921445,14741,main_at_snapshot,0.0,RAW_seed1_M_wd0,M,wd0,RAW,RAW,1,1,-2383152
2096512,58801209,16379,branch,0.0,RAW_seed1_M_wd0,M,wd0,RAW,RAW,1,1,-2173488
4262144,119536862,33298,main_at_snapshot,1.0,RAW_seed1_M_wd0,M,wd0,RAW,RAW,1,1,-7856
4735616,132815933,36997,branch,0.895,RAW_seed1_M_wd0,M,wd0,RAW,RAW,1,1,465616
4270080,119759387,33360,main,1.0,RAW_seed1_M_wd0,M,wd0,RAW,RAW,1,1,80
4770048,133781620,37266,main,0.3995,RAW_seed1_M_wd0,M,wd0,RAW,RAW,1,1,500048
5270016,147804252,41172,main,0.125,RAW_seed1_M_wd0,M,wd0,RAW,RAW,1,1,1000016
5770112,161830580,45079,main,0.0625,RAW_seed1_M_wd0,M,wd0,RAW,RAW,1,1,1500112
6270080,175855283,48985,main,0.028,RAW_seed1_M_wd0,M,wd0,RAW,RAW,1,1,2000080
6770048,189878305,52891,main,0.02,RAW_seed1_M_wd0,M,wd0,RAW,RAW,1,1,2500048
7270016,203901008,56797,main,0.0155,RAW_seed1_M_wd0,M,wd0,RAW,RAW,1,1,3000016
7770112,217927105,60704,main,0.011,RAW_seed1_M_wd0,M,wd0,RAW,RAW,1,1,3500112
8270080,231950503,64610,main,0.013,RAW_seed1_M_wd0,M,wd0,RAW,RAW,1,1,4000080
8770048,245973511,68516,main,0.012,RAW_seed1_M_wd0,M,wd0,RAW,RAW,1,1,4500048
9270016,259997948,72422,main,0.0055,RAW_seed1_M_wd0,M,wd0,RAW,RAW,1,1,5000016
9626752,270003495,75209,main_at_snapshot,0.003,RAW_seed1_M_wd0,M,wd0,RAW,RAW,1,1,5356752
10696320,300001987,83565,branch,0.0095,RAW_seed1_M_wd0,M,wd0,RAW,RAW,1,1,6426320
32128,901491,251,main_at_snapshot,0.0,RAW_seed1_M_wd0_lr3,M,wd0_lr3,RAW,RAW,1,1,-4237872
35712,1002054,279,branch,0.0,RAW_seed1_M_wd0_lr3,M,wd0_lr3,RAW,RAW,1,1,-4234288
72576,2035863,567,main_at_snapshot,0.0005,RAW_seed1_M_wd0_lr3,M,wd0_lr3,RAW,RAW,1,1,-4197424
80640,2262035,630,branch,0.0005,RAW_seed1_M_wd0_lr3,M,wd0_lr3,RAW,RAW,1,1,-4189360
163840,4595334,1280,main_at_snapshot,0.0,RAW_seed1_M_wd0_lr3,M,wd0_lr3,RAW,RAW,1,1,-4106160
182016,5105143,1422,branch,0.0,RAW_seed1_M_wd0_lr3,M,wd0_lr3,RAW,RAW,1,1,-4087984
369920,10375442,2890,main_at_snapshot,0.0,RAW_seed1_M_wd0_lr3,M,wd0_lr3,RAW,RAW,1,1,-3900080
410880,11524536,3210,branch,0.0005,RAW_seed1_M_wd0_lr3,M,wd0_lr3,RAW,RAW,1,1,-3859120
835328,23429201,6526,main_at_snapshot,0.0,RAW_seed1_M_wd0_lr3,M,wd0_lr3,RAW,RAW,1,1,-3434672
928128,26032025,7251,branch,0.0,RAW_seed1_M_wd0_lr3,M,wd0_lr3,RAW,RAW,1,1,-3341872
1886848,52921445,14741,main_at_snapshot,0.0,RAW_seed1_M_wd0_lr3,M,wd0_lr3,RAW,RAW,1,1,-2383152
2096512,58801209,16379,branch,0.0005,RAW_seed1_M_wd0_lr3,M,wd0_lr3,RAW,RAW,1,1,-2173488
4262144,119536862,33298,main_at_snapshot,1.0,RAW_seed1_M_wd0_lr3,M,wd0_lr3,RAW,RAW,1,1,-7856
4735616,132815933,36997,branch,0.999,RAW_seed1_M_wd0_lr3,M,wd0_lr3,RAW,RAW,1,1,465616
4270080,119759387,33360,main,1.0,RAW_seed1_M_wd0_lr3,M,wd0_lr3,RAW,RAW,1,1,80
4770048,133781620,37266,main,0.9195,RAW_seed1_M_wd0_lr3,M,wd0_lr3,RAW,RAW,1,1,500048
5270016,147804252,41172,main,0.6975,RAW_seed1_M_wd0_lr3,M,wd0_lr3,RAW,RAW,1,1,1000016
5770112,161830580,45079,main,0.4545,RAW_seed1_M_wd0_lr3,M,wd0_lr3,RAW,RAW,1,1,1500112
6270080,175855283,48985,main,0.2935,RAW_seed1_M_wd0_lr3,M,wd0_lr3,RAW,RAW,1,1,2000080
6770048,189878305,52891,main,0.1945,RAW_seed1_M_wd0_lr3,M,wd0_lr3,RAW,RAW,1,1,2500048
7270016,203901008,56797,main,0.1225,RAW_seed1_M_wd0_lr3,M,wd0_lr3,RAW,RAW,1,1,3000016
7770112,217927105,60704,main,0.089,RAW_seed1_M_wd0_lr3,M,wd0_lr3,RAW,RAW,1,1,3500112
8270080,231950503,64610,main,0.06,RAW_seed1_M_wd0_lr3,M,wd0_lr3,RAW,RAW,1,1,4000080
8770048,245973511,68516,main,0.042,RAW_seed1_M_wd0_lr3,M,wd0_lr3,RAW,RAW,1,1,4500048
9270016,259997948,72422,main,0.0405,RAW_seed1_M_wd0_lr3,M,wd0_lr3,RAW,RAW,1,1,5000016
9626752,270003495,75209,main_at_snapshot,0.032,RAW_seed1_M_wd0_lr3,M,wd0_lr3,RAW,RAW,1,1,5356752
10696320,300001987,83565,branch,0.0315,RAW_seed1_M_wd0_lr3,M,wd0_lr3,RAW,RAW,1,1,6426320
32128,901491,251,main_at_snapshot,0.0,RAW_seed1_S_base,S,base,RAW,RAW,1,1,-4237872
35712,1002054,279,branch,0.0005,RAW_seed1_S_base,S,base,RAW,RAW,1,1,-4234288
72576,2035863,567,main_at_snapshot,0.0,RAW_seed1_S_base,S,base,RAW,RAW,1,1,-4197424
80640,2262035,630,branch,0.0,RAW_seed1_S_base,S,base,RAW,RAW,1,1,-4189360
163840,4595334,1280,main_at_snapshot,0.0005,RAW_seed1_S_base,S,base,RAW,RAW,1,1,-4106160
182016,5105143,1422,branch,0.0,RAW_seed1_S_base,S,base,RAW,RAW,1,1,-4087984
369920,10375442,2890,main_at_snapshot,0.0005,RAW_seed1_S_base,S,base,RAW,RAW,1,1,-3900080
410880,11524536,3210,branch,0.0005,RAW_seed1_S_base,S,base,RAW,RAW,1,1,-3859120
835328,23429201,6526,main_at_snapshot,0.001,RAW_seed1_S_base,S,base,RAW,RAW,1,1,-3434672
928128,26032025,7251,branch,0.0,RAW_seed1_S_base,S,base,RAW,RAW,1,1,-3341872
1886848,52921445,14741,main_at_snapshot,0.0005,RAW_seed1_S_base,S,base,RAW,RAW,1,1,-2383152
2096512,58801209,16379,branch,0.001,RAW_seed1_S_base,S,base,RAW,RAW,1,1,-2173488
4262144,119536862,33298,main_at_snapshot,0.9375,RAW_seed1_S_base,S,base,RAW,RAW,1,1,-7856
4735616,132815933,36997,branch,0.0405,RAW_seed1_S_base,S,base,RAW,RAW,1,1,465616
4270080,119759387,33360,main,0.946,RAW_seed1_S_base,S,base,RAW,RAW,1,1,80
4770048,133781620,37266,main,0.0015,RAW_seed1_S_base,S,base,RAW,RAW,1,1,500048
5270016,147804252,41172,main,0.0,RAW_seed1_S_base,S,base,RAW,RAW,1,1,1000016
5770112,161830580,45079,main,0.0005,RAW_seed1_S_base,S,base,RAW,RAW,1,1,1500112
6270080,175855283,48985,main,0.0,RAW_seed1_S_base,S,base,RAW,RAW,1,1,2000080
6770048,189878305,52891,main,0.0,RAW_seed1_S_base,S,base,RAW,RAW,1,1,2500048
7270016,203901008,56797,main,0.0,RAW_seed1_S_base,S,base,RAW,RAW,1,1,3000016
7770112,217927105,60704,main,0.0005,RAW_seed1_S_base,S,base,RAW,RAW,1,1,3500112
8270080,231950503,64610,main,0.0,RAW_seed1_S_base,S,base,RAW,RAW,1,1,4000080
8770048,245973511,68516,main,0.0,RAW_seed1_S_base,S,base,RAW,RAW,1,1,4500048
9270016,259997948,72422,main,0.0005,RAW_seed1_S_base,S,base,RAW,RAW,1,1,5000016
9626752,270003495,75209,main_at_snapshot,0.0005,RAW_seed1_S_base,S,base,RAW,RAW,1,1,5356752
10696320,300001987,83565,branch,0.0,RAW_seed1_S_base,S,base,RAW,RAW,1,1,6426320
35712,1002054,279,main,0.0005,RAW_seed1_S_cosine,S,cosine,RAW,RAW,1,1,-4234288
80640,2262035,630,main,0.0,RAW_seed1_S_cosine,S,cosine,RAW,RAW,1,1,-4189360
182016,5105143,1422,main,0.001,RAW_seed1_S_cosine,S,cosine,RAW,RAW,1,1,-4087984
410880,11524536,3210,main,0.0,RAW_seed1_S_cosine,S,cosine,RAW,RAW,1,1,-3859120
928128,26032025,7251,main,0.0,RAW_seed1_S_cosine,S,cosine,RAW,RAW,1,1,-3341872
2096512,58801209,16379,main,0.001,RAW_seed1_S_cosine,S,cosine,RAW,RAW,1,1,-2173488
4270080,119759387,33360,main,0.9545,RAW_seed1_S_cosine,S,cosine,RAW,RAW,1,1,80
4735616,132815933,36997,main,0.0045,RAW_seed1_S_cosine,S,cosine,RAW,RAW,1,1,465616
4770048,133781620,37266,main,0.0035,RAW_seed1_S_cosine,S,cosine,RAW,RAW,1,1,500048
5270016,147804252,41172,main,0.0015,RAW_seed1_S_cosine,S,cosine,RAW,RAW,1,1,1000016
5770112,161830580,45079,main,0.001,RAW_seed1_S_cosine,S,cosine,RAW,RAW,1,1,1500112
6270080,175855283,48985,main,0.0,RAW_seed1_S_cosine,S,cosine,RAW,RAW,1,1,2000080
6770048,189878305,52891,main,0.0,RAW_seed1_S_cosine,S,cosine,RAW,RAW,1,1,2500048
7270016,203901008,56797,main,0.001,RAW_seed1_S_cosine,S,cosine,RAW,RAW,1,1,3000016
7770112,217927105,60704,main,0.0,RAW_seed1_S_cosine,S,cosine,RAW,RAW,1,1,3500112
8270080,231950503,64610,main,0.0,RAW_seed1_S_cosine,S,cosine,RAW,RAW,1,1,4000080
8770048,245973511,68516,main,0.0005,RAW_seed1_S_cosine,S,cosine,RAW,RAW,1,1,4500048
9270016,259997948,72422,main,0.0,RAW_seed1_S_cosine,S,cosine,RAW,RAW,1,1,5000016
9770112,274023948,76329,main,0.0005,RAW_seed1_S_cosine,S,cosine,RAW,RAW,1,1,5500112
10270080,288048038,80235,main,0.0,RAW_seed1_S_cosine,S,cosine,RAW,RAW,1,1,6000080
10696320,300001987,83565,main,0.0,RAW_seed1_S_cosine,S,cosine,RAW,RAW,1,1,6426320
32128,901491,251,main_at_snapshot,0.0,RAW_seed1_S_wd0,S,wd0,RAW,RAW,1,1,-4237872
35712,1002054,279,branch,0.0005,RAW_seed1_S_wd0,S,wd0,RAW,RAW,1,1,-4234288
72576,2035863,567,main_at_snapshot,0.0,RAW_seed1_S_wd0,S,wd0,RAW,RAW,1,1,-4197424
80640,2262035,630,branch,0.0,RAW_seed1_S_wd0,S,wd0,RAW,RAW,1,1,-4189360
163840,4595334,1280,main_at_snapshot,0.0005,RAW_seed1_S_wd0,S,wd0,RAW,RAW,1,1,-4106160
182016,5105143,1422,branch,0.0,RAW_seed1_S_wd0,S,wd0,RAW,RAW,1,1,-4087984
369920,10375442,2890,main_at_snapshot,0.0,RAW_seed1_S_wd0,S,wd0,RAW,RAW,1,1,-3900080
410880,11524536,3210,branch,0.0,RAW_seed1_S_wd0,S,wd0,RAW,RAW,1,1,-3859120
835328,23429201,6526,main_at_snapshot,0.0,RAW_seed1_S_wd0,S,wd0,RAW,RAW,1,1,-3434672
928128,26032025,7251,branch,0.0,RAW_seed1_S_wd0,S,wd0,RAW,RAW,1,1,-3341872
1886848,52921445,14741,main_at_snapshot,0.0,RAW_seed1_S_wd0,S,wd0,RAW,RAW,1,1,-2383152
2096512,58801209,16379,branch,0.0,RAW_seed1_S_wd0,S,wd0,RAW,RAW,1,1,-2173488
4262144,119536862,33298,main_at_snapshot,0.953,RAW_seed1_S_wd0,S,wd0,RAW,RAW,1,1,-7856
4735616,132815933,36997,branch,0.1675,RAW_seed1_S_wd0,S,wd0,RAW,RAW,1,1,465616
4270080,119759387,33360,main,0.9645,RAW_seed1_S_wd0,S,wd0,RAW,RAW,1,1,80
4770048,133781620,37266,main,0.0215,RAW_seed1_S_wd0,S,wd0,RAW,RAW,1,1,500048
5270016,147804252,41172,main,0.009,RAW_seed1_S_wd0,S,wd0,RAW,RAW,1,1,1000016
5770112,161830580,45079,main,0.0035,RAW_seed1_S_wd0,S,wd0,RAW,RAW,1,1,1500112
6270080,175855283,48985,main,0.004,RAW_seed1_S_wd0,S,wd0,RAW,RAW,1,1,2000080
6770048,189878305,52891,main,0.001,RAW_seed1_S_wd0,S,wd0,RAW,RAW,1,1,2500048
7270016,203901008,56797,main,0.0015,RAW_seed1_S_wd0,S,wd0,RAW,RAW,1,1,3000016
7770112,217927105,60704,main,0.003,RAW_seed1_S_wd0,S,wd0,RAW,RAW,1,1,3500112
8270080,231950503,64610,main,0.001,RAW_seed1_S_wd0,S,wd0,RAW,RAW,1,1,4000080
8770048,245973511,68516,main,0.001,RAW_seed1_S_wd0,S,wd0,RAW,RAW,1,1,4500048
9270016,259997948,72422,main,0.0015,RAW_seed1_S_wd0,S,wd0,RAW,RAW,1,1,5000016
9626752,270003495,75209,main_at_snapshot,0.0005,RAW_seed1_S_wd0,S,wd0,RAW,RAW,1,1,5356752
10696320,300001987,83565,branch,0.0015,RAW_seed1_S_wd0,S,wd0,RAW,RAW,1,1,6426320
32128,901606,251,main_at_snapshot,0.0005,RAW_seed2_L_base,L,base,RAW,RAW,2,1,-4237872
35712,1002175,279,branch,0.001,RAW_seed2_L_base,L,base,RAW,RAW,2,1,-4234288
72576,2035541,567,main_at_snapshot,0.0,RAW_seed2_L_base,L,base,RAW,RAW,2,1,-4197424
80640,2261705,630,branch,0.002,RAW_seed2_L_base,L,base,RAW,RAW,2,1,-4189360
163840,4594765,1280,main_at_snapshot,0.0005,RAW_seed2_L_base,L,base,RAW,RAW,2,1,-4106160
182016,5104542,1422,branch,0.001,RAW_seed2_L_base,L,base,RAW,RAW,2,1,-4087984
369920,10375378,2890,main_at_snapshot,0.0,RAW_seed2_L_base,L,base,RAW,RAW,2,1,-3900080
411008,11527477,3211,branch,0.0005,RAW_seed2_L_base,L,base,RAW,RAW,2,1,-3858992
835456,23431390,6527,main_at_snapshot,0.0,RAW_seed2_L_base,L,base,RAW,RAW,2,1,-3434544
928256,26034033,7252,branch,0.0,RAW_seed2_L_base,L,base,RAW,RAW,2,1,-3341744
1886848,52919897,14741,main_at_snapshot,0.0,RAW_seed2_L_base,L,base,RAW,RAW,2,1,-2383152
2096512,58800742,16379,branch,0.0005,RAW_seed2_L_base,L,base,RAW,RAW,2,1,-2173488
4261888,119536444,33296,main_at_snapshot,0.9995,RAW_seed2_L_base,L,base,RAW,RAW,2,1,-8112
4735360,132815534,36995,branch,0.909,RAW_seed2_L_base,L,base,RAW,RAW,2,1,465360
4270080,119766116,33360,main,0.9995,RAW_seed2_L_base,L,base,RAW,RAW,2,1,80
4770048,133788881,37266,main,0.2825,RAW_seed2_L_base,L,base,RAW,RAW,2,1,500048
5270016,147811914,41172,main,0.0555,RAW_seed2_L_base,L,base,RAW,RAW,2,1,1000016
5770112,161836030,45079,main,0.0165,RAW_seed2_L_base,L,base,RAW,RAW,2,1,1500112
6270080,175858984,48985,main,0.008,RAW_seed2_L_base,L,base,RAW,RAW,2,1,2000080
6770048,189883163,52891,main,0.0035,RAW_seed2_L_base,L,base,RAW,RAW,2,1,2500048
7270016,203905885,56797,main,0.0025,RAW_seed2_L_base,L,base,RAW,RAW,2,1,3000016
7770112,217932769,60704,main,0.0015,RAW_seed2_L_base,L,base,RAW,RAW,2,1,3500112
8270080,231955873,64610,main,0.0035,RAW_seed2_L_base,L,base,RAW,RAW,2,1,4000080
8770048,245979149,68516,main,0.002,RAW_seed2_L_base,L,base,RAW,RAW,2,1,4500048
9270016,260002216,72422,main,0.0005,RAW_seed2_L_base,L,base,RAW,RAW,2,1,5000016
9626496,270001535,75207,main_at_snapshot,0.0015,RAW_seed2_L_base,L,base,RAW,RAW,2,1,5356496
10696192,300002541,83564,branch,0.001,RAW_seed2_L_base,L,base,RAW,RAW,2,1,6426192
35712,1002175,279,main,0.0015,RAW_seed2_L_cosine,L,cosine,RAW,RAW,2,1,-4234288
80640,2261705,630,main,0.0005,RAW_seed2_L_cosine,L,cosine,RAW,RAW,2,1,-4189360
182016,5104542,1422,main,0.0,RAW_seed2_L_cosine,L,cosine,RAW,RAW,2,1,-4087984
411008,11527477,3211,main,0.0,RAW_seed2_L_cosine,L,cosine,RAW,RAW,2,1,-3858992
928256,26034033,7252,main,0.0,RAW_seed2_L_cosine,L,cosine,RAW,RAW,2,1,-3341744
2096512,58800742,16379,main,0.0,RAW_seed2_L_cosine,L,cosine,RAW,RAW,2,1,-2173488
4270080,119766116,33360,main,1.0,RAW_seed2_L_cosine,L,cosine,RAW,RAW,2,1,80
4735360,132815534,36995,main,0.718,RAW_seed2_L_cosine,L,cosine,RAW,RAW,2,1,465360
4770048,133788881,37266,main,0.693,RAW_seed2_L_cosine,L,cosine,RAW,RAW,2,1,500048
5270016,147811914,41172,main,0.366,RAW_seed2_L_cosine,L,cosine,RAW,RAW,2,1,1000016
5770112,161836030,45079,main,0.216,RAW_seed2_L_cosine,L,cosine,RAW,RAW,2,1,1500112
6270080,175858984,48985,main,0.167,RAW_seed2_L_cosine,L,cosine,RAW,RAW,2,1,2000080
6770048,189883163,52891,main,0.1245,RAW_seed2_L_cosine,L,cosine,RAW,RAW,2,1,2500048
7270016,203905885,56797,main,0.1215,RAW_seed2_L_cosine,L,cosine,RAW,RAW,2,1,3000016
7770112,217932769,60704,main,0.1055,RAW_seed2_L_cosine,L,cosine,RAW,RAW,2,1,3500112
8270080,231955873,64610,main,0.1025,RAW_seed2_L_cosine,L,cosine,RAW,RAW,2,1,4000080
8770048,245979149,68516,main,0.092,RAW_seed2_L_cosine,L,cosine,RAW,RAW,2,1,4500048
9270016,260002216,72422,main,0.0935,RAW_seed2_L_cosine,L,cosine,RAW,RAW,2,1,5000016
9770112,274029648,76329,main,0.089,RAW_seed2_L_cosine,L,cosine,RAW,RAW,2,1,5500112
10270080,288052762,80235,main,0.0895,RAW_seed2_L_cosine,L,cosine,RAW,RAW,2,1,6000080
10696192,300002541,83564,main,0.097,RAW_seed2_L_cosine,L,cosine,RAW,RAW,2,1,6426192
32128,901606,251,main_at_snapshot,0.0005,RAW_seed2_L_wd0,L,wd0,RAW,RAW,2,1,-4237872
35712,1002175,279,branch,0.0,RAW_seed2_L_wd0,L,wd0,RAW,RAW,2,1,-4234288
72576,2035541,567,main_at_snapshot,0.0,RAW_seed2_L_wd0,L,wd0,RAW,RAW,2,1,-4197424
80640,2261705,630,branch,0.0,RAW_seed2_L_wd0,L,wd0,RAW,RAW,2,1,-4189360
163840,4594765,1280,main_at_snapshot,0.0,RAW_seed2_L_wd0,L,wd0,RAW,RAW,2,1,-4106160
182016,5104542,1422,branch,0.0005,RAW_seed2_L_wd0,L,wd0,RAW,RAW,2,1,-4087984
369920,10375378,2890,main_at_snapshot,0.0,RAW_seed2_L_wd0,L,wd0,RAW,RAW,2,1,-3900080
411008,11527477,3211,branch,0.0,RAW_seed2_L_wd0,L,wd0,RAW,RAW,2,1,-3858992
835456,23431390,6527,main_at_snapshot,0.0005,RAW_seed2_L_wd0,L,wd0,RAW,RAW,2,1,-3434544
928256,26034033,7252,branch,0.0,RAW_seed2_L_wd0,L,wd0,RAW,RAW,2,1,-3341744
1886848,52919897,14741,main_at_snapshot,0.0005,RAW_seed2_L_wd0,L,wd0,RAW,RAW,2,1,-2383152
2096512,58800742,16379,branch,0.0,RAW_seed2_L_wd0,L,wd0,RAW,RAW,2,1,-2173488
4261888,119536444,33296,main_at_snapshot,1.0,RAW_seed2_L_wd0,L,wd0,RAW,RAW,2,1,-8112
4735360,132815534,36995,branch,0.943,RAW_seed2_L_wd0,L,wd0,RAW,RAW,2,1,465360
4270080,119766116,33360,main,1.0,RAW_seed2_L_wd0,L,wd0,RAW,RAW,2,1,80
4770048,133788881,37266,main,0.4495,RAW_seed2_L_wd0,L,wd0,RAW,RAW,2,1,500048
5270016,147811914,41172,main,0.1835,RAW_seed2_L_wd0,L,wd0,RAW,RAW,2,1,1000016
5770112,161836030,45079,main,0.083,RAW_seed2_L_wd0,L,wd0,RAW,RAW,2,1,1500112
6270080,175858984,48985,main,0.0535,RAW_seed2_L_wd0,L,wd0,RAW,RAW,2,1,2000080
6770048,189883163,52891,main,0.0335,RAW_seed2_L_wd0,L,wd0,RAW,RAW,2,1,2500048
7270016,203905885,56797,main,0.0295,RAW_seed2_L_wd0,L,wd0,RAW,RAW,2,1,3000016
7770112,217932769,60704,main,0.017,RAW_seed2_L_wd0,L,wd0,RAW,RAW,2,1,3500112
8270080,231955873,64610,main,0.013,RAW_seed2_L_wd0,L,wd0,RAW,RAW,2,1,4000080
8770048,245979149,68516,main,0.016,RAW_seed2_L_wd0,L,wd0,RAW,RAW,2,1,4500048
9270016,260002216,72422,main,0.0095,RAW_seed2_L_wd0,L,wd0,RAW,RAW,2,1,5000016
9626496,270001535,75207,main_at_snapshot,0.008,RAW_seed2_L_wd0,L,wd0,RAW,RAW,2,1,5356496
10696192,300002541,83564,branch,0.0105,RAW_seed2_L_wd0,L,wd0,RAW,RAW,2,1,6426192
32128,901606,251,main_at_snapshot,0.0,RAW_seed2_M_base,M,base,RAW,RAW,2,1,-4237872
35712,1002175,279,branch,0.0,RAW_seed2_M_base,M,base,RAW,RAW,2,1,-4234288
72576,2035541,567,main_at_snapshot,0.001,RAW_seed2_M_base,M,base,RAW,RAW,2,1,-4197424
80640,2261705,630,branch,0.0005,RAW_seed2_M_base,M,base,RAW,RAW,2,1,-4189360
163840,4594765,1280,main_at_snapshot,0.0005,RAW_seed2_M_base,M,base,RAW,RAW,2,1,-4106160
182016,5104542,1422,branch,0.0005,RAW_seed2_M_base,M,base,RAW,RAW,2,1,-4087984
369920,10375378,2890,main_at_snapshot,0.0,RAW_seed2_M_base,M,base,RAW,RAW,2,1,-3900080
411008,11527477,3211,branch,0.0005,RAW_seed2_M_base,M,base,RAW,RAW,2,1,-3858992
835456,23431390,6527,main_at_snapshot,0.0,RAW_seed2_M_base,M,base,RAW,RAW,2,1,-3434544
928256,26034033,7252,branch,0.0,RAW_seed2_M_base,M,base,RAW,RAW,2,1,-3341744
1886848,52919897,14741,main_at_snapshot,0.0,RAW_seed2_M_base,M,base,RAW,RAW,2,1,-2383152
2096512,58800742,16379,branch,0.0005,RAW_seed2_M_base,M,base,RAW,RAW,2,1,-2173488
4261888,119536444,33296,main_at_snapshot,1.0,RAW_seed2_M_base,M,base,RAW,RAW,2,1,-8112
4735360,132815534,36995,branch,0.8575,RAW_seed2_M_base,M,base,RAW,RAW,2,1,465360
4270080,119766116,33360,main,1.0,RAW_seed2_M_base,M,base,RAW,RAW,2,1,80
4770048,133788881,37266,main,0.253,RAW_seed2_M_base,M,base,RAW,RAW,2,1,500048
5270016,147811914,41172,main,0.059,RAW_seed2_M_base,M,base,RAW,RAW,2,1,1000016
5770112,161836030,45079,main,0.016,RAW_seed2_M_base,M,base,RAW,RAW,2,1,1500112
6270080,175858984,48985,main,0.011,RAW_seed2_M_base,M,base,RAW,RAW,2,1,2000080
6770048,189883163,52891,main,0.006,RAW_seed2_M_base,M,base,RAW,RAW,2,1,2500048
7270016,203905885,56797,main,0.002,RAW_seed2_M_base,M,base,RAW,RAW,2,1,3000016
7770112,217932769,60704,main,0.003,RAW_seed2_M_base,M,base,RAW,RAW,2,1,3500112
8270080,231955873,64610,main,0.001,RAW_seed2_M_base,M,base,RAW,RAW,2,1,4000080
8770048,245979149,68516,main,0.0015,RAW_seed2_M_base,M,base,RAW,RAW,2,1,4500048
9270016,260002216,72422,main,0.0015,RAW_seed2_M_base,M,base,RAW,RAW,2,1,5000016
9626496,270001535,75207,main_at_snapshot,0.001,RAW_seed2_M_base,M,base,RAW,RAW,2,1,5356496
10696192,300002541,83564,branch,0.0005,RAW_seed2_M_base,M,base,RAW,RAW,2,1,6426192
64256,1802203,502,main_at_snapshot,0.0,RAW_seed2_M_base_2B,M,base,RAW,RAW,2,2,-4205744
71424,2003224,558,branch,0.0005,RAW_seed2_M_base_2B,M,base,RAW,RAW,2,2,-4198576
145024,4067226,1133,main_at_snapshot,0.0,RAW_seed2_M_base_2B,M,base,RAW,RAW,2,2,-4124976
161152,4519386,1259,branch,0.0,RAW_seed2_M_base_2B,M,base,RAW,RAW,2,2,-4108848
327552,9186682,2559,main_at_snapshot,0.0,RAW_seed2_M_base_2B,M,base,RAW,RAW,2,2,-3942448
363904,10206539,2843,branch,0.0005,RAW_seed2_M_base_2B,M,base,RAW,RAW,2,2,-3906096
739712,20745814,5779,main_at_snapshot,0.0,RAW_seed2_M_base_2B,M,base,RAW,RAW,2,2,-3530288
821888,23050536,6421,branch,0.0,RAW_seed2_M_base_2B,M,base,RAW,RAW,2,2,-3448112
1670784,46860129,13053,main_at_snapshot,0.0,RAW_seed2_M_base_2B,M,base,RAW,RAW,2,2,-2599216
1856384,52065507,14503,branch,0.0,RAW_seed2_M_base_2B,M,base,RAW,RAW,2,2,-2413616
3773568,105840682,29481,main_at_snapshot,0.998,RAW_seed2_M_base_2B,M,base,RAW,RAW,2,2,-496432
4192896,117601844,32757,branch,1.0,RAW_seed2_M_base_2B,M,base,RAW,RAW,2,2,-77104
4270080,119766116,33360,main,1.0,RAW_seed2_M_base_2B,M,base,RAW,RAW,2,2,80
4770048,133788881,37266,main,0.253,RAW_seed2_M_base_2B,M,base,RAW,RAW,2,2,500048
5270016,147811914,41172,main,0.059,RAW_seed2_M_base_2B,M,base,RAW,RAW,2,2,1000016
5770112,161836030,45079,main,0.016,RAW_seed2_M_base_2B,M,base,RAW,RAW,2,2,1500112
6270080,175858984,48985,main,0.011,RAW_seed2_M_base_2B,M,base,RAW,RAW,2,2,2000080
6770048,189883163,52891,main,0.006,RAW_seed2_M_base_2B,M,base,RAW,RAW,2,2,2500048
7270016,203905885,56797,main,0.002,RAW_seed2_M_base_2B,M,base,RAW,RAW,2,2,3000016
7770112,217932769,60704,main,0.003,RAW_seed2_M_base_2B,M,base,RAW,RAW,2,2,3500112
8270080,231955873,64610,main,0.001,RAW_seed2_M_base_2B,M,base,RAW,RAW,2,2,4000080
8523648,239067736,66591,main_at_snapshot,0.001,RAW_seed2_M_base_2B,M,base,RAW,RAW,2,2,4253648
9470720,265632627,73990,branch,0.0025,RAW_seed2_M_base_2B,M,base,RAW,RAW,2,2,5200720
8770048,245979149,68516,main,0.0015,RAW_seed2_M_base_2B,M,base,RAW,RAW,2,2,4500048
9270016,260002216,72422,main,0.0015,RAW_seed2_M_base_2B,M,base,RAW,RAW,2,2,5000016
9770112,274029648,76329,main,0.0,RAW_seed2_M_base_2B,M,base,RAW,RAW,2,2,5500112
10270080,288052762,80235,main,0.0015,RAW_seed2_M_base_2B,M,base,RAW,RAW,2,2,6000080
10770048,302074004,84141,main,0.0,RAW_seed2_M_base_2B,M,base,RAW,RAW,2,2,6500048
11270016,316097660,88047,main,0.001,RAW_seed2_M_base_2B,M,base,RAW,RAW,2,2,7000016
11770112,330124129,91954,main,0.0005,RAW_seed2_M_base_2B,M,base,RAW,RAW,2,2,7500112
12270080,344146667,95860,main,0.001,RAW_seed2_M_base_2B,M,base,RAW,RAW,2,2,8000080
12770048,358169487,99766,main,0.001,RAW_seed2_M_base_2B,M,base,RAW,RAW,2,2,8500048
13270016,372190894,103672,main,0.0005,RAW_seed2_M_base_2B,M,base,RAW,RAW,2,2,9000016
13770112,386215813,107579,main,0.0,RAW_seed2_M_base_2B,M,base,RAW,RAW,2,2,9500112
14270080,400238394,111485,main,0.001,RAW_seed2_M_base_2B,M,base,RAW,RAW,2,2,10000080
14770048,414260443,115391,main,0.0,RAW_seed2_M_base_2B,M,base,RAW,RAW,2,2,10500048
15270016,428282160,119297,main,0.0,RAW_seed2_M_base_2B,M,base,RAW,RAW,2,2,11000016
15770112,442306486,123204,main,0.0005,RAW_seed2_M_base_2B,M,base,RAW,RAW,2,2,11500112
16270080,456329104,127110,main,0.0005,RAW_seed2_M_base_2B,M,base,RAW,RAW,2,2,12000080
16770048,470350998,131016,main,0.0005,RAW_seed2_M_base_2B,M,base,RAW,RAW,2,2,12500048
17270016,484373138,134922,main,0.0,RAW_seed2_M_base_2B,M,base,RAW,RAW,2,2,13000016
17770112,498398773,138829,main,0.0,RAW_seed2_M_base_2B,M,base,RAW,RAW,2,2,13500112
18270080,512420949,142735,main,0.0,RAW_seed2_M_base_2B,M,base,RAW,RAW,2,2,14000080
18770048,526443103,146641,main,0.0,RAW_seed2_M_base_2B,M,base,RAW,RAW,2,2,14500048
19253504,540002456,150418,main_at_snapshot,0.0005,RAW_seed2_M_base_2B,M,base,RAW,RAW,2,2,14983504
21392896,600001472,167132,branch,0.0005,RAW_seed2_M_base_2B,M,base,RAW,RAW,2,2,17122896
128384,3600768,1003,main_at_snapshot,0.0015,RAW_seed2_M_base_4B,M,base,RAW,RAW,2,4,-4141616
142720,4002719,1115,branch,0.001,RAW_seed2_M_base_4B,M,base,RAW,RAW,2,4,-4127280
290048,8134520,2266,main_at_snapshot,0.0,RAW_seed2_M_base_4B,M,base,RAW,RAW,2,4,-3979952
322176,9035748,2517,branch,0.0,RAW_seed2_M_base_4B,M,base,RAW,RAW,2,4,-3947824
654976,18369811,5117,main_at_snapshot,0.0,RAW_seed2_M_base_4B,M,base,RAW,RAW,2,4,-3615024
727680,20408666,5685,branch,0.0,RAW_seed2_M_base_4B,M,base,RAW,RAW,2,4,-3542320
1479296,41489001,11557,main_at_snapshot,0.0,RAW_seed2_M_base_4B,M,base,RAW,RAW,2,4,-2790704
1643648,46099227,12841,branch,0.0,RAW_seed2_M_base_4B,M,base,RAW,RAW,2,4,-2626352
3341184,93713714,26103,main_at_snapshot,0.999,RAW_seed2_M_base_4B,M,base,RAW,RAW,2,4,-928816
3712512,104128093,29004,branch,1.0,RAW_seed2_M_base_4B,M,base,RAW,RAW,2,4,-557488
4270080,119766116,33360,main,1.0,RAW_seed2_M_base_4B,M,base,RAW,RAW,2,4,80
4770048,133788881,37266,main,0.253,RAW_seed2_M_base_4B,M,base,RAW,RAW,2,4,500048
5270016,147811914,41172,main,0.059,RAW_seed2_M_base_4B,M,base,RAW,RAW,2,4,1000016
5770112,161836030,45079,main,0.016,RAW_seed2_M_base_4B,M,base,RAW,RAW,2,4,1500112
6270080,175858984,48985,main,0.011,RAW_seed2_M_base_4B,M,base,RAW,RAW,2,4,2000080
6770048,189883163,52891,main,0.006,RAW_seed2_M_base_4B,M,base,RAW,RAW,2,4,2500048
7270016,203905885,56797,main,0.002,RAW_seed2_M_base_4B,M,base,RAW,RAW,2,4,3000016
7547136,211678667,58962,main_at_snapshot,0.0015,RAW_seed2_M_base_4B,M,base,RAW,RAW,2,4,3277136
8385664,235197597,65513,branch,0.003,RAW_seed2_M_base_4B,M,base,RAW,RAW,2,4,4115664
7770112,217932769,60704,main,0.003,RAW_seed2_M_base_4B,M,base,RAW,RAW,2,4,3500112
8270080,231955873,64610,main,0.001,RAW_seed2_M_base_4B,M,base,RAW,RAW,2,4,4000080
8770048,245979149,68516,main,0.0015,RAW_seed2_M_base_4B,M,base,RAW,RAW,2,4,4500048
9270016,260002216,72422,main,0.0015,RAW_seed2_M_base_4B,M,base,RAW,RAW,2,4,5000016
9770112,274029648,76329,main,0.0,RAW_seed2_M_base_4B,M,base,RAW,RAW,2,4,5500112
10270080,288052762,80235,main,0.0015,RAW_seed2_M_base_4B,M,base,RAW,RAW,2,4,6000080
10770048,302074004,84141,main,0.0,RAW_seed2_M_base_4B,M,base,RAW,RAW,2,4,6500048
11270016,316097660,88047,main,0.001,RAW_seed2_M_base_4B,M,base,RAW,RAW,2,4,7000016
11770112,330124129,91954,main,0.0005,RAW_seed2_M_base_4B,M,base,RAW,RAW,2,4,7500112
12270080,344146667,95860,main,0.001,RAW_seed2_M_base_4B,M,base,RAW,RAW,2,4,8000080
12770048,358169487,99766,main,0.001,RAW_seed2_M_base_4B,M,base,RAW,RAW,2,4,8500048
13270016,372190894,103672,main,0.0005,RAW_seed2_M_base_4B,M,base,RAW,RAW,2,4,9000016
13770112,386215813,107579,main,0.0,RAW_seed2_M_base_4B,M,base,RAW,RAW,2,4,9500112
14270080,400238394,111485,main,0.001,RAW_seed2_M_base_4B,M,base,RAW,RAW,2,4,10000080
14770048,414260443,115391,main,0.0,RAW_seed2_M_base_4B,M,base,RAW,RAW,2,4,10500048
15270016,428282160,119297,main,0.0,RAW_seed2_M_base_4B,M,base,RAW,RAW,2,4,11000016
15770112,442306486,123204,main,0.0005,RAW_seed2_M_base_4B,M,base,RAW,RAW,2,4,11500112
16270080,456329104,127110,main,0.0005,RAW_seed2_M_base_4B,M,base,RAW,RAW,2,4,12000080
16770048,470350998,131016,main,0.0005,RAW_seed2_M_base_4B,M,base,RAW,RAW,2,4,12500048
17047552,478134168,133184,main_at_snapshot,0.001,RAW_seed2_M_base_4B,M,base,RAW,RAW,2,4,12777552
18941824,531260667,147983,branch,0.0,RAW_seed2_M_base_4B,M,base,RAW,RAW,2,4,14671824
17270016,484373138,134922,main,0.0,RAW_seed2_M_base_4B,M,base,RAW,RAW,2,4,13000016
17770112,498398773,138829,main,0.0,RAW_seed2_M_base_4B,M,base,RAW,RAW,2,4,13500112
18270080,512420949,142735,main,0.0,RAW_seed2_M_base_4B,M,base,RAW,RAW,2,4,14000080
18770048,526443103,146641,main,0.0,RAW_seed2_M_base_4B,M,base,RAW,RAW,2,4,14500048
19270016,540465510,150547,main,0.0,RAW_seed2_M_base_4B,M,base,RAW,RAW,2,4,15000016
19770112,554491555,154454,main,0.0005,RAW_seed2_M_base_4B,M,base,RAW,RAW,2,4,15500112
20270080,568512032,158360,main,0.0,RAW_seed2_M_base_4B,M,base,RAW,RAW,2,4,16000080
20770048,582534013,162266,main,0.0,RAW_seed2_M_base_4B,M,base,RAW,RAW,2,4,16500048
21270016,596554728,166172,main,0.0005,RAW_seed2_M_base_4B,M,base,RAW,RAW,2,4,17000016
21770112,610581626,170079,main,0.0,RAW_seed2_M_base_4B,M,base,RAW,RAW,2,4,17500112
22270080,624603444,173985,main,0.0015,RAW_seed2_M_base_4B,M,base,RAW,RAW,2,4,18000080
22770048,638626127,177891,main,0.0,RAW_seed2_M_base_4B,M,base,RAW,RAW,2,4,18500048
23270016,652649840,181797,main,0.0,RAW_seed2_M_base_4B,M,base,RAW,RAW,2,4,19000016
23770112,666675869,185704,main,0.0,RAW_seed2_M_base_4B,M,base,RAW,RAW,2,4,19500112
24270080,680698074,189610,main,0.001,RAW_seed2_M_base_4B,M,base,RAW,RAW,2,4,20000080
24770048,694718867,193516,main,0.0,RAW_seed2_M_base_4B,M,base,RAW,RAW,2,4,20500048
25270016,708743422,197422,main,0.001,RAW_seed2_M_base_4B,M,base,RAW,RAW,2,4,21000016
25770112,722769639,201329,main,0.0,RAW_seed2_M_base_4B,M,base,RAW,RAW,2,4,21500112
26270080,736793032,205235,main,0.0,RAW_seed2_M_base_4B,M,base,RAW,RAW,2,4,22000080
26770048,750815847,209141,main,0.0,RAW_seed2_M_base_4B,M,base,RAW,RAW,2,4,22500048
27270016,764839313,213047,main,0.001,RAW_seed2_M_base_4B,M,base,RAW,RAW,2,4,23000016
27770112,778866977,216954,main,0.0005,RAW_seed2_M_base_4B,M,base,RAW,RAW,2,4,23500112
28270080,792888455,220860,main,0.0005,RAW_seed2_M_base_4B,M,base,RAW,RAW,2,4,24000080
28770048,806911080,224766,main,0.0,RAW_seed2_M_base_4B,M,base,RAW,RAW,2,4,24500048
29270016,820934872,228672,main,0.0,RAW_seed2_M_base_4B,M,base,RAW,RAW,2,4,25000016
29770112,834962429,232579,main,0.0,RAW_seed2_M_base_4B,M,base,RAW,RAW,2,4,25500112
30270080,848986168,236485,main,0.0005,RAW_seed2_M_base_4B,M,base,RAW,RAW,2,4,26000080
30770048,863007962,240391,main,0.0,RAW_seed2_M_base_4B,M,base,RAW,RAW,2,4,26500048
31270016,877029353,244297,main,0.0,RAW_seed2_M_base_4B,M,base,RAW,RAW,2,4,27000016
31770112,891055315,248204,main,0.0,RAW_seed2_M_base_4B,M,base,RAW,RAW,2,4,27500112
32270080,905078792,252110,main,0.0005,RAW_seed2_M_base_4B,M,base,RAW,RAW,2,4,28000080
32770048,919101163,256016,main,0.0,RAW_seed2_M_base_4B,M,base,RAW,RAW,2,4,28500048
33270016,933125110,259922,main,0.001,RAW_seed2_M_base_4B,M,base,RAW,RAW,2,4,29000016
33770112,947151958,263829,main,0.0005,RAW_seed2_M_base_4B,M,base,RAW,RAW,2,4,29500112
34270080,961172507,267735,main,0.0,RAW_seed2_M_base_4B,M,base,RAW,RAW,2,4,30000080
34770048,975195703,271641,main,0.0005,RAW_seed2_M_base_4B,M,base,RAW,RAW,2,4,30500048
35270016,989217944,275547,main,0.0005,RAW_seed2_M_base_4B,M,base,RAW,RAW,2,4,31000016
35770112,1003244642,279454,main,0.0015,RAW_seed2_M_base_4B,M,base,RAW,RAW,2,4,31500112
36270080,1017267590,283360,main,0.0005,RAW_seed2_M_base_4B,M,base,RAW,RAW,2,4,32000080
36770048,1031290250,287266,main,0.0005,RAW_seed2_M_base_4B,M,base,RAW,RAW,2,4,32500048
37270016,1045311862,291172,main,0.0,RAW_seed2_M_base_4B,M,base,RAW,RAW,2,4,33000016
37770112,1059337782,295079,main,0.0,RAW_seed2_M_base_4B,M,base,RAW,RAW,2,4,33500112
38270080,1073362289,298985,main,0.0005,RAW_seed2_M_base_4B,M,base,RAW,RAW,2,4,34000080
38506880,1080003079,300835,main_at_snapshot,0.0,RAW_seed2_M_base_4B,M,base,RAW,RAW,2,4,34236880
42785280,1200000927,334260,branch,0.0,RAW_seed2_M_base_4B,M,base,RAW,RAW,2,4,38515280
35712,1002175,279,main,0.0005,RAW_seed2_M_cosine,M,cosine,RAW,RAW,2,1,-4234288
80640,2261705,630,main,0.0005,RAW_seed2_M_cosine,M,cosine,RAW,RAW,2,1,-4189360
182016,5104542,1422,main,0.0,RAW_seed2_M_cosine,M,cosine,RAW,RAW,2,1,-4087984
411008,11527477,3211,main,0.0,RAW_seed2_M_cosine,M,cosine,RAW,RAW,2,1,-3858992
928256,26034033,7252,main,0.0005,RAW_seed2_M_cosine,M,cosine,RAW,RAW,2,1,-3341744
2096512,58800742,16379,main,0.0005,RAW_seed2_M_cosine,M,cosine,RAW,RAW,2,1,-2173488
4270080,119766116,33360,main,1.0,RAW_seed2_M_cosine,M,cosine,RAW,RAW,2,1,80
4735360,132815534,36995,main,0.65,RAW_seed2_M_cosine,M,cosine,RAW,RAW,2,1,465360
4770048,133788881,37266,main,0.6345,RAW_seed2_M_cosine,M,cosine,RAW,RAW,2,1,500048
5270016,147811914,41172,main,0.2875,RAW_seed2_M_cosine,M,cosine,RAW,RAW,2,1,1000016
5770112,161836030,45079,main,0.1535,RAW_seed2_M_cosine,M,cosine,RAW,RAW,2,1,1500112
6270080,175858984,48985,main,0.1215,RAW_seed2_M_cosine,M,cosine,RAW,RAW,2,1,2000080
6770048,189883163,52891,main,0.0865,RAW_seed2_M_cosine,M,cosine,RAW,RAW,2,1,2500048
7270016,203905885,56797,main,0.076,RAW_seed2_M_cosine,M,cosine,RAW,RAW,2,1,3000016
7770112,217932769,60704,main,0.063,RAW_seed2_M_cosine,M,cosine,RAW,RAW,2,1,3500112
8270080,231955873,64610,main,0.0615,RAW_seed2_M_cosine,M,cosine,RAW,RAW,2,1,4000080
8770048,245979149,68516,main,0.046,RAW_seed2_M_cosine,M,cosine,RAW,RAW,2,1,4500048
9270016,260002216,72422,main,0.048,RAW_seed2_M_cosine,M,cosine,RAW,RAW,2,1,5000016
9770112,274029648,76329,main,0.044,RAW_seed2_M_cosine,M,cosine,RAW,RAW,2,1,5500112
10270080,288052762,80235,main,0.036,RAW_seed2_M_cosine,M,cosine,RAW,RAW,2,1,6000080
10696192,300002541,83564,main,0.0385,RAW_seed2_M_cosine,M,cosine,RAW,RAW,2,1,6426192
32128,901606,251,main_at_snapshot,0.0,RAW_seed2_M_lr3,M,lr3,RAW,RAW,2,1,-4237872
35712,1002175,279,branch,0.0,RAW_seed2_M_lr3,M,lr3,RAW,RAW,2,1,-4234288
72576,2035541,567,main_at_snapshot,0.001,RAW_seed2_M_lr3,M,lr3,RAW,RAW,2,1,-4197424
80640,2261705,630,branch,0.0005,RAW_seed2_M_lr3,M,lr3,RAW,RAW,2,1,-4189360
163840,4594765,1280,main_at_snapshot,0.001,RAW_seed2_M_lr3,M,lr3,RAW,RAW,2,1,-4106160
182016,5104542,1422,branch,0.001,RAW_seed2_M_lr3,M,lr3,RAW,RAW,2,1,-4087984
369920,10375378,2890,main_at_snapshot,0.0,RAW_seed2_M_lr3,M,lr3,RAW,RAW,2,1,-3900080
411008,11527477,3211,branch,0.0,RAW_seed2_M_lr3,M,lr3,RAW,RAW,2,1,-3858992
835456,23431390,6527,main_at_snapshot,0.0,RAW_seed2_M_lr3,M,lr3,RAW,RAW,2,1,-3434544
928256,26034033,7252,branch,0.0,RAW_seed2_M_lr3,M,lr3,RAW,RAW,2,1,-3341744
1886848,52919897,14741,main_at_snapshot,0.0,RAW_seed2_M_lr3,M,lr3,RAW,RAW,2,1,-2383152
2096512,58800742,16379,branch,0.0,RAW_seed2_M_lr3,M,lr3,RAW,RAW,2,1,-2173488
4261888,119536444,33296,main_at_snapshot,1.0,RAW_seed2_M_lr3,M,lr3,RAW,RAW,2,1,-8112
4735360,132815534,36995,branch,0.997,RAW_seed2_M_lr3,M,lr3,RAW,RAW,2,1,465360
4270080,119766116,33360,main,1.0,RAW_seed2_M_lr3,M,lr3,RAW,RAW,2,1,80
4770048,133788881,37266,main,0.903,RAW_seed2_M_lr3,M,lr3,RAW,RAW,2,1,500048
5270016,147811914,41172,main,0.6175,RAW_seed2_M_lr3,M,lr3,RAW,RAW,2,1,1000016
5770112,161836030,45079,main,0.3555,RAW_seed2_M_lr3,M,lr3,RAW,RAW,2,1,1500112
6270080,175858984,48985,main,0.204,RAW_seed2_M_lr3,M,lr3,RAW,RAW,2,1,2000080
6770048,189883163,52891,main,0.104,RAW_seed2_M_lr3,M,lr3,RAW,RAW,2,1,2500048
7270016,203905885,56797,main,0.0625,RAW_seed2_M_lr3,M,lr3,RAW,RAW,2,1,3000016
7770112,217932769,60704,main,0.041,RAW_seed2_M_lr3,M,lr3,RAW,RAW,2,1,3500112
8270080,231955873,64610,main,0.0265,RAW_seed2_M_lr3,M,lr3,RAW,RAW,2,1,4000080
8770048,245979149,68516,main,0.0215,RAW_seed2_M_lr3,M,lr3,RAW,RAW,2,1,4500048
9270016,260002216,72422,main,0.022,RAW_seed2_M_lr3,M,lr3,RAW,RAW,2,1,5000016
9626496,270001535,75207,main_at_snapshot,0.0115,RAW_seed2_M_lr3,M,lr3,RAW,RAW,2,1,5356496
10696192,300002541,83564,branch,0.0185,RAW_seed2_M_lr3,M,lr3,RAW,RAW,2,1,6426192
32128,901606,251,main_at_snapshot,0.0,RAW_seed2_M_wd0,M,wd0,RAW,RAW,2,1,-4237872
35712,1002175,279,branch,0.0,RAW_seed2_M_wd0,M,wd0,RAW,RAW,2,1,-4234288
72576,2035541,567,main_at_snapshot,0.001,RAW_seed2_M_wd0,M,wd0,RAW,RAW,2,1,-4197424
80640,2261705,630,branch,0.0005,RAW_seed2_M_wd0,M,wd0,RAW,RAW,2,1,-4189360
163840,4594765,1280,main_at_snapshot,0.0,RAW_seed2_M_wd0,M,wd0,RAW,RAW,2,1,-4106160
182016,5104542,1422,branch,0.0,RAW_seed2_M_wd0,M,wd0,RAW,RAW,2,1,-4087984
369920,10375378,2890,main_at_snapshot,0.0,RAW_seed2_M_wd0,M,wd0,RAW,RAW,2,1,-3900080
411008,11527477,3211,branch,0.0005,RAW_seed2_M_wd0,M,wd0,RAW,RAW,2,1,-3858992
835456,23431390,6527,main_at_snapshot,0.0005,RAW_seed2_M_wd0,M,wd0,RAW,RAW,2,1,-3434544
928256,26034033,7252,branch,0.0,RAW_seed2_M_wd0,M,wd0,RAW,RAW,2,1,-3341744
1886848,52919897,14741,main_at_snapshot,0.0,RAW_seed2_M_wd0,M,wd0,RAW,RAW,2,1,-2383152
2096512,58800742,16379,branch,0.0005,RAW_seed2_M_wd0,M,wd0,RAW,RAW,2,1,-2173488
4261888,119536444,33296,main_at_snapshot,0.999,RAW_seed2_M_wd0,M,wd0,RAW,RAW,2,1,-8112
4735360,132815534,36995,branch,0.883,RAW_seed2_M_wd0,M,wd0,RAW,RAW,2,1,465360
4270080,119766116,33360,main,0.999,RAW_seed2_M_wd0,M,wd0,RAW,RAW,2,1,80
4770048,133788881,37266,main,0.384,RAW_seed2_M_wd0,M,wd0,RAW,RAW,2,1,500048
5270016,147811914,41172,main,0.1395,RAW_seed2_M_wd0,M,wd0,RAW,RAW,2,1,1000016
5770112,161836030,45079,main,0.0655,RAW_seed2_M_wd0,M,wd0,RAW,RAW,2,1,1500112
6270080,175858984,48985,main,0.0435,RAW_seed2_M_wd0,M,wd0,RAW,RAW,2,1,2000080
6770048,189883163,52891,main,0.022,RAW_seed2_M_wd0,M,wd0,RAW,RAW,2,1,2500048
7270016,203905885,56797,main,0.0135,RAW_seed2_M_wd0,M,wd0,RAW,RAW,2,1,3000016
7770112,217932769,60704,main,0.0105,RAW_seed2_M_wd0,M,wd0,RAW,RAW,2,1,3500112
8270080,231955873,64610,main,0.0115,RAW_seed2_M_wd0,M,wd0,RAW,RAW,2,1,4000080
8770048,245979149,68516,main,0.0055,RAW_seed2_M_wd0,M,wd0,RAW,RAW,2,1,4500048
9270016,260002216,72422,main,0.006,RAW_seed2_M_wd0,M,wd0,RAW,RAW,2,1,5000016
9626496,270001535,75207,main_at_snapshot,0.003,RAW_seed2_M_wd0,M,wd0,RAW,RAW,2,1,5356496
10696192,300002541,83564,branch,0.006,RAW_seed2_M_wd0,M,wd0,RAW,RAW,2,1,6426192
32128,901606,251,main_at_snapshot,0.0,RAW_seed2_M_wd0_lr3,M,wd0_lr3,RAW,RAW,2,1,-4237872
35712,1002175,279,branch,0.0,RAW_seed2_M_wd0_lr3,M,wd0_lr3,RAW,RAW,2,1,-4234288
72576,2035541,567,main_at_snapshot,0.0005,RAW_seed2_M_wd0_lr3,M,wd0_lr3,RAW,RAW,2,1,-4197424
80640,2261705,630,branch,0.0005,RAW_seed2_M_wd0_lr3,M,wd0_lr3,RAW,RAW,2,1,-4189360
163840,4594765,1280,main_at_snapshot,0.001,RAW_seed2_M_wd0_lr3,M,wd0_lr3,RAW,RAW,2,1,-4106160
182016,5104542,1422,branch,0.0015,RAW_seed2_M_wd0_lr3,M,wd0_lr3,RAW,RAW,2,1,-4087984
369920,10375378,2890,main_at_snapshot,0.0,RAW_seed2_M_wd0_lr3,M,wd0_lr3,RAW,RAW,2,1,-3900080
411008,11527477,3211,branch,0.0005,RAW_seed2_M_wd0_lr3,M,wd0_lr3,RAW,RAW,2,1,-3858992
835456,23431390,6527,main_at_snapshot,0.0,RAW_seed2_M_wd0_lr3,M,wd0_lr3,RAW,RAW,2,1,-3434544
928256,26034033,7252,branch,0.0,RAW_seed2_M_wd0_lr3,M,wd0_lr3,RAW,RAW,2,1,-3341744
1886848,52919897,14741,main_at_snapshot,0.001,RAW_seed2_M_wd0_lr3,M,wd0_lr3,RAW,RAW,2,1,-2383152
2096512,58800742,16379,branch,0.0,RAW_seed2_M_wd0_lr3,M,wd0_lr3,RAW,RAW,2,1,-2173488
4261888,119536444,33296,main_at_snapshot,1.0,RAW_seed2_M_wd0_lr3,M,wd0_lr3,RAW,RAW,2,1,-8112
4735360,132815534,36995,branch,0.995,RAW_seed2_M_wd0_lr3,M,wd0_lr3,RAW,RAW,2,1,465360
4270080,119766116,33360,main,1.0,RAW_seed2_M_wd0_lr3,M,wd0_lr3,RAW,RAW,2,1,80
4770048,133788881,37266,main,0.919,RAW_seed2_M_wd0_lr3,M,wd0_lr3,RAW,RAW,2,1,500048
5270016,147811914,41172,main,0.71,RAW_seed2_M_wd0_lr3,M,wd0_lr3,RAW,RAW,2,1,1000016
5770112,161836030,45079,main,0.4705,RAW_seed2_M_wd0_lr3,M,wd0_lr3,RAW,RAW,2,1,1500112
6270080,175858984,48985,main,0.302,RAW_seed2_M_wd0_lr3,M,wd0_lr3,RAW,RAW,2,1,2000080
6770048,189883163,52891,main,0.177,RAW_seed2_M_wd0_lr3,M,wd0_lr3,RAW,RAW,2,1,2500048
7270016,203905885,56797,main,0.1165,RAW_seed2_M_wd0_lr3,M,wd0_lr3,RAW,RAW,2,1,3000016
7770112,217932769,60704,main,0.091,RAW_seed2_M_wd0_lr3,M,wd0_lr3,RAW,RAW,2,1,3500112
8270080,231955873,64610,main,0.059,RAW_seed2_M_wd0_lr3,M,wd0_lr3,RAW,RAW,2,1,4000080
8770048,245979149,68516,main,0.0485,RAW_seed2_M_wd0_lr3,M,wd0_lr3,RAW,RAW,2,1,4500048
9270016,260002216,72422,main,0.039,RAW_seed2_M_wd0_lr3,M,wd0_lr3,RAW,RAW,2,1,5000016
9626496,270001535,75207,main_at_snapshot,0.031,RAW_seed2_M_wd0_lr3,M,wd0_lr3,RAW,RAW,2,1,5356496
10696192,300002541,83564,branch,0.0375,RAW_seed2_M_wd0_lr3,M,wd0_lr3,RAW,RAW,2,1,6426192
32128,901606,251,main_at_snapshot,0.0005,RAW_seed2_S_base,S,base,RAW,RAW,2,1,-4237872
35712,1002175,279,branch,0.0,RAW_seed2_S_base,S,base,RAW,RAW,2,1,-4234288
72576,2035541,567,main_at_snapshot,0.0,RAW_seed2_S_base,S,base,RAW,RAW,2,1,-4197424
80640,2261705,630,branch,0.0,RAW_seed2_S_base,S,base,RAW,RAW,2,1,-4189360
163840,4594765,1280,main_at_snapshot,0.0005,RAW_seed2_S_base,S,base,RAW,RAW,2,1,-4106160
182016,5104542,1422,branch,0.0,RAW_seed2_S_base,S,base,RAW,RAW,2,1,-4087984
369920,10375378,2890,main_at_snapshot,0.0,RAW_seed2_S_base,S,base,RAW,RAW,2,1,-3900080
411008,11527477,3211,branch,0.0,RAW_seed2_S_base,S,base,RAW,RAW,2,1,-3858992
835456,23431390,6527,main_at_snapshot,0.0,RAW_seed2_S_base,S,base,RAW,RAW,2,1,-3434544
928256,26034033,7252,branch,0.0,RAW_seed2_S_base,S,base,RAW,RAW,2,1,-3341744
1886848,52919897,14741,main_at_snapshot,0.0,RAW_seed2_S_base,S,base,RAW,RAW,2,1,-2383152
2096512,58800742,16379,branch,0.0,RAW_seed2_S_base,S,base,RAW,RAW,2,1,-2173488
4261888,119536444,33296,main_at_snapshot,0.934,RAW_seed2_S_base,S,base,RAW,RAW,2,1,-8112
4735360,132815534,36995,branch,0.035,RAW_seed2_S_base,S,base,RAW,RAW,2,1,465360
4270080,119766116,33360,main,0.9265,RAW_seed2_S_base,S,base,RAW,RAW,2,1,80
4770048,133788881,37266,main,0.003,RAW_seed2_S_base,S,base,RAW,RAW,2,1,500048
5270016,147811914,41172,main,0.0005,RAW_seed2_S_base,S,base,RAW,RAW,2,1,1000016
5770112,161836030,45079,main,0.0005,RAW_seed2_S_base,S,base,RAW,RAW,2,1,1500112
6270080,175858984,48985,main,0.0005,RAW_seed2_S_base,S,base,RAW,RAW,2,1,2000080
6770048,189883163,52891,main,0.0,RAW_seed2_S_base,S,base,RAW,RAW,2,1,2500048
7270016,203905885,56797,main,0.0005,RAW_seed2_S_base,S,base,RAW,RAW,2,1,3000016
7770112,217932769,60704,main,0.0,RAW_seed2_S_base,S,base,RAW,RAW,2,1,3500112
8270080,231955873,64610,main,0.0005,RAW_seed2_S_base,S,base,RAW,RAW,2,1,4000080
8770048,245979149,68516,main,0.0,RAW_seed2_S_base,S,base,RAW,RAW,2,1,4500048
9270016,260002216,72422,main,0.0,RAW_seed2_S_base,S,base,RAW,RAW,2,1,5000016
9626496,270001535,75207,main_at_snapshot,0.001,RAW_seed2_S_base,S,base,RAW,RAW,2,1,5356496
10696192,300002541,83564,branch,0.0,RAW_seed2_S_base,S,base,RAW,RAW,2,1,6426192
35712,1002175,279,main,0.0005,RAW_seed2_S_cosine,S,cosine,RAW,RAW,2,1,-4234288
80640,2261705,630,main,0.0005,RAW_seed2_S_cosine,S,cosine,RAW,RAW,2,1,-4189360
182016,5104542,1422,main,0.0005,RAW_seed2_S_cosine,S,cosine,RAW,RAW,2,1,-4087984
411008,11527477,3211,main,0.0,RAW_seed2_S_cosine,S,cosine,RAW,RAW,2,1,-3858992
928256,26034033,7252,main,0.0,RAW_seed2_S_cosine,S,cosine,RAW,RAW,2,1,-3341744
2096512,58800742,16379,main,0.0,RAW_seed2_S_cosine,S,cosine,RAW,RAW,2,1,-2173488
4270080,119766116,33360,main,0.948,RAW_seed2_S_cosine,S,cosine,RAW,RAW,2,1,80
4735360,132815534,36995,main,0.005,RAW_seed2_S_cosine,S,cosine,RAW,RAW,2,1,465360
4770048,133788881,37266,main,0.0045,RAW_seed2_S_cosine,S,cosine,RAW,RAW,2,1,500048
5270016,147811914,41172,main,0.003,RAW_seed2_S_cosine,S,cosine,RAW,RAW,2,1,1000016
5770112,161836030,45079,main,0.0005,RAW_seed2_S_cosine,S,cosine,RAW,RAW,2,1,1500112
6270080,175858984,48985,main,0.0005,RAW_seed2_S_cosine,S,cosine,RAW,RAW,2,1,2000080
6770048,189883163,52891,main,0.0,RAW_seed2_S_cosine,S,cosine,RAW,RAW,2,1,2500048
7270016,203905885,56797,main,0.0,RAW_seed2_S_cosine,S,cosine,RAW,RAW,2,1,3000016
7770112,217932769,60704,main,0.0005,RAW_seed2_S_cosine,S,cosine,RAW,RAW,2,1,3500112
8270080,231955873,64610,main,0.0,RAW_seed2_S_cosine,S,cosine,RAW,RAW,2,1,4000080
8770048,245979149,68516,main,0.0,RAW_seed2_S_cosine,S,cosine,RAW,RAW,2,1,4500048
9270016,260002216,72422,main,0.0005,RAW_seed2_S_cosine,S,cosine,RAW,RAW,2,1,5000016
9770112,274029648,76329,main,0.0,RAW_seed2_S_cosine,S,cosine,RAW,RAW,2,1,5500112
10270080,288052762,80235,main,0.0,RAW_seed2_S_cosine,S,cosine,RAW,RAW,2,1,6000080
10696192,300002541,83564,main,0.0,RAW_seed2_S_cosine,S,cosine,RAW,RAW,2,1,6426192
32128,901606,251,main_at_snapshot,0.0,RAW_seed2_S_wd0,S,wd0,RAW,RAW,2,1,-4237872
35712,1002175,279,branch,0.0005,RAW_seed2_S_wd0,S,wd0,RAW,RAW,2,1,-4234288
72576,2035541,567,main_at_snapshot,0.0,RAW_seed2_S_wd0,S,wd0,RAW,RAW,2,1,-4197424
80640,2261705,630,branch,0.0,RAW_seed2_S_wd0,S,wd0,RAW,RAW,2,1,-4189360
163840,4594765,1280,main_at_snapshot,0.0005,RAW_seed2_S_wd0,S,wd0,RAW,RAW,2,1,-4106160
182016,5104542,1422,branch,0.0,RAW_seed2_S_wd0,S,wd0,RAW,RAW,2,1,-4087984
369920,10375378,2890,main_at_snapshot,0.0,RAW_seed2_S_wd0,S,wd0,RAW,RAW,2,1,-3900080
411008,11527477,3211,branch,0.0,RAW_seed2_S_wd0,S,wd0,RAW,RAW,2,1,-3858992
835456,23431390,6527,main_at_snapshot,0.0,RAW_seed2_S_wd0,S,wd0,RAW,RAW,2,1,-3434544
928256,26034033,7252,branch,0.0005,RAW_seed2_S_wd0,S,wd0,RAW,RAW,2,1,-3341744
1886848,52919897,14741,main_at_snapshot,0.0005,RAW_seed2_S_wd0,S,wd0,RAW,RAW,2,1,-2383152
2096512,58800742,16379,branch,0.0,RAW_seed2_S_wd0,S,wd0,RAW,RAW,2,1,-2173488
4261888,119536444,33296,main_at_snapshot,0.9625,RAW_seed2_S_wd0,S,wd0,RAW,RAW,2,1,-8112
4735360,132815534,36995,branch,0.1605,RAW_seed2_S_wd0,S,wd0,RAW,RAW,2,1,465360
4270080,119766116,33360,main,0.9605,RAW_seed2_S_wd0,S,wd0,RAW,RAW,2,1,80
4770048,133788881,37266,main,0.018,RAW_seed2_S_wd0,S,wd0,RAW,RAW,2,1,500048
5270016,147811914,41172,main,0.0065,RAW_seed2_S_wd0,S,wd0,RAW,RAW,2,1,1000016
5770112,161836030,45079,main,0.0065,RAW_seed2_S_wd0,S,wd0,RAW,RAW,2,1,1500112
6270080,175858984,48985,main,0.004,RAW_seed2_S_wd0,S,wd0,RAW,RAW,2,1,2000080
6770048,189883163,52891,main,0.0035,RAW_seed2_S_wd0,S,wd0,RAW,RAW,2,1,2500048
7270016,203905885,56797,main,0.0025,RAW_seed2_S_wd0,S,wd0,RAW,RAW,2,1,3000016
7770112,217932769,60704,main,0.002,RAW_seed2_S_wd0,S,wd0,RAW,RAW,2,1,3500112
8270080,231955873,64610,main,0.003,RAW_seed2_S_wd0,S,wd0,RAW,RAW,2,1,4000080
8770048,245979149,68516,main,0.0015,RAW_seed2_S_wd0,S,wd0,RAW,RAW,2,1,4500048
9270016,260002216,72422,main,0.0,RAW_seed2_S_wd0,S,wd0,RAW,RAW,2,1,5000016
9626496,270001535,75207,main_at_snapshot,0.0005,RAW_seed2_S_wd0,S,wd0,RAW,RAW,2,1,5356496
10696192,300002541,83564,branch,0.0025,RAW_seed2_S_wd0,S,wd0,RAW,RAW,2,1,6426192
32128,900994,251,main_at_snapshot,0.0,RAW_seed3_L_base,L,base,RAW,RAW,3,1,-4237872
35712,1001638,279,branch,0.0,RAW_seed3_L_base,L,base,RAW,RAW,3,1,-4234288
72576,2035514,567,main_at_snapshot,0.0,RAW_seed3_L_base,L,base,RAW,RAW,3,1,-4197424
80640,2261581,630,branch,0.0,RAW_seed3_L_base,L,base,RAW,RAW,3,1,-4189360
163840,4595127,1280,main_at_snapshot,0.001,RAW_seed3_L_base,L,base,RAW,RAW,3,1,-4106160
182016,5104936,1422,branch,0.001,RAW_seed3_L_base,L,base,RAW,RAW,3,1,-4087984
369792,10372537,2889,main_at_snapshot,0.0005,RAW_seed3_L_base,L,base,RAW,RAW,3,1,-3900208
410880,11524772,3210,branch,0.0,RAW_seed3_L_base,L,base,RAW,RAW,3,1,-3859120
835328,23430004,6526,main_at_snapshot,0.0005,RAW_seed3_L_base,L,base,RAW,RAW,3,1,-3434672
928128,26033446,7251,branch,0.0005,RAW_seed3_L_base,L,base,RAW,RAW,3,1,-3341872
1886848,52921310,14741,main_at_snapshot,0.0005,RAW_seed3_L_base,L,base,RAW,RAW,3,1,-2383152
2096512,58801633,16379,branch,0.0,RAW_seed3_L_base,L,base,RAW,RAW,3,1,-2173488
4262016,119534738,33297,main_at_snapshot,1.0,RAW_seed3_L_base,L,base,RAW,RAW,3,1,-7984
4735488,132816446,36996,branch,0.907,RAW_seed3_L_base,L,base,RAW,RAW,3,1,465488
4270080,119760837,33360,main,1.0,RAW_seed3_L_base,L,base,RAW,RAW,3,1,80
4770048,133785837,37266,main,0.267,RAW_seed3_L_base,L,base,RAW,RAW,3,1,500048
5270016,147808875,41172,main,0.0545,RAW_seed3_L_base,L,base,RAW,RAW,3,1,1000016
5770112,161835703,45079,main,0.015,RAW_seed3_L_base,L,base,RAW,RAW,3,1,1500112
6270080,175859172,48985,main,0.0075,RAW_seed3_L_base,L,base,RAW,RAW,3,1,2000080
6770048,189882049,52891,main,0.0055,RAW_seed3_L_base,L,base,RAW,RAW,3,1,2500048
7270016,203905148,56797,main,0.002,RAW_seed3_L_base,L,base,RAW,RAW,3,1,3000016
7770112,217931655,60704,main,0.0035,RAW_seed3_L_base,L,base,RAW,RAW,3,1,3500112
8270080,231952798,64610,main,0.002,RAW_seed3_L_base,L,base,RAW,RAW,3,1,4000080
8770048,245973366,68516,main,0.0015,RAW_seed3_L_base,L,base,RAW,RAW,3,1,4500048
9270016,259998219,72422,main,0.0005,RAW_seed3_L_base,L,base,RAW,RAW,3,1,5000016
9626752,270003136,75209,main_at_snapshot,0.0025,RAW_seed3_L_base,L,base,RAW,RAW,3,1,5356752
10696320,300000624,83565,branch,0.0035,RAW_seed3_L_base,L,base,RAW,RAW,3,1,6426320
32128,900994,251,main_at_snapshot,0.0005,RAW_seed3_M_base,M,base,RAW,RAW,3,1,-4237872
35712,1001638,279,branch,0.0,RAW_seed3_M_base,M,base,RAW,RAW,3,1,-4234288
72576,2035514,567,main_at_snapshot,0.0005,RAW_seed3_M_base,M,base,RAW,RAW,3,1,-4197424
80640,2261581,630,branch,0.0015,RAW_seed3_M_base,M,base,RAW,RAW,3,1,-4189360
163840,4595127,1280,main_at_snapshot,0.0,RAW_seed3_M_base,M,base,RAW,RAW,3,1,-4106160
182016,5104936,1422,branch,0.0,RAW_seed3_M_base,M,base,RAW,RAW,3,1,-4087984
369792,10372537,2889,main_at_snapshot,0.0,RAW_seed3_M_base,M,base,RAW,RAW,3,1,-3900208
410880,11524772,3210,branch,0.0,RAW_seed3_M_base,M,base,RAW,RAW,3,1,-3859120
835328,23430004,6526,main_at_snapshot,0.0005,RAW_seed3_M_base,M,base,RAW,RAW,3,1,-3434672
928128,26033446,7251,branch,0.0,RAW_seed3_M_base,M,base,RAW,RAW,3,1,-3341872
1886848,52921310,14741,main_at_snapshot,0.0,RAW_seed3_M_base,M,base,RAW,RAW,3,1,-2383152
2096512,58801633,16379,branch,0.0,RAW_seed3_M_base,M,base,RAW,RAW,3,1,-2173488
4262016,119534738,33297,main_at_snapshot,0.9995,RAW_seed3_M_base,M,base,RAW,RAW,3,1,-7984
4735488,132816446,36996,branch,0.843,RAW_seed3_M_base,M,base,RAW,RAW,3,1,465488
4270080,119760837,33360,main,0.9995,RAW_seed3_M_base,M,base,RAW,RAW,3,1,80
4770048,133785837,37266,main,0.24,RAW_seed3_M_base,M,base,RAW,RAW,3,1,500048
5270016,147808875,41172,main,0.0565,RAW_seed3_M_base,M,base,RAW,RAW,3,1,1000016
5770112,161835703,45079,main,0.0115,RAW_seed3_M_base,M,base,RAW,RAW,3,1,1500112
6270080,175859172,48985,main,0.0095,RAW_seed3_M_base,M,base,RAW,RAW,3,1,2000080
6770048,189882049,52891,main,0.004,RAW_seed3_M_base,M,base,RAW,RAW,3,1,2500048
7270016,203905148,56797,main,0.0005,RAW_seed3_M_base,M,base,RAW,RAW,3,1,3000016
7770112,217931655,60704,main,0.002,RAW_seed3_M_base,M,base,RAW,RAW,3,1,3500112
8270080,231952798,64610,main,0.001,RAW_seed3_M_base,M,base,RAW,RAW,3,1,4000080
8770048,245973366,68516,main,0.002,RAW_seed3_M_base,M,base,RAW,RAW,3,1,4500048
9270016,259998219,72422,main,0.0,RAW_seed3_M_base,M,base,RAW,RAW,3,1,5000016
9626752,270003136,75209,main_at_snapshot,0.0015,RAW_seed3_M_base,M,base,RAW,RAW,3,1,5356752
10696320,300000624,83565,branch,0.0005,RAW_seed3_M_base,M,base,RAW,RAW,3,1,6426320
32128,900994,251,main_at_snapshot,0.0,RAW_seed3_S_base,S,base,RAW,RAW,3,1,-4237872
35712,1001638,279,branch,0.0005,RAW_seed3_S_base,S,base,RAW,RAW,3,1,-4234288
72576,2035514,567,main_at_snapshot,0.0005,RAW_seed3_S_base,S,base,RAW,RAW,3,1,-4197424
80640,2261581,630,branch,0.0005,RAW_seed3_S_base,S,base,RAW,RAW,3,1,-4189360
163840,4595127,1280,main_at_snapshot,0.0,RAW_seed3_S_base,S,base,RAW,RAW,3,1,-4106160
182016,5104936,1422,branch,0.0005,RAW_seed3_S_base,S,base,RAW,RAW,3,1,-4087984
369792,10372537,2889,main_at_snapshot,0.0005,RAW_seed3_S_base,S,base,RAW,RAW,3,1,-3900208
410880,11524772,3210,branch,0.0,RAW_seed3_S_base,S,base,RAW,RAW,3,1,-3859120
835328,23430004,6526,main_at_snapshot,0.0,RAW_seed3_S_base,S,base,RAW,RAW,3,1,-3434672
928128,26033446,7251,branch,0.0,RAW_seed3_S_base,S,base,RAW,RAW,3,1,-3341872
1886848,52921310,14741,main_at_snapshot,0.0,RAW_seed3_S_base,S,base,RAW,RAW,3,1,-2383152
2096512,58801633,16379,branch,0.0,RAW_seed3_S_base,S,base,RAW,RAW,3,1,-2173488
4262016,119534738,33297,main_at_snapshot,0.923,RAW_seed3_S_base,S,base,RAW,RAW,3,1,-7984
4735488,132816446,36996,branch,0.04,RAW_seed3_S_base,S,base,RAW,RAW,3,1,465488
4270080,119760837,33360,main,0.915,RAW_seed3_S_base,S,base,RAW,RAW,3,1,80
4770048,133785837,37266,main,0.002,RAW_seed3_S_base,S,base,RAW,RAW,3,1,500048
5270016,147808875,41172,main,0.0005,RAW_seed3_S_base,S,base,RAW,RAW,3,1,1000016
5770112,161835703,45079,main,0.0,RAW_seed3_S_base,S,base,RAW,RAW,3,1,1500112
6270080,175859172,48985,main,0.0,RAW_seed3_S_base,S,base,RAW,RAW,3,1,2000080
6770048,189882049,52891,main,0.0005,RAW_seed3_S_base,S,base,RAW,RAW,3,1,2500048
7270016,203905148,56797,main,0.0,RAW_seed3_S_base,S,base,RAW,RAW,3,1,3000016
7770112,217931655,60704,main,0.0,RAW_seed3_S_base,S,base,RAW,RAW,3,1,3500112
8270080,231952798,64610,main,0.0005,RAW_seed3_S_base,S,base,RAW,RAW,3,1,4000080
8770048,245973366,68516,main,0.0,RAW_seed3_S_base,S,base,RAW,RAW,3,1,4500048
9270016,259998219,72422,main,0.0005,RAW_seed3_S_base,S,base,RAW,RAW,3,1,5000016
9626752,270003136,75209,main_at_snapshot,0.0,RAW_seed3_S_base,S,base,RAW,RAW,3,1,5356752
10696320,300000624,83565,branch,0.001,RAW_seed3_S_base,S,base,RAW,RAW,3,1,6426320
32128,901199,251,main_at_snapshot,0.0,RAW_seed4_L_base,L,base,RAW,RAW,4,1,-4237872
35712,1001748,279,branch,0.0,RAW_seed4_L_base,L,base,RAW,RAW,4,1,-4234288
72576,2035312,567,main_at_snapshot,0.0,RAW_seed4_L_base,L,base,RAW,RAW,4,1,-4197424
80640,2261482,630,branch,0.0,RAW_seed4_L_base,L,base,RAW,RAW,4,1,-4189360
163840,4594876,1280,main_at_snapshot,0.0,RAW_seed4_L_base,L,base,RAW,RAW,4,1,-4106160
182016,5104508,1422,branch,0.0005,RAW_seed4_L_base,L,base,RAW,RAW,4,1,-4087984
369920,10374400,2890,main_at_snapshot,0.0,RAW_seed4_L_base,L,base,RAW,RAW,4,1,-3900080
411008,11526770,3211,branch,0.0005,RAW_seed4_L_base,L,base,RAW,RAW,4,1,-3858992
835456,23430242,6527,main_at_snapshot,0.0,RAW_seed4_L_base,L,base,RAW,RAW,4,1,-3434544
928256,26033375,7252,branch,0.0,RAW_seed4_L_base,L,base,RAW,RAW,4,1,-3341744
1886976,52922069,14742,main_at_snapshot,0.0,RAW_seed4_L_base,L,base,RAW,RAW,4,1,-2383024
2096640,58802527,16380,branch,0.0005,RAW_seed4_L_base,L,base,RAW,RAW,4,1,-2173360
4262144,119535142,33298,main_at_snapshot,0.998,RAW_seed4_L_base,L,base,RAW,RAW,4,1,-7856
4735616,132815513,36997,branch,0.917,RAW_seed4_L_base,L,base,RAW,RAW,4,1,465616
4270080,119757697,33360,main,0.9995,RAW_seed4_L_base,L,base,RAW,RAW,4,1,80
4770048,133780809,37266,main,0.2915,RAW_seed4_L_base,L,base,RAW,RAW,4,1,500048
5270016,147803908,41172,main,0.059,RAW_seed4_L_base,L,base,RAW,RAW,4,1,1000016
5770112,161828766,45079,main,0.0185,RAW_seed4_L_base,L,base,RAW,RAW,4,1,1500112
6270080,175851343,48985,main,0.0075,RAW_seed4_L_base,L,base,RAW,RAW,4,1,2000080
6770048,189873890,52891,main,0.004,RAW_seed4_L_base,L,base,RAW,RAW,4,1,2500048
7270016,203897015,56797,main,0.001,RAW_seed4_L_base,L,base,RAW,RAW,4,1,3000016
7770112,217922824,60704,main,0.0015,RAW_seed4_L_base,L,base,RAW,RAW,4,1,3500112
8270080,231945881,64610,main,0.0,RAW_seed4_L_base,L,base,RAW,RAW,4,1,4000080
8770048,245968932,68516,main,0.0015,RAW_seed4_L_base,L,base,RAW,RAW,4,1,4500048
9270016,259992182,72422,main,0.0005,RAW_seed4_L_base,L,base,RAW,RAW,4,1,5000016
9626880,270002158,75210,main_at_snapshot,0.002,RAW_seed4_L_base,L,base,RAW,RAW,4,1,5356880
10696576,300003304,83567,branch,0.003,RAW_seed4_L_base,L,base,RAW,RAW,4,1,6426576
32128,901199,251,main_at_snapshot,0.0,RAW_seed4_M_base,M,base,RAW,RAW,4,1,-4237872
35712,1001748,279,branch,0.0,RAW_seed4_M_base,M,base,RAW,RAW,4,1,-4234288
72576,2035312,567,main_at_snapshot,0.0,RAW_seed4_M_base,M,base,RAW,RAW,4,1,-4197424
80640,2261482,630,branch,0.0005,RAW_seed4_M_base,M,base,RAW,RAW,4,1,-4189360
163840,4594876,1280,main_at_snapshot,0.0,RAW_seed4_M_base,M,base,RAW,RAW,4,1,-4106160
182016,5104508,1422,branch,0.0005,RAW_seed4_M_base,M,base,RAW,RAW,4,1,-4087984
369920,10374400,2890,main_at_snapshot,0.0005,RAW_seed4_M_base,M,base,RAW,RAW,4,1,-3900080
411008,11526770,3211,branch,0.0,RAW_seed4_M_base,M,base,RAW,RAW,4,1,-3858992
835456,23430242,6527,main_at_snapshot,0.0,RAW_seed4_M_base,M,base,RAW,RAW,4,1,-3434544
928256,26033375,7252,branch,0.0,RAW_seed4_M_base,M,base,RAW,RAW,4,1,-3341744
1886976,52922069,14742,main_at_snapshot,0.0005,RAW_seed4_M_base,M,base,RAW,RAW,4,1,-2383024
2096640,58802527,16380,branch,0.0005,RAW_seed4_M_base,M,base,RAW,RAW,4,1,-2173360
4262144,119535142,33298,main_at_snapshot,0.999,RAW_seed4_M_base,M,base,RAW,RAW,4,1,-7856
4735616,132815513,36997,branch,0.8735,RAW_seed4_M_base,M,base,RAW,RAW,4,1,465616
4270080,119757697,33360,main,0.9995,RAW_seed4_M_base,M,base,RAW,RAW,4,1,80
4770048,133780809,37266,main,0.255,RAW_seed4_M_base,M,base,RAW,RAW,4,1,500048
5270016,147803908,41172,main,0.049,RAW_seed4_M_base,M,base,RAW,RAW,4,1,1000016
5770112,161828766,45079,main,0.0175,RAW_seed4_M_base,M,base,RAW,RAW,4,1,1500112
6270080,175851343,48985,main,0.012,RAW_seed4_M_base,M,base,RAW,RAW,4,1,2000080
6770048,189873890,52891,main,0.001,RAW_seed4_M_base,M,base,RAW,RAW,4,1,2500048
7270016,203897015,56797,main,0.003,RAW_seed4_M_base,M,base,RAW,RAW,4,1,3000016
7770112,217922824,60704,main,0.0025,RAW_seed4_M_base,M,base,RAW,RAW,4,1,3500112
8270080,231945881,64610,main,0.001,RAW_seed4_M_base,M,base,RAW,RAW,4,1,4000080
8770048,245968932,68516,main,0.002,RAW_seed4_M_base,M,base,RAW,RAW,4,1,4500048
9270016,259992182,72422,main,0.001,RAW_seed4_M_base,M,base,RAW,RAW,4,1,5000016
9626880,270002158,75210,main_at_snapshot,0.0005,RAW_seed4_M_base,M,base,RAW,RAW,4,1,5356880
10696576,300003304,83567,branch,0.0,RAW_seed4_M_base,M,base,RAW,RAW,4,1,6426576
32128,901199,251,main_at_snapshot,0.0015,RAW_seed4_S_base,S,base,RAW,RAW,4,1,-4237872
35712,1001748,279,branch,0.0,RAW_seed4_S_base,S,base,RAW,RAW,4,1,-4234288
72576,2035312,567,main_at_snapshot,0.0,RAW_seed4_S_base,S,base,RAW,RAW,4,1,-4197424
80640,2261482,630,branch,0.0005,RAW_seed4_S_base,S,base,RAW,RAW,4,1,-4189360
163840,4594876,1280,main_at_snapshot,0.0005,RAW_seed4_S_base,S,base,RAW,RAW,4,1,-4106160
182016,5104508,1422,branch,0.0,RAW_seed4_S_base,S,base,RAW,RAW,4,1,-4087984
369920,10374400,2890,main_at_snapshot,0.0005,RAW_seed4_S_base,S,base,RAW,RAW,4,1,-3900080
411008,11526770,3211,branch,0.0,RAW_seed4_S_base,S,base,RAW,RAW,4,1,-3858992
835456,23430242,6527,main_at_snapshot,0.0,RAW_seed4_S_base,S,base,RAW,RAW,4,1,-3434544
928256,26033375,7252,branch,0.0,RAW_seed4_S_base,S,base,RAW,RAW,4,1,-3341744
1886976,52922069,14742,main_at_snapshot,0.0005,RAW_seed4_S_base,S,base,RAW,RAW,4,1,-2383024
2096640,58802527,16380,branch,0.0005,RAW_seed4_S_base,S,base,RAW,RAW,4,1,-2173360
4262144,119535142,33298,main_at_snapshot,0.92,RAW_seed4_S_base,S,base,RAW,RAW,4,1,-7856
4735616,132815513,36997,branch,0.043,RAW_seed4_S_base,S,base,RAW,RAW,4,1,465616
4270080,119757697,33360,main,0.933,RAW_seed4_S_base,S,base,RAW,RAW,4,1,80
4770048,133780809,37266,main,0.0015,RAW_seed4_S_base,S,base,RAW,RAW,4,1,500048
5270016,147803908,41172,main,0.001,RAW_seed4_S_base,S,base,RAW,RAW,4,1,1000016
5770112,161828766,45079,main,0.0005,RAW_seed4_S_base,S,base,RAW,RAW,4,1,1500112
6270080,175851343,48985,main,0.0,RAW_seed4_S_base,S,base,RAW,RAW,4,1,2000080
6770048,189873890,52891,main,0.0005,RAW_seed4_S_base,S,base,RAW,RAW,4,1,2500048
7270016,203897015,56797,main,0.0,RAW_seed4_S_base,S,base,RAW,RAW,4,1,3000016
7770112,217922824,60704,main,0.0,RAW_seed4_S_base,S,base,RAW,RAW,4,1,3500112
8270080,231945881,64610,main,0.0005,RAW_seed4_S_base,S,base,RAW,RAW,4,1,4000080
8770048,245968932,68516,main,0.0,RAW_seed4_S_base,S,base,RAW,RAW,4,1,4500048
9270016,259992182,72422,main,0.0,RAW_seed4_S_base,S,base,RAW,RAW,4,1,5000016
9626880,270002158,75210,main_at_snapshot,0.001,RAW_seed4_S_base,S,base,RAW,RAW,4,1,5356880
10696576,300003304,83567,branch,0.0,RAW_seed4_S_base,S,base,RAW,RAW,4,1,6426576
32128,901178,251,main_at_snapshot,0.0,RAW_seed5_L_base,L,base,RAW,RAW,5,1,-4237872
35712,1001639,279,branch,0.0,RAW_seed5_L_base,L,base,RAW,RAW,5,1,-4234288
72576,2035787,567,main_at_snapshot,0.001,RAW_seed5_L_base,L,base,RAW,RAW,5,1,-4197424
80640,2261912,630,branch,0.001,RAW_seed5_L_base,L,base,RAW,RAW,5,1,-4189360
163840,4595053,1280,main_at_snapshot,0.0,RAW_seed5_L_base,L,base,RAW,RAW,5,1,-4106160
182016,5104940,1422,branch,0.0,RAW_seed5_L_base,L,base,RAW,RAW,5,1,-4087984
369920,10375225,2890,main_at_snapshot,0.0005,RAW_seed5_L_base,L,base,RAW,RAW,5,1,-3900080
411008,11527225,3211,branch,0.0,RAW_seed5_L_base,L,base,RAW,RAW,5,1,-3858992
835456,23431096,6527,main_at_snapshot,0.0,RAW_seed5_L_base,L,base,RAW,RAW,5,1,-3434544
928256,26033459,7252,branch,0.0,RAW_seed5_L_base,L,base,RAW,RAW,5,1,-3341744
1886976,52922622,14742,main_at_snapshot,0.0005,RAW_seed5_L_base,L,base,RAW,RAW,5,1,-2383024
2096512,58799778,16379,branch,0.0,RAW_seed5_L_base,L,base,RAW,RAW,5,1,-2173488
4262016,119534829,33297,main_at_snapshot,0.999,RAW_seed5_L_base,L,base,RAW,RAW,5,1,-7984
4735616,132818051,36997,branch,0.9115,RAW_seed5_L_base,L,base,RAW,RAW,5,1,465616
4270080,119761013,33360,main,0.9995,RAW_seed5_L_base,L,base,RAW,RAW,5,1,80
4770048,133783607,37266,main,0.2665,RAW_seed5_L_base,L,base,RAW,RAW,5,1,500048
5270016,147806277,41172,main,0.051,RAW_seed5_L_base,L,base,RAW,RAW,5,1,1000016
5770112,161831882,45079,main,0.0175,RAW_seed5_L_base,L,base,RAW,RAW,5,1,1500112
6270080,175854738,48985,main,0.0035,RAW_seed5_L_base,L,base,RAW,RAW,5,1,2000080
6770048,189875624,52891,main,0.004,RAW_seed5_L_base,L,base,RAW,RAW,5,1,2500048
7270016,203899045,56797,main,0.002,RAW_seed5_L_base,L,base,RAW,RAW,5,1,3000016
7770112,217927394,60704,main,0.0025,RAW_seed5_L_base,L,base,RAW,RAW,5,1,3500112
8270080,231950274,64610,main,0.003,RAW_seed5_L_base,L,base,RAW,RAW,5,1,4000080
8770048,245973096,68516,main,0.001,RAW_seed5_L_base,L,base,RAW,RAW,5,1,4500048
9270016,259995408,72422,main,0.0005,RAW_seed5_L_base,L,base,RAW,RAW,5,1,5000016
9626880,270003044,75210,main_at_snapshot,0.0015,RAW_seed5_L_base,L,base,RAW,RAW,5,1,5356880
10696448,300001065,83566,branch,0.0015,RAW_seed5_L_base,L,base,RAW,RAW,5,1,6426448
32128,901178,251,main_at_snapshot,0.0,RAW_seed5_M_base,M,base,RAW,RAW,5,1,-4237872
35712,1001639,279,branch,0.0005,RAW_seed5_M_base,M,base,RAW,RAW,5,1,-4234288
72576,2035787,567,main_at_snapshot,0.001,RAW_seed5_M_base,M,base,RAW,RAW,5,1,-4197424
80640,2261912,630,branch,0.0005,RAW_seed5_M_base,M,base,RAW,RAW,5,1,-4189360
163840,4595053,1280,main_at_snapshot,0.0005,RAW_seed5_M_base,M,base,RAW,RAW,5,1,-4106160
182016,5104940,1422,branch,0.0,RAW_seed5_M_base,M,base,RAW,RAW,5,1,-4087984
369920,10375225,2890,main_at_snapshot,0.0,RAW_seed5_M_base,M,base,RAW,RAW,5,1,-3900080
411008,11527225,3211,branch,0.0005,RAW_seed5_M_base,M,base,RAW,RAW,5,1,-3858992
835456,23431096,6527,main_at_snapshot,0.0,RAW_seed5_M_base,M,base,RAW,RAW,5,1,-3434544
928256,26033459,7252,branch,0.001,RAW_seed5_M_base,M,base,RAW,RAW,5,1,-3341744
1886976,52922622,14742,main_at_snapshot,0.0005,RAW_seed5_M_base,M,base,RAW,RAW,5,1,-2383024
2096512,58799778,16379,branch,0.0,RAW_seed5_M_base,M,base,RAW,RAW,5,1,-2173488
4262016,119534829,33297,main_at_snapshot,0.9985,RAW_seed5_M_base,M,base,RAW,RAW,5,1,-7984
4735616,132818051,36997,branch,0.867,RAW_seed5_M_base,M,base,RAW,RAW,5,1,465616
4270080,119761013,33360,main,0.999,RAW_seed5_M_base,M,base,RAW,RAW,5,1,80
4770048,133783607,37266,main,0.2365,RAW_seed5_M_base,M,base,RAW,RAW,5,1,500048
5270016,147806277,41172,main,0.0405,RAW_seed5_M_base,M,base,RAW,RAW,5,1,1000016
5770112,161831882,45079,main,0.017,RAW_seed5_M_base,M,base,RAW,RAW,5,1,1500112
6270080,175854738,48985,main,0.0085,RAW_seed5_M_base,M,base,RAW,RAW,5,1,2000080
6770048,189875624,52891,main,0.0025,RAW_seed5_M_base,M,base,RAW,RAW,5,1,2500048
7270016,203899045,56797,main,0.002,RAW_seed5_M_base,M,base,RAW,RAW,5,1,3000016
7770112,217927394,60704,main,0.0015,RAW_seed5_M_base,M,base,RAW,RAW,5,1,3500112
8270080,231950274,64610,main,0.0015,RAW_seed5_M_base,M,base,RAW,RAW,5,1,4000080
8770048,245973096,68516,main,0.0005,RAW_seed5_M_base,M,base,RAW,RAW,5,1,4500048
9270016,259995408,72422,main,0.0,RAW_seed5_M_base,M,base,RAW,RAW,5,1,5000016
9626880,270003044,75210,main_at_snapshot,0.001,RAW_seed5_M_base,M,base,RAW,RAW,5,1,5356880
10696448,300001065,83566,branch,0.001,RAW_seed5_M_base,M,base,RAW,RAW,5,1,6426448
32128,901178,251,main_at_snapshot,0.0005,RAW_seed5_S_base,S,base,RAW,RAW,5,1,-4237872
35712,1001639,279,branch,0.0,RAW_seed5_S_base,S,base,RAW,RAW,5,1,-4234288
72576,2035787,567,main_at_snapshot,0.0,RAW_seed5_S_base,S,base,RAW,RAW,5,1,-4197424
80640,2261912,630,branch,0.0005,RAW_seed5_S_base,S,base,RAW,RAW,5,1,-4189360
163840,4595053,1280,main_at_snapshot,0.0005,RAW_seed5_S_base,S,base,RAW,RAW,5,1,-4106160
182016,5104940,1422,branch,0.0,RAW_seed5_S_base,S,base,RAW,RAW,5,1,-4087984
369920,10375225,2890,main_at_snapshot,0.0,RAW_seed5_S_base,S,base,RAW,RAW,5,1,-3900080
411008,11527225,3211,branch,0.0,RAW_seed5_S_base,S,base,RAW,RAW,5,1,-3858992
835456,23431096,6527,main_at_snapshot,0.0,RAW_seed5_S_base,S,base,RAW,RAW,5,1,-3434544
928256,26033459,7252,branch,0.0005,RAW_seed5_S_base,S,base,RAW,RAW,5,1,-3341744
1886976,52922622,14742,main_at_snapshot,0.0,RAW_seed5_S_base,S,base,RAW,RAW,5,1,-2383024
2096512,58799778,16379,branch,0.0005,RAW_seed5_S_base,S,base,RAW,RAW,5,1,-2173488
4262016,119534829,33297,main_at_snapshot,0.9235,RAW_seed5_S_base,S,base,RAW,RAW,5,1,-7984
4735616,132818051,36997,branch,0.0495,RAW_seed5_S_base,S,base,RAW,RAW,5,1,465616
4270080,119761013,33360,main,0.928,RAW_seed5_S_base,S,base,RAW,RAW,5,1,80
4770048,133783607,37266,main,0.0005,RAW_seed5_S_base,S,base,RAW,RAW,5,1,500048
5270016,147806277,41172,main,0.0,RAW_seed5_S_base,S,base,RAW,RAW,5,1,1000016
5770112,161831882,45079,main,0.0,RAW_seed5_S_base,S,base,RAW,RAW,5,1,1500112
6270080,175854738,48985,main,0.0005,RAW_seed5_S_base,S,base,RAW,RAW,5,1,2000080
6770048,189875624,52891,main,0.0005,RAW_seed5_S_base,S,base,RAW,RAW,5,1,2500048
7270016,203899045,56797,main,0.0005,RAW_seed5_S_base,S,base,RAW,RAW,5,1,3000016
7770112,217927394,60704,main,0.0,RAW_seed5_S_base,S,base,RAW,RAW,5,1,3500112
8270080,231950274,64610,main,0.0,RAW_seed5_S_base,S,base,RAW,RAW,5,1,4000080
8770048,245973096,68516,main,0.001,RAW_seed5_S_base,S,base,RAW,RAW,5,1,4500048
9270016,259995408,72422,main,0.0,RAW_seed5_S_base,S,base,RAW,RAW,5,1,5000016
9626880,270003044,75210,main_at_snapshot,0.0005,RAW_seed5_S_base,S,base,RAW,RAW,5,1,5356880
10696448,300001065,83566,branch,0.0,RAW_seed5_S_base,S,base,RAW,RAW,5,1,6426448
