corpus,zipf_a,filler_n,seed,lr,docs,train_tokens,facts_delivered,bits_delivered,obj_loss_bits_indist,ideal_loss_bits,facts_stored,bits_stored,bits_stored_soft,unseen_top1_acc,train_loss_nats,wall_seconds,git_commit,config_hash,obj_loss_bits_indist_fullvocab,unseen_loss_bits,delivered_top1_acc,cooldown,model_size,n_params_nonemb,n_params_total,bits_stored_per_param,bits_stored_per_param_total,k_sub,frac_stored,mean_exposures,cap,warmup_docs,facts_with_at_least_cstar_exposures,cap_adequacy,budget_tokens,n_uncapped,corpus_type,level,tau,n_facts_at_cap,weighted_acc_p,head_loss_bits,setting,weight_decay,schedule,mid_schedule,probe_acc_branch,probe_acc_main_at_snapshot,budget_mult,run
CURATEDF,0.5,0,1,0.0003,83072,1001257,29307,351684,8.504069926141874,,1084.844970703125,13018.1396484375,26387.968861746525,0.0005,2.205995321273804,8.127976417541504,51a86202db31,40f8c3a0fb17,8.587798038456887,12.665883305811882,0.0372607226942368,1,L,31524864,34350080,0.0004129483206791,0.000378984259962,,,,,,,,300000000,,CURATED,15,6.4338123202e-08,397962.0,0.28171,3.923321390271187,base,0.1,constant,0,0.0005,0.001,1,CURATEDF_seed1_L_base_15
CURATEDF,0.5,0,1,0.0003,187520,2259419,49553,594636,5.006291673408146,,5083.902099609375,61006.8251953125,94742.38310333004,0.0003,1.8049899339675903,18.3078191280365,51a86202db31,40f8c3a0fb17,5.063695851225743,12.707582492268086,0.1028393840937985,1,L,31524864,34350080,0.0019351970938022,0.0017760315316678,,,,,,,,300000000,,CURATED,15,6.4338123202e-08,397962.0,0.57995,0.0959124302417039,base,0.1,constant,0,0.0005,0.0005,1,CURATEDF_seed1_L_base_15
CURATEDF,0.5,0,1,0.0003,423552,5102709,171073,2052876,11.87218490867138,,58.234130859375,698.8095703125,7814.10702984409,0.00025,2.448758840560913,40.15300941467285,51a86202db31,40f8c3a0fb17,11.909959239087105,12.114054590797425,0.0005845457787026,1,L,31524864,34350080,2.216693370390115e-05,2.034375379365929e-05,,,,,,,,300000000,,CURATED,15,6.4338123202e-08,397962.0,0.003275,11.723905786514282,base,0.1,constant,0,0.0,0.0005,1,CURATEDF_seed1_L_base_15
CURATEDF,0.5,0,1,0.0003,956800,11525385,487813,5853756,11.961951346774102,,59.905029296875,718.8603515625,5642.315293037987,0.00035,2.4035120010375977,88.63666033744812,51a86202db31,40f8c3a0fb17,12.026935818161965,12.021691963338853,0.0003669438903842,1,L,31524864,34350080,2.2802964401765535e-05,2.0927472412364105e-05,,,,,,,,300000000,,CURATED,15,6.4338123202e-08,397962.0,0.000465,11.938799343109132,base,0.1,constant,0,0.001,0.0,1,CURATEDF_seed1_L_base_15
CURATEDF,0.5,0,1,0.0003,2160896,26031791,795023,9540276,11.954952270064354,,140.902587890625,1690.8310546875,17968.397158492095,0.00025,2.401761054992676,193.73774528503415,51a86202db31,40f8c3a0fb17,12.074520927510262,12.023216337537766,0.0004213714571779,1,L,31524864,34350080,5.3634840571794375e-05,4.922349685029846e-05,,,,,,,,300000000,,CURATED,15,6.4338123202e-08,397962.0,0.000815,11.943323524475096,base,0.1,constant,0,0.0,0.0,1,CURATEDF_seed1_L_base_15
CURATEDF,0.5,0,1,0.0003,4881024,58800178,951444,11417328,11.591645755414664,,3167.7138671875,38012.56640625,247154.86042190847,0.00025,2.36342453956604,424.7826578617096,51a86202db31,40f8c3a0fb17,11.723569721176029,12.258296643280984,0.0035735156246715,1,L,31524864,34350080,0.0012057963646171,0.0011066223544821,,,,,,,,300000000,,CURATED,15,6.4338123202e-08,397962.0,0.005765,11.565334968566894,base,0.1,constant,0,0.989,0.8895,1,CURATEDF_seed1_L_base_15
CURATEDF,0.5,0,1,0.0003,11025024,132815102,995401,11944812,9.09862169820994,,156115.98217773438,1873391.7861328125,1781439.5102973678,0.0,2.190084934234619,932.78928565979,51a86202db31,40f8c3a0fb17,9.180712544289232,12.421948422648072,0.157081417438801,1,L,31524864,34350080,0.0594258483123927,0.0545382073675756,,,,,,,,300000000,,CURATED,15,6.4338123202e-08,397962.0,0.27781,8.993347238302231,base,0.1,constant,0,0.0005,0.0,1,CURATEDF_seed1_L_base_15
CURATEDF,0.5,0,1,0.0003,24903168,300000660,997988,11975856,8.045557794334739,,251337.3505859375,3016048.20703125,2476081.7184271864,0.0,2.1691598892211914,2070.593869447708,51a86202db31,40f8c3a0fb17,8.120165971200615,12.27532402674357,0.2520882014613402,1,L,31524864,34350080,0.0956720449937944,0.0878032367619304,,,,,,,,300000000,,CURATED,15,6.4338123202e-08,397962.0,0.429,8.062461784183979,base,0.1,constant,0,0.001,0.0015,1,CURATEDF_seed1_L_base_15
CURATEDF,0.5,0,2,0.0003,83072,1000576,29081,348972,8.433225033192635,,1117.900146484375,13414.8017578125,26913.323528857207,0.00025,2.1007063388824463,8.983015537261963,51a86202db31,afb8bb51c8f0,8.526886445569843,12.670289799809456,0.0386850520958701,1,L,31524864,34350080,0.0004255308367963,0.0003905318927295,,,,,,,,300000000,,CURATED,15,6.4338123202e-08,397962.0,0.28393,3.8459255718588823,base,0.1,constant,0,0.0005,0.0015,1,CURATEDF_seed2_L_base_15
CURATEDF,0.5,0,2,0.0003,187648,2259826,49456,593472,4.97307204661716,,5297.92578125,63575.109375,96203.31040344504,0.0003,1.724886417388916,21.13308811187744,51a86202db31,afb8bb51c8f0,5.031332494010711,12.702632740354538,0.107368165642187,1,L,31524864,34350080,0.0020166656190808,0.0018507994559255,,,,,,,,300000000,,CURATED,15,6.4338123202e-08,397962.0,0.585685,0.089247824456077,base,0.1,constant,0,0.0,0.0,1,CURATEDF_seed2_L_base_15
CURATEDF,0.5,0,2,0.0003,423680,5103316,171347,2056164,11.834271754713058,,37.167236328125,446.0068359375,8868.749723205281,0.0003,2.42705512046814,44.32504439353943,51a86202db31,afb8bb51c8f0,11.879857923579216,12.119988449382785,0.0004610527175847,1,L,31524864,34350080,1.4147779858384162e-05,1.2984157123869872e-05,,,,,,,,300000000,,CURATED,15,6.4338123202e-08,397962.0,0.00383,11.646579171180726,base,0.1,constant,0,0.0005,0.0,1,CURATEDF_seed2_L_base_15
CURATEDF,0.5,0,2,0.0003,956800,11525059,488067,5856804,11.967510647788048,,72.843017578125,874.1162109375,7868.302510814523,0.00035,2.3901188373565674,95.50567412376404,51a86202db31,afb8bb51c8f0,12.02249904038906,12.033132678842543,0.000393388612629,1,L,31524864,34350080,2.772783447812812e-05,2.544728311950074e-05,,,,,,,,300000000,,CURATED,15,6.4338123202e-08,397962.0,0.000345,11.93419634914398,base,0.1,constant,0,0.001,0.0005,1,CURATEDF_seed2_L_base_15
CURATEDF,0.5,0,2,0.0003,2160896,26032521,795006,9540072,11.888199967594147,,354.90673828125,4258.880859375,36342.123386366846,0.00035,2.385626077651977,205.7543065547943,51a86202db31,afb8bb51c8f0,12.010075429725648,12.041188199710843,0.000690560825956,1,L,31524864,34350080,0.0001350959312425,0.0001239845979798,,,,,,,,300000000,,CURATED,15,6.4338123202e-08,397962.0,0.002095,11.851458449363708,base,0.1,constant,0,0.0,0.0,1,CURATEDF_seed2_L_base_15
CURATEDF,0.5,0,2,0.0003,4881024,58800778,951281,11415372,11.288460459371208,,8213.753662109375,98565.0439453125,419720.87847068027,0.00015,2.3917460441589355,445.1942937374115,51a86202db31,afb8bb51c8f0,11.401108447695671,12.403862870383264,0.0088785542862729,1,L,31524864,34350080,0.0031265810994557,0.0028694269109507,,,,,,,,300000000,,CURATED,15,6.4338123202e-08,397962.0,0.01885,11.246078023433686,base,0.1,constant,0,0.9985,0.984,1,CURATEDF_seed2_L_base_15
CURATEDF,0.5,0,2,0.0003,11024384,132815010,995340,11944080,8.932630850725323,,168054.9970703125,2016659.96484375,1888251.129767138,0.0,2.190516471862793,976.1578781604768,51a86202db31,afb8bb51c8f0,9.014620729898214,12.413256848844371,0.1690859404826491,1,L,31524864,34350080,0.0639704572506244,0.0587090325508339,,,,,,,,300000000,,CURATED,15,6.4338123202e-08,397962.0,0.299165,8.860181032180787,base,0.1,constant,0,0.0,0.0005,1,CURATEDF_seed2_L_base_15
CURATEDF,0.5,0,2,0.0003,24901760,300001013,997993,11975916,8.12541739758961,,242364.3493652344,2908372.1923828125,2364288.060391437,0.0,2.192982912063598,2161.38605260849,51a86202db31,afb8bb51c8f0,8.199569236676469,12.273668697902137,0.2430958934581705,1,L,31524864,34350080,0.0922564548536295,0.0846685711469321,,,,,,,,300000000,,CURATED,15,6.4338123202e-08,397962.0,0.41936,8.087249416351318,base,0.1,constant,0,0.0005,0.0,1,CURATEDF_seed2_L_base_15
CURATEDF,0.5,0,3,0.0003,83072,1000430,29062,348744,8.6149235569264,,999.90478515625,11998.857421875,25147.286802958108,0.00025,2.1870949268341064,8.003320932388306,51a86202db31,7d09c3c2c0e0,8.704184596223087,12.720858024549484,0.03465005849563,1,L,31524864,34350080,0.0003806156759907,0.000349310901805,,,,,,,,300000000,,CURATED,30,2.6046921207e-07,156849.0,0.26956,4.135460834503174,base,0.1,constant,0,0.0,0.0,1,CURATEDF_seed3_L_base
CURATEDF,0.5,0,3,0.0003,187520,2258949,49356,592272,5.0412739368878565,,5059.9501953125,60719.40234375,92779.66224685192,0.00025,1.7960423231124878,18.19571042060852,51a86202db31,7d09c3c2c0e0,5.09602963911376,12.686145735681055,0.1027635951049517,1,L,31524864,34350080,0.0019260797554511,0.0017676640736717,,,,,,,,300000000,,CURATED,30,2.6046921207e-07,156849.0,0.577585,0.1016493553994223,base,0.1,constant,0,0.0,0.001,1,CURATEDF_seed3_L_base
CURATEDF,0.5,0,3,0.0003,423680,5103645,159025,1908300,11.018921569948196,,818.175537109375,9818.1064453125,34737.04148988724,0.0003,2.3656458854675293,39.786924839019775,51a86202db31,7d09c3c2c0e0,11.06366015427351,12.217234936666488,0.0053890897657601,1,L,31524864,34350080,0.0003114400888553,0.0002858248494708,,,,,,,,300000000,,CURATED,30,2.6046921207e-07,156849.0,0.0977,10.251070952892304,base,0.1,constant,0,0.0,0.0005,1,CURATEDF_seed3_L_base
CURATEDF,0.5,0,3,0.0003,956672,11525473,407600,4891200,11.108974003145695,,1194.48828125,14333.859375,92900.9317614746,0.00025,2.3671867847442627,87.67828631401062,51a86202db31,7d09c3c2c0e0,11.169104477944376,12.203449943351746,0.0031746810598626,1,L,31524864,34350080,0.0004546842573214,0.0004172875106841,,,,,,,,300000000,,CURATED,30,2.6046921207e-07,156849.0,0.036925,10.5577242102623,base,0.1,constant,0,0.0,0.0005,1,CURATEDF_seed3_L_base
CURATEDF,0.5,0,3,0.0003,2161024,26032537,650413,7804956,9.441263592573106,,34060.207763671875,408722.4931640625,595732.4299189058,0.00035,2.334182977676392,189.8974297046661,51a86202db31,7d09c3c2c0e0,9.534978616667988,12.426400923776626,0.0526111870457693,1,L,31524864,34350080,0.0129650834707506,0.0118987348257722,,,,,,,,300000000,,CURATED,30,2.6046921207e-07,156849.0,0.21726,8.939766858696938,base,0.1,constant,0,0.0,0.0,1,CURATEDF_seed3_L_base
CURATEDF,0.5,0,3,0.0003,4881024,58800005,844171,10130052,5.447484658616874,,177687.90356445312,2132254.842773437,2107824.6118696323,5e-05,2.116701364517212,415.351277589798,51a86202db31,7d09c3c2c0e0,5.5487419046187405,12.71943501648903,0.2107321857775261,1,L,31524864,34350080,0.0676372415999459,0.0620742322222666,,,,,,,,300000000,,CURATED,30,2.6046921207e-07,156849.0,0.649465,5.134482790779322,base,0.1,constant,0,0.987,0.988,1,CURATEDF_seed3_L_base
CURATEDF,0.5,0,3,0.0003,11024896,132816016,967239,11606868,2.259498358639612,,301126.8576660156,3613522.291992188,3568200.578004422,0.00015,1.900152444839477,917.3386845588684,51a86202db31,7d09c3c2c0e0,2.318082753365009,12.995804605722428,0.3115703564475791,1,L,31524864,34350080,0.1146245164449301,0.1051969105164292,,,,,,,,300000000,,CURATED,30,2.6046921207e-07,156849.0,0.914895,1.9494801874905825,base,0.1,constant,0,0.0015,0.0015,1,CURATEDF_seed3_L_base
CURATEDF,0.5,0,3,0.0003,24903296,300000701,996641,11959692,1.0007142754383478,,353572.6794433594,4242872.1533203125,4358414.239643736,0.0,1.851915955543518,2033.12676525116,51a86202db31,7d09c3c2c0e0,1.0304007000172768,12.981084146071568,0.3550084734623601,1,L,31524864,34350080,0.1345881191849174,0.1235185523096398,,,,,,,,300000000,,CURATED,30,2.6046921207e-07,156849.0,0.963875,0.7307228009169922,base,0.1,constant,0,0.001,0.001,1,CURATEDF_seed3_L_base
CURATEDF,0.5,0,4,0.0003,83072,1000779,28979,347748,8.23641412991941,,1201.925048828125,14423.1005859375,28647.831618729186,0.00025,2.0725605487823486,9.034017562866213,51a86202db31,2499d58d2207,8.326529112796038,12.674055260682106,0.0417198661099416,1,L,31524864,34350080,0.0004575150771764,0.0004198855020406,,,,,,,,300000000,,CURATED,30,2.6046921207e-07,156849.0,0.30251,3.331628097116947,base,0.1,constant,0,0.0,0.0,1,CURATEDF_seed4_L_base
CURATEDF,0.5,0,4,0.0003,187520,2259126,49225,590700,4.962169227946119,,5236.982177734375,62843.7861328125,96185.61600904111,0.0002,1.700063943862915,20.305846691131592,51a86202db31,2499d58d2207,5.014433502661828,12.742213315439225,0.1066328085322498,1,L,31524864,34350080,0.0019934673194089,0.0018295091636704,,,,,,,,300000000,,CURATED,30,2.6046921207e-07,156849.0,0.583915,0.0837051776456646,base,0.1,constant,0,0.0,0.0,1,CURATEDF_seed4_L_base
CURATEDF,0.5,0,4,0.0003,423552,5102755,158989,1907868,10.81473616105914,,1303.184326171875,15638.2119140625,37498.01733842168,0.00025,2.434335708618164,42.963457107543945,51a86202db31,2499d58d2207,10.853627186591623,12.188075573062896,0.008440835529502,1,L,31524864,34350080,0.0004960596154851,0.0004552598396877,,,,,,,,300000000,,CURATED,30,2.6046921207e-07,156849.0,0.167215,9.922458303451538,base,0.1,constant,0,0.0005,0.0005,1,CURATEDF_seed4_L_base
CURATEDF,0.5,0,4,0.0003,956672,11525560,408423,4901076,10.991072873404026,,1654.287353515625,19851.4482421875,106769.34320305112,0.0002,2.3899617195129395,92.43796253204346,51a86202db31,2499d58d2207,11.083625881526473,12.207706855773926,0.0042945671521927,1,L,31524864,34350080,0.0006297076568573,0.0005779156334479,,,,,,,,300000000,,CURATED,30,2.6046921207e-07,156849.0,0.05303,10.45166017627716,base,0.1,constant,0,0.0,0.001,1,CURATEDF_seed4_L_base
CURATEDF,0.5,0,4,0.0003,2161024,26031875,650568,7806816,9.112716956368386,,41657.169921875,499886.0390625,682828.3445430339,0.00025,2.2692904472351074,199.5660798549652,51a86202db31,2499d58d2207,9.235876354175508,12.455094681811334,0.0642761402343798,1,L,31524864,34350080,0.0158568817001875,0.0145526892240862,,,,,,,,300000000,,CURATED,30,2.6046921207e-07,156849.0,0.252285,8.558434667825699,base,0.1,constant,0,0.0,0.0,1,CURATEDF_seed4_L_base
CURATEDF,0.5,0,4,0.0003,4881536,58800588,844658,10135896,5.36441841830872,,180744.78466796875,2168937.416015625,2134279.0255354485,0.00015,2.1048169136047363,435.5873191356659,51a86202db31,2499d58d2207,5.4545601437424684,12.738872043776512,0.2142299013328471,1,L,31524864,34350080,0.0688008492603052,0.0631421357975185,,,,,,,,300000000,,CURATED,30,2.6046921207e-07,156849.0,0.656445,5.037519908580929,base,0.1,constant,0,0.994,0.9905,1,CURATEDF_seed4_L_base
CURATEDF,0.5,0,4,0.0003,11025408,132815653,967234,11606808,2.279651774486131,,299451.85888671875,3593422.306640625,3554138.8297440205,0.00015,1.9384745359420776,961.9967300891876,51a86202db31,2499d58d2207,2.344182220070618,12.99558981742859,0.3098402248059931,1,L,31524864,34350080,0.1139869249440893,0.104611759467245,,,,,,,,300000000,,CURATED,30,2.6046921207e-07,156849.0,0.91149,2.002781991278753,base,0.1,constant,0,0.005,0.0035,1,CURATEDF_seed4_L_base
CURATEDF,0.5,0,4,0.0003,24903040,300000974,996588,11959056,1.1734773107935186,,346659.6923828125,4159916.30859375,4233889.8371302765,0.0,1.863434672355652,2130.91563987732,51a86202db31,2499d58d2207,1.2003717078936262,12.956935650903848,0.3480906854186484,1,L,31524864,34350080,0.1319566773894329,0.121103540620393,,,,,,,,300000000,,CURATED,30,2.6046921207e-07,156849.0,0.962395,0.8669492540201172,base,0.1,constant,0,0.001,0.0005,1,CURATEDF_seed4_L_base
CURATEDF,0.5,0,5,0.0003,83072,1001318,29087,349044,8.46453469257407,,1090.898681640625,13090.7841796875,26436.322352218915,5e-05,2.0958588123321533,8.906042337417603,51a86202db31,83dfcee2a238,8.552842574379891,12.713964619159698,0.0377488224980231,1,L,31524864,34350080,0.0004152526773688,0.0003810990885519,,,,,,,,300000000,,CURATED,30,2.6046921207e-07,156849.0,0.284695,3.757648749411106,base,0.1,constant,0,0.0,0.0,1,CURATEDF_seed5_L_base
CURATEDF,0.5,0,5,0.0003,187520,2259386,49404,592848,5.00204283197968,,5065.9384765625,60791.26171875,94664.9173760767,0.00025,1.7799299955368042,20.874246835708615,51a86202db31,83dfcee2a238,5.057723262038404,12.693604024589062,0.1027851995789814,1,L,31524864,34350080,0.0019283592062046,0.0017697560447821,,,,,,,,300000000,,CURATED,30,2.6046921207e-07,156849.0,0.578155,0.093929922430776,base,0.1,constant,0,0.0,0.0,1,CURATEDF_seed5_L_base
CURATEDF,0.5,0,5,0.0003,423552,5102320,159301,1911612,10.937952418851852,,924.108154296875,11089.2978515625,37815.63326426983,5e-05,2.400898694992065,46.44032382965088,51a86202db31,83dfcee2a238,10.99724610909462,12.2044098133564,0.0060451597918406,1,L,31524864,34350080,0.000351763542947,0.0003228317911213,,,,,,,,300000000,,CURATED,30,2.6046921207e-07,156849.0,0.107295,10.137072618484495,base,0.1,constant,0,0.0,0.0,1,CURATEDF_seed5_L_base
CURATEDF,0.5,0,5,0.0003,956928,11525013,408763,4905156,11.03582984859705,,1474.204345703125,17690.4521484375,103334.7306279528,0.0005,2.4092304706573486,103.32656526565552,51a86202db31,83dfcee2a238,11.097611125938892,12.21304319396019,0.0038506420590904,1,L,31524864,34350080,0.0005611587142275,0.0005150046855331,,,,,,,,300000000,,CURATED,30,2.6046921207e-07,156849.0,0.045625,10.494866748332978,base,0.1,constant,0,0.0,0.0,1,CURATEDF_seed5_L_base
CURATEDF,0.5,0,5,0.0003,2161152,26032060,650762,7809144,9.314437379715445,,37173.12255859375,446077.470703125,641121.6150036169,0.0001,2.31866717338562,224.637686252594,51a86202db31,83dfcee2a238,9.433849362042844,12.441141655302047,0.0573665948534179,1,L,31524864,34350080,0.0141500204633119,0.0129862134441353,,,,,,,,300000000,,CURATED,30,2.6046921207e-07,156849.0,0.23249,8.779922705411911,base,0.1,constant,0,0.0005,0.0005,1,CURATEDF_seed5_L_base
CURATEDF,0.5,0,5,0.0003,4881152,58800020,844881,10138572,5.3709307289335415,,179546.73022460938,2154560.7626953125,2126907.6809533644,0.00045,2.144641876220703,470.9535048007965,51a86202db31,83dfcee2a238,5.464531963602924,12.714052402424812,0.2127554057908746,1,L,31524864,34350080,0.0683448075365309,0.0627236024689116,,,,,,,,300000000,,CURATED,30,2.6046921207e-07,156849.0,0.654655,5.0370200657472015,base,0.1,constant,0,0.9915,0.988,1,CURATEDF_seed5_L_base
CURATEDF,0.5,0,5,0.0003,11025024,132815941,967418,11609016,2.177374195113671,,304767.8139648437,3657213.767578125,3593881.631690033,0.0002,1.9678239822387693,1010.2196600437164,51a86202db31,83dfcee2a238,2.230693967541792,12.984550325369836,0.3152763334980329,1,L,31524864,34350080,0.1160104534496366,0.1064688573528249,,,,,,,,300000000,,CURATED,30,2.6046921207e-07,156849.0,0.91637,1.8114436128288507,base,0.1,constant,0,0.004,0.002,1,CURATEDF_seed5_L_base
CURATEDF,0.5,0,5,0.0003,24903040,300000368,996546,11958552,1.0145400521358705,,347751.70263671875,4173020.431640625,4346134.484326918,0.0,1.8981484174728396,2187.1590399742126,51a86202db31,83dfcee2a238,1.043844812678601,13.073230586648808,0.3492011407401164,1,L,31524864,34350080,0.1323723531889186,0.1214850280302294,,,,,,,,300000000,,CURATED,30,2.6046921207e-07,156849.0,0.96206,0.6845866893902421,base,0.1,constant,0,0.001,0.0,1,CURATEDF_seed5_L_base
CURATEDF,0.5,0,1,0.0003,83072,1001257,29307,351684,8.504069926141874,,1084.844970703125,13018.1396484375,26387.968861746525,0.0005,2.205995321273804,7.995917797088623,51a86202db31,1bf1b9266f73,8.587798038456887,12.665883305811882,0.0372607226942368,1,L,31524864,34350080,0.0004129483206791,0.000378984259962,,,,,,,,300000000,,CURATED,8,1e-15,998000.0,0.28171,3.923321390271187,base,0.1,constant,0,0.0005,0.001,1,CURATEDF_seed1_L_base_8
CURATEDF,0.5,0,1,0.0003,187520,2259419,49553,594636,5.006291673408146,,5083.902099609375,61006.8251953125,94742.38310333004,0.0003,1.8049899339675903,18.02552628517151,51a86202db31,1bf1b9266f73,5.063695851225743,12.707582492268086,0.1028393840937985,1,L,31524864,34350080,0.0019351970938022,0.0017760315316678,,,,,,,,300000000,,CURATED,8,1e-15,998000.0,0.57995,0.0959124302417039,base,0.1,constant,0,0.0005,0.0005,1,CURATEDF_seed1_L_base_8
CURATEDF,0.5,0,1,0.0003,423552,5102709,175057,2100684,11.945617880373002,,33.261474609375,399.1376953125,5858.08246227069,0.00035,2.4583120346069336,39.54511404037476,51a86202db31,1bf1b9266f73,11.982954317207335,12.112592628383636,0.0004341443072827,1,L,31524864,34350080,1.2661044162236511e-05,1.1619702059281958e-05,,,,,,,,300000000,,CURATED,8,1e-15,998000.0,0.001935,11.83888933467865,base,0.1,constant,0,0.0005,0.0,1,CURATEDF_seed1_L_base_8
CURATEDF,0.5,0,1,0.0003,956800,11525385,515958,6191496,12.012889022641184,,23.03369140625,276.404296875,3433.4150103909487,0.00035,2.404700994491577,87.34004950523376,51a86202db31,1bf1b9266f73,12.070333597006798,12.019003944683076,0.0002887831955314,1,L,31524864,34350080,8.767818851653095e-06,8.046685680935823e-06,,,,,,,,300000000,,CURATED,8,1e-15,998000.0,0.000115,12.008770929336547,base,0.1,constant,0,0.0005,0.0,1,CURATEDF_seed1_L_base_8
CURATEDF,0.5,0,1,0.0003,2160896,26031791,853850,10246200,12.000120854177474,,42.54052734375,510.486328125,3069.994335880277,0.00035,2.402650117874145,191.1355299949646,51a86202db31,1bf1b9266f73,12.110417445645332,12.007102978563308,0.0002939626398079,1,L,31524864,34350080,1.6193133398608795e-05,1.4861284984634678e-05,,,,,,,,300000000,,CURATED,8,1e-15,998000.0,0.00028,11.998411960601809,base,0.1,constant,0,0.001,0.0,1,CURATEDF_seed1_L_base_8
CURATEDF,0.5,0,1,0.0003,4881024,58800178,986449,11837388,12.003770827064514,,96.167724609375,1154.0126953125,14420.59397963778,0.0001731451822353,2.3802502155303955,417.15069341659546,51a86202db31,1bf1b9266f73,12.04669463923931,12.037995967893062,0.0003416294202741,1,L,31524864,34350080,3.6606428986101255e-05,3.3595633410824665e-05,,,,,,,,300000000,,CURATED,8,1e-15,998000.0,0.000125,12.013370985031129,base,0.1,constant,0,0.0095,0.0005,1,CURATEDF_seed1_L_base_8
CURATEDF,0.5,0,1,0.0003,11025024,132815102,997981,11975772,11.642143486566544,,3008.352294921875,36100.2275390625,444036.2135465521,0.0,2.329702138900757,939.7770528793336,51a86202db31,1bf1b9266f73,11.741009588956834,12.478032112121582,0.0032585790711446,1,L,31524864,34350080,0.0011451350762072,0.0010509503191568,,,,,,,,300000000,,CURATED,8,1e-15,998000.0,0.003775,11.619502137184144,base,0.1,constant,0,0.001,0.0005,1,CURATEDF_seed1_L_base_8
CURATEDF,0.5,0,1,0.0003,24903168,300000660,998000,11976000,10.317964992569683,,112101.34765625,1345216.171875,,,2.2643022537231445,2143.337253332138,51a86202db31,1bf1b9266f73,10.387703402169944,,0.1125701402805611,1,L,31524864,34350080,0.0426715931867303,0.0391619516424707,,,,,,,,300000000,,CURATED,8,1e-15,998000.0,0.106135,10.355461544036864,base,0.1,constant,0,0.0,0.0,1,CURATEDF_seed1_L_base_8
CURATEDF,0.5,0,2,0.0003,83072,1000576,29081,348972,8.433225033192635,,1117.900146484375,13414.8017578125,26913.323528857207,0.00025,2.1007063388824463,8.017884016036987,51a86202db31,013c15cf16ac,8.526886445569843,12.670289799809456,0.0386850520958701,1,L,31524864,34350080,0.0004255308367963,0.0003905318927295,,,,,,,,300000000,,CURATED,8,1e-15,998000.0,0.28393,3.8459255718588823,base,0.1,constant,0,0.0005,0.0015,1,CURATEDF_seed2_L_base_8
CURATEDF,0.5,0,2,0.0003,187648,2259826,49456,593472,4.97307204661716,,5297.92578125,63575.109375,96203.31040344504,0.0003,1.724886417388916,18.19792938232422,51a86202db31,013c15cf16ac,5.031332494010711,12.702632740354538,0.107368165642187,1,L,31524864,34350080,0.0020166656190808,0.0018507994559255,,,,,,,,300000000,,CURATED,8,1e-15,998000.0,0.585685,0.089247824456077,base,0.1,constant,0,0.0,0.0,1,CURATEDF_seed2_L_base_8
CURATEDF,0.5,0,2,0.0003,423680,5103316,175204,2102448,11.912975968775749,,50.2255859375,602.70703125,6736.892659732246,0.0002,2.432431936264038,40.14040994644165,51a86202db31,013c15cf16ac,11.957651815133095,12.121436984872815,0.000530809798863,1,L,31524864,34350080,1.911846570535562e-05,1.7546015358625075e-05,,,,,,,,300000000,,CURATED,8,1e-15,998000.0,0.002135,11.76279921913147,base,0.1,constant,0,0.0,0.0,1,CURATEDF_seed2_L_base_8
CURATEDF,0.5,0,2,0.0003,956800,11525059,516289,6195468,12.021200702590942,,25.952880859375,311.4345703125,4609.384006014872,0.0001,2.3840036392211914,88.39868307113647,51a86202db31,013c15cf16ac,12.073333279681206,12.030866954565049,0.0002944087516875,1,L,31524864,34350080,9.8790139209641e-06,9.066487481615764e-06,,,,,,,,300000000,,CURATED,8,1e-15,998000.0,0.00017,12.016052988052367,base,0.1,constant,0,0.0005,0.0005,1,CURATEDF_seed2_L_base_8
CURATEDF,0.5,0,2,0.0003,2160896,26032521,854134,10249608,11.994567288413048,,58.47119140625,701.654296875,5574.057053067205,0.0001,2.3874757289886475,194.07546663284305,51a86202db31,013c15cf16ac,12.110628489155769,12.008127545833588,0.000312597320795,1,L,31524864,34350080,2.2257171256155145e-05,2.04265695123563e-05,,,,,,,,300000000,,CURATED,8,1e-15,998000.0,0.000585,11.99336698627472,base,0.1,constant,0,0.0005,0.0,1,CURATEDF_seed2_L_base_8
CURATEDF,0.5,0,2,0.0003,4881024,58800778,986566,11838792,11.921375030674934,,681.13916015625,8173.669921875,79880.56166237919,0.0002623753716984,2.4045298099517822,422.8150098323822,51a86202db31,013c15cf16ac,12.053552901678083,12.073947621159189,0.0009345548093082,1,L,31524864,34350080,0.0002592769288988,0.0002379519908505,,,,,,,,300000000,,CURATED,8,1e-15,998000.0,0.00127,11.914820885658264,base,0.1,constant,0,0.671,0.442,1,CURATEDF_seed2_L_base_8
CURATEDF,0.5,0,2,0.0003,11024384,132815010,997975,11975700,10.573983176270724,,38857.353759765625,466288.2451171875,1275038.262310505,0.0,2.256933689117432,928.7479846477509,51a86202db31,013c15cf16ac,10.64249403073907,12.503575553894043,0.0391803401888824,1,L,31524864,34350080,0.0147911263032629,0.0135745897860263,,,,,,,,300000000,,CURATED,8,1e-15,998000.0,0.04273,10.524622063159942,base,0.1,constant,0,0.0005,0.0005,1,CURATEDF_seed2_L_base_8
CURATEDF,0.5,0,2,0.0003,24901760,300001013,998000,11976000,10.367021191568377,,46561.34765625,558736.171875,,,2.277028799057007,2057.3250679969788,51a86202db31,013c15cf16ac,10.43951786712408,,0.0468987975951903,1,L,31524864,34350080,0.0177236663693457,0.016265935097531,,,,,,,,300000000,,CURATED,8,1e-15,998000.0,0.0462,10.38521229505539,base,0.1,constant,0,0.001,0.0005,1,CURATEDF_seed2_L_base_8
FLAT,0.5,16,1,0.0003,35712,1002054,16521,198252,11.765510512108802,,6.966552734375,83.5986328125,2170.777885485363,0.0001,5.09433126449585,4.524777412414551,51a86202db31,e7e3f6af8e46,11.790550092453955,12.468902013874054,0.0006658192603353,1,L,31524864,34358272,2.651831672057332e-06,2.433144274907073e-06,,,,,,,,300000000,,FLAT,15,6.4338123202e-08,397962.0,0.001805,11.031316275596618,base,0.1,constant,0,0.0005,0.0,1,FLAT_seed1_L_base_15
FLAT,0.5,16,1,0.0003,80640,2262035,28614,343368,10.28655112557292,,160.01416015625,1920.169921875,12569.01176518774,0.00025,5.029276371002197,9.805290460586548,51a86202db31,e7e3f6af8e46,10.390393959431648,12.68052596373558,0.0058363039071783,1,L,31524864,34358272,6.09096972432617e-05,5.588668492626754e-05,,,,,,,,300000000,,FLAT,15,6.4338123202e-08,397962.0,0.05708,7.688781292915344,base,0.1,constant,0,0.0005,0.0005,1,FLAT_seed1_L_base_15
FLAT,0.5,16,1,0.0003,182016,5105143,48475,581700,6.1266065679664585,,2921.165283203125,35053.9833984375,59305.156135394274,0.0002,4.868881702423096,20.078754425048828,51a86202db31,e7e3f6af8e46,6.229738882163503,12.659196988832951,0.0605054151624548,1,L,31524864,34358272,0.0011119471728232,0.0010202487307405,,,,,,,,300000000,,FLAT,15,6.4338123202e-08,397962.0,0.479915,0.4404345680251718,base,0.1,constant,0,0.0,0.0,1,FLAT_seed1_L_base_15
FLAT,0.5,16,1,0.0003,410880,11524536,160835,1930020,11.896808477010726,,35.733642578125,428.8037109375,5243.04019387245,0.00015,5.100006103515625,41.58583903312683,51a86202db31,e7e3f6af8e46,11.945490348529816,12.10093006658554,0.0004663164112288,1,L,31524864,34358272,1.3602079645371347e-05,1.248036312587257e-05,,,,,,,,300000000,,FLAT,15,6.4338123202e-08,397962.0,0.00208,11.744144782066344,base,0.1,constant,0,0.0005,0.0005,1,FLAT_seed1_L_base_15
FLAT,0.5,16,1,0.0003,928128,26032025,474810,5697720,12.084078287463187,,17.07958984375,204.955078125,3156.5153608088585,0.00015,5.072371006011963,90.54743719100952,51a86202db31,e7e3f6af8e46,12.206112230648994,12.080117808628083,0.0002801120448179,1,L,31524864,34358272,6.5013786617763045e-06,5.965232422777257e-06,,,,,,,,300000000,,FLAT,15,6.4338123202e-08,397962.0,0.00043,12.095495875358582,base,0.1,constant,0,0.0005,0.0005,1,FLAT_seed1_L_base_15
FLAT,0.5,16,1,0.0003,2096512,58801209,785438,9425256,12.013765282969477,,0.24267578125,2.912109375,4530.535774511824,0.00025,5.086964130401611,195.19880938529968,51a86202db31,e7e3f6af8e46,12.158949977078436,12.043311827993392,0.0002444495937298,1,L,31524864,34358272,9.237500199842257e-08,8.475715469625482e-08,,,,,,,,300000000,,FLAT,15,6.4338123202e-08,397962.0,0.0003,12.005049178123476,base,0.1,constant,0,0.001,0.0,1,FLAT_seed1_L_base_15
FLAT,0.5,16,1,0.0003,4735616,132815933,947394,11368728,11.977531538977622,,374.70263671875,4496.431640625,47564.91791901874,5e-05,5.071913242340088,421.0160167217255,51a86202db31,e7e3f6af8e46,12.176190927319526,12.09650620212555,0.0006396493961329,1,L,31524864,34358272,0.000142631277985,0.0001308689692143,,,,,,,,300000000,,FLAT,15,6.4338123202e-08,397962.0,0.00134,11.99082247066498,base,0.1,constant,0,0.569,0.991,1,FLAT_seed1_L_base_15
FLAT,0.5,16,1,0.0003,10696320,300001987,994814,11937768,8.750008934604507,,141780.12548828125,1701361.505859375,2022101.7616867349,0.0003138731952291,5.025282859802246,952.7694149017334,51a86202db31,e7e3f6af8e46,8.967093151238524,12.76102945973719,0.1427633708411823,1,L,31524864,34358272,0.0539688769429544,0.0495182500988226,,,,,,,,300000000,,FLAT,15,6.4338123202e-08,397962.0,0.252965,8.658475902736187,base,0.1,constant,0,0.0005,0.001,1,FLAT_seed1_L_base_15
FLAT,0.5,16,2,0.0003,35712,1002175,16504,198048,11.67497516309738,,14.970703125,179.6484375,2801.487647470093,0.00025,5.058965682983398,4.438034296035767,51a86202db31,ae534200e575,11.709591183845998,12.516041895723342,0.0011512360639844,1,L,31524864,34358272,5.69862688384635e-06,5.228680810839381e-06,,,,,,,,300000000,,FLAT,15,6.4338123202e-08,397962.0,0.004525,10.756911930084229,base,0.1,constant,0,0.001,0.0005,1,FLAT_seed2_L_base_15
FLAT,0.5,16,2,0.0003,80640,2261705,28300,339600,10.234931971321108,,162.0908203125,1945.08984375,12952.281332173348,0.00015,5.024225234985352,9.6458899974823,51a86202db31,ae534200e575,10.336577425701618,12.697627771282196,0.0059717314487632,1,L,31524864,34358272,6.170018191831057e-05,5.661198106092181e-05,,,,,,,,300000000,,FLAT,15,6.4338123202e-08,397962.0,0.05885,7.578738962888718,base,0.1,constant,0,0.002,0.0,1,FLAT_seed2_L_base_15
FLAT,0.5,16,2,0.0003,182016,5104542,48143,577716,5.978783742297664,,3204.246337890625,38450.9560546875,62403.883732415925,0.0001,4.8842363357543945,19.59061861038208,51a86202db31,ae534200e575,6.078686578020444,12.626995718216897,0.0668009887211017,1,L,31524864,34358272,0.0012197025197218,0.0011191178664249,,,,,,,,300000000,,FLAT,15,6.4338123202e-08,397962.0,0.49673,0.3294576357100159,base,0.1,constant,0,0.001,0.0005,1,FLAT_seed2_L_base_15
FLAT,0.5,16,2,0.0003,411008,11527477,160742,1928904,11.858920654187202,,52.75634765625,633.076171875,6026.109140853689,0.00025,5.071380138397217,40.67361235618591,51a86202db31,ae534200e575,11.909991459803582,12.104545383691788,0.0005723457466001,1,L,31524864,34358272,2.00818050119106e-05,1.8425727925868915e-05,,,,,,,,300000000,,FLAT,15,6.4338123202e-08,397962.0,0.004925,11.683292223930358,base,0.1,constant,0,0.0,0.0,1,FLAT_seed2_L_base_15
FLAT,0.5,16,2,0.0003,928256,26034033,474880,5698560,12.061608500776291,,10.0625,120.75,3259.2911262054404,0.00035,5.094724655151367,87.28736186027527,51a86202db31,ae534200e575,12.205642614364624,12.085828047418596,0.0002653301886792,1,L,31524864,34358272,3.8303099420191e-06,3.514437513039073e-06,,,,,,,,300000000,,FLAT,15,6.4338123202e-08,397962.0,0.000305,12.04861584186554,base,0.1,constant,0,0.0,0.0,1,FLAT_seed2_L_base_15
FLAT,0.5,16,2,0.0003,2096512,58800742,785093,9421116,12.00371789229393,,30.326904296875,363.9228515625,2629.559305007744,0.00025,5.105495929718018,189.021586894989,51a86202db31,ae534200e575,12.160023393945696,12.022293972206116,0.0002827690477433,1,L,31524864,34358272,1.154399433927772e-05,1.0592001005245549e-05,,,,,,,,300000000,,FLAT,15,6.4338123202e-08,397962.0,9e-05,11.994262176513672,base,0.1,constant,0,0.0005,0.0,1,FLAT_seed2_L_base_15
FLAT,0.5,16,2,0.0003,4735360,132815534,947472,11369664,11.96284889474392,,185.68359375,2228.203125,23610.585297789003,0.0003,5.093081951141357,412.1404886245728,51a86202db31,ae534200e575,12.277257705044748,12.029617417860033,0.0004401185470388,1,L,31524864,34358272,7.068081641843086e-05,6.485201365772993e-05,,,,,,,,300000000,,FLAT,15,6.4338123202e-08,397962.0,0.000765,11.968532002449036,base,0.1,constant,0,0.228,0.857,1,FLAT_seed2_L_base_15
FLAT,0.5,16,2,0.0003,10696192,300002541,994930,11939160,10.964629175388811,,13884.09716796875,166609.166015625,611061.3134344199,0.0006514657980456,5.067487716674805,898.4306330680847,51a86202db31,ae534200e575,11.210444944162369,12.433000809051316,0.014198988873589,1,L,31524864,34358272,0.0052850082403408,0.0048491718680038,,,,,,,,300000000,,FLAT,15,6.4338123202e-08,397962.0,0.027895,10.973840898513794,base,0.1,constant,0,0.0,0.0,1,FLAT_seed2_L_base_15
FLAT,0.5,16,1,0.0003,35712,1002054,16521,198252,11.765510512108802,,6.966552734375,83.5986328125,2170.777885485363,0.0001,5.09433126449585,4.475806951522827,51a86202db31,917f94c77a0d,11.790550092453955,12.468902013874054,0.0006658192603353,1,L,31524864,34358272,2.651831672057332e-06,2.433144274907073e-06,,,,,,,,300000000,,FLAT,30,2.6046921207e-07,156849.0,0.001805,11.031316275596618,base,0.1,constant,0,0.0005,0.0,1,FLAT_seed1_L_base
FLAT,0.5,16,1,0.0003,80640,2262035,28614,343368,10.28655112557292,,160.01416015625,1920.169921875,12569.01176518774,0.00025,5.029276371002197,9.677327632904053,51a86202db31,917f94c77a0d,10.390393959431648,12.68052596373558,0.0058363039071783,1,L,31524864,34358272,6.09096972432617e-05,5.588668492626754e-05,,,,,,,,300000000,,FLAT,30,2.6046921207e-07,156849.0,0.05708,7.688781292915344,base,0.1,constant,0,0.0005,0.0005,1,FLAT_seed1_L_base
FLAT,0.5,16,1,0.0003,182016,5105143,48475,581700,6.1266065679664585,,2921.165283203125,35053.9833984375,59305.156135394274,0.0002,4.868881702423096,19.58425211906433,51a86202db31,917f94c77a0d,6.229738882163503,12.659196988832951,0.0605054151624548,1,L,31524864,34358272,0.0011119471728232,0.0010202487307405,,,,,,,,300000000,,FLAT,30,2.6046921207e-07,156849.0,0.479915,0.4404345680251718,base,0.1,constant,0,0.0,0.0,1,FLAT_seed1_L_base
FLAT,0.5,16,1,0.0003,410880,11524536,150327,1803924,11.001116307137012,,1049.299072265625,12591.5888671875,24322.6463702054,5e-05,5.098160743713379,40.665441274642944,51a86202db31,917f94c77a0d,11.060467074427605,12.137847101306916,0.007224251132531,1,L,31524864,34358272,0.0003994177062012,0.0003664791077731,,,,,,,,300000000,,FLAT,30,2.6046921207e-07,156849.0,0.168685,10.166002508163452,base,0.1,constant,0,0.0,0.0,1,FLAT_seed1_L_base
FLAT,0.5,16,1,0.0003,928128,26032025,398532,4782384,11.304971540734767,,624.7021484375,7496.42578125,55874.9746121254,0.0005,5.072562217712402,86.96162128448486,51a86202db31,917f94c77a0d,11.484661706790924,12.149862692546844,0.0018116487509158,1,L,31524864,34358272,0.0002377940720457,0.000218184016392,,,,,,,,300000000,,FLAT,30,2.6046921207e-07,156849.0,0.030405,10.819944749832151,base,0.1,constant,0,0.0005,0.0,1,FLAT_seed1_L_base
FLAT,0.5,16,1,0.0003,2096512,58801209,641937,7703244,10.200202248980403,,13071.277099609377,156855.3251953125,370921.2700343933,0.00025,5.070925712585449,187.0158154964447,51a86202db31,917f94c77a0d,10.473793614170551,12.38383979113102,0.0206063834924611,1,L,31524864,34358272,0.0049756067209461,0.0045652856230753,,,,,,,,300000000,,FLAT,30,2.6046921207e-07,156849.0,0.11865,9.661255229234696,base,0.1,constant,0,0.0,0.0,1,FLAT_seed1_L_base
FLAT,0.5,16,1,0.0003,4735616,132815933,837687,10052244,5.867835098819732,,152502.48657226562,1830029.8388671875,1950874.8385327803,0.0003,4.970613956451416,406.53175806999207,51a86202db31,917f94c77a0d,6.0884220179384485,12.782765496706965,0.1822960127111916,1,L,31524864,34358272,0.05805036427333,0.0532631512687013,,,,,,,,300000000,,FLAT,30,2.6046921207e-07,156849.0,0.58051,5.539743308411911,base,0.1,constant,0,1.0,1.0,1,FLAT_seed1_L_base
FLAT,0.5,16,1,0.0003,10696320,300001987,964593,11575116,2.145111495312145,,301535.5036621094,3618426.043945313,3627574.685527141,0.00025,4.914121150970459,895.7841446399689,51a86202db31,917f94c77a0d,2.238250075330813,13.079614002895354,0.3128480094713521,1,L,31524864,34358272,0.1147800683278225,0.1053145526045463,,,,,,,,300000000,,FLAT,30,2.6046921207e-07,156849.0,0.91444,1.82602501209639,base,0.1,constant,0,0.002,0.0015,1,FLAT_seed1_L_base
FLAT,0.5,16,2,0.0003,35712,1002175,16504,198048,11.67497516309738,,14.970703125,179.6484375,2801.487647470093,0.00025,5.058965682983398,4.399588108062744,51a86202db31,045ef47d470d,11.709591183845998,12.516041895723342,0.0011512360639844,1,L,31524864,34358272,5.69862688384635e-06,5.228680810839381e-06,,,,,,,,300000000,,FLAT,30,2.6046921207e-07,156849.0,0.004525,10.756911930084229,base,0.1,constant,0,0.001,0.0005,1,FLAT_seed2_L_base
FLAT,0.5,16,2,0.0003,80640,2261705,28300,339600,10.234931971321108,,162.0908203125,1945.08984375,12952.281332173348,0.00015,5.024225234985352,9.5691020488739,51a86202db31,045ef47d470d,10.336577425701618,12.697627771282196,0.0059717314487632,1,L,31524864,34358272,6.170018191831057e-05,5.661198106092181e-05,,,,,,,,300000000,,FLAT,30,2.6046921207e-07,156849.0,0.05885,7.578738962888718,base,0.1,constant,0,0.002,0.0,1,FLAT_seed2_L_base
FLAT,0.5,16,2,0.0003,182016,5104542,48143,577716,5.978783742297664,,3204.246337890625,38450.9560546875,62403.883732415925,0.0001,4.8842363357543945,19.39897584915161,51a86202db31,045ef47d470d,6.078686578020444,12.626995718216897,0.0668009887211017,1,L,31524864,34358272,0.0012197025197218,0.0011191178664249,,,,,,,,300000000,,FLAT,30,2.6046921207e-07,156849.0,0.49673,0.3294576357100159,base,0.1,constant,0,0.001,0.0005,1,FLAT_seed2_L_base
FLAT,0.5,16,2,0.0003,411008,11527477,150553,1806636,11.032677287333012,,981.243896484375,11774.9267578125,23211.517812748385,0.00025,5.0689191818237305,40.31226539611816,51a86202db31,045ef47d470d,11.09298037065506,12.136737885951996,0.0067617383911313,1,L,31524864,34358272,0.0003735123728943,0.0003427100978131,,,,,,,,300000000,,FLAT,30,2.6046921207e-07,156849.0,0.15119,10.235260377407077,base,0.1,constant,0,0.001,0.0005,1,FLAT_seed2_L_base
FLAT,0.5,16,2,0.0003,928256,26034033,398762,4785144,11.427899680142405,,443.64599609375,5323.751953125,47914.51943343687,0.0002,5.085761070251465,86.4323616027832,51a86202db31,045ef47d470d,11.61136939889431,12.141290759372712,0.0013566989833534,1,L,31524864,34358272,0.0001688747000819,0.0001549481869497,,,,,,,,300000000,,FLAT,30,2.6046921207e-07,156849.0,0.022605,11.042991704940796,base,0.1,constant,0,0.0005,0.0,1,FLAT_seed2_L_base
FLAT,0.5,16,2,0.0003,2096512,58800742,641378,7696536,10.404340036742688,,8726.41357421875,104716.962890625,316801.22477711365,5e-05,5.092164993286133,187.26526808738708,51a86202db31,045ef47d470d,10.674170793561936,12.358495166683197,0.0138498670051046,1,L,31524864,34358272,0.0033217260791553,0.0030477948044251,,,,,,,,300000000,,FLAT,30,2.6046921207e-07,156849.0,0.08404,9.909875086307526,base,0.1,constant,0,0.0,0.0005,1,FLAT_seed2_L_base
FLAT,0.5,16,2,0.0003,4735360,132815534,837093,10045116,6.599784258316159,,126401.63159179688,1516819.5791015625,1688366.5621056743,0.0002,5.002479076385498,407.6982181072235,51a86202db31,045ef47d470d,6.844545756280971,12.70682007303238,0.1512448437628794,1,L,31524864,34358272,0.0481150237191051,0.0441471439280055,,,,,,,,300000000,,FLAT,30,2.6046921207e-07,156849.0,0.50315,6.306288956105709,base,0.1,constant,0,0.996,0.998,1,FLAT_seed2_L_base
FLAT,0.5,16,2,0.0003,10696192,300002541,964636,11575632,2.2238034928783703,,299015.4931640625,3588185.91796875,3605332.537384238,0.0001,4.901251316070557,894.6016097068787,51a86202db31,045ef47d470d,2.32892685361017,13.076268747377396,0.3102216794728789,1,L,31524864,34358272,0.1138208214940673,0.1044344115434195,,,,,,,,300000000,,FLAT,30,2.6046921207e-07,156849.0,0.90757,1.8917164722606536,base,0.1,constant,0,0.0035,0.001,1,FLAT_seed2_L_base
FLAT,0.5,16,3,0.0003,35712,1001638,16497,197964,11.702875431675912,,7.972412109375,95.6689453125,2288.7433903516767,0.0003,5.063213348388672,4.531277894973755,51a86202db31,ceac69dfa27e,11.735356156401634,12.375473282957078,0.0007274049827241,1,L,31524864,34358272,3.034713974103108e-06,2.7844515961833004e-06,,,,,,,,300000000,,FLAT,30,2.6046921207e-07,156849.0,0.00399,11.01309186077118,base,0.1,constant,0,0.0,0.0,1,FLAT_seed3_L_base
FLAT,0.5,16,3,0.0003,80640,2261581,28569,342828,10.133897917363049,,199.025146484375,2388.3017578125,13868.006925672722,0.00025,5.043616771697998,9.854187488555908,51a86202db31,ceac69dfa27e,10.238130295988322,12.762078641557691,0.0072106129020966,1,L,31524864,34358272,7.575930407859968e-05,6.951169598437605e-05,,,,,,,,300000000,,FLAT,30,2.6046921207e-07,156849.0,0.06929,7.337770956516266,base,0.1,constant,0,0.0,0.0,1,FLAT_seed3_L_base
FLAT,0.5,16,3,0.0003,182016,5104936,48307,579684,5.917995399314654,,3342.206298828125,40106.4755859375,64334.08916276763,0.0004,4.885663986206055,20.03098177909851,51a86202db31,ceac69dfa27e,6.011902169701648,12.655843602526188,0.0694309313350032,1,L,31524864,34358272,0.0012722172436949,0.0011673018825259,,,,,,,,300000000,,FLAT,30,2.6046921207e-07,156849.0,0.50369,0.3304979268852621,base,0.1,constant,0,0.001,0.001,1,FLAT_seed3_L_base
FLAT,0.5,16,3,0.0003,410880,11524772,150496,1805952,10.867783951103688,,1191.2578125,14295.09375,27882.98746752014,0.0,5.073330402374268,41.71293783187866,51a86202db31,ceac69dfa27e,10.927777314374447,12.145607210493088,0.0081596853072506,1,L,31524864,34358272,0.0004534545731902,0.0004160597410137,,,,,,,,300000000,,FLAT,30,2.6046921207e-07,156849.0,0.193005,9.956357526302336,base,0.1,constant,0,0.0005,0.0,1,FLAT_seed3_L_base
FLAT,0.5,16,3,0.0003,928128,26033446,398835,4786020,11.071280593025683,,972.628173828125,11671.5380859375,75902.40098904395,0.0004,5.079508304595947,89.62458777427673,51a86202db31,ceac69dfa27e,11.249681872832776,12.19245925064087,0.0026828136948863,1,L,31524864,34358272,0.0003702327815256,0.0003397009630151,,,,,,,,300000000,,FLAT,30,2.6046921207e-07,156849.0,0.050975,10.459776926517486,base,0.1,constant,0,0.0,0.0,1,FLAT_seed3_L_base
FLAT,0.5,16,3,0.0003,2096512,58801633,642019,7704228,9.745358112608791,,23316.257080078125,279795.0849609375,483171.0096025228,0.00035,5.054600238800049,192.59142327308652,51a86202db31,ceac69dfa27e,9.999646003180146,12.388876983356475,0.0365612232659781,1,L,31524864,34358272,0.0088753780178381,0.0081434562530076,,,,,,,,300000000,,FLAT,30,2.6046921207e-07,156849.0,0.18768,9.140210911750794,base,0.1,constant,0,0.0,0.0005,1,FLAT_seed3_L_base
FLAT,0.5,16,3,0.0003,4735488,132816446,837410,10048920,5.4367433572579404,,171119.55419921875,2053434.650390625,2128093.8981404263,0.0001,4.960127353668213,417.7529125213623,51a86202db31,ceac69dfa27e,5.640162825388377,12.793181550216676,0.2045879557206147,1,L,31524864,34358272,0.0651369868047844,0.0597653645209696,,,,,,,,300000000,,FLAT,30,2.6046921207e-07,156849.0,0.62706,5.077026410279796,base,0.1,constant,0,0.9985,1.0,1,FLAT_seed3_L_base
FLAT,0.5,16,3,0.0003,10696320,300000624,964631,11575572,2.0197368066756383,,309092.4943847656,3709109.932617188,3705596.6463030414,0.0003,4.875161170959473,917.4139833450316,51a86202db31,ceac69dfa27e,2.1205341084372646,13.067608316087725,0.3206697690619522,1,L,31524864,34358272,0.1176566513535851,0.1079539137654299,,,,,,,,300000000,,FLAT,30,2.6046921207e-07,156849.0,0.92226,1.6608394598532468,base,0.1,constant,0,0.004,0.0035,1,FLAT_seed3_L_base
FLAT,0.5,16,4,0.0003,35712,1001748,16408,196896,11.445951517341136,,17.994140625,215.9296875,3956.840606261063,0.0002,5.096014499664307,4.937434673309326,51a86202db31,2922c6c2e652,11.498292765510085,12.443375977706909,0.0013408093612871,1,L,31524864,34358272,6.849504172325692e-06,6.284649225083264e-06,,,,,,,,300000000,,FLAT,30,2.6046921207e-07,156849.0,0.008215,10.36208989095688,base,0.1,constant,0,0.0,0.0,1,FLAT_seed4_L_base
FLAT,0.5,16,4,0.0003,80640,2261482,28466,341592,10.231203903802632,,122.05029296875,1464.603515625,13178.729392472887,0.0002,5.083910465240479,10.44476580619812,51a86202db31,2922c6c2e652,10.331410042382478,12.773179229044914,0.0045317220543806,1,L,31524864,34358272,4.645867831896118e-05,4.262739161110896e-05,,,,,,,,300000000,,FLAT,30,2.6046921207e-07,156849.0,0.04596,7.569186816692352,base,0.1,constant,0,0.0,0.0,1,FLAT_seed4_L_base
FLAT,0.5,16,4,0.0003,182016,5104508,48203,578436,6.171764393492639,,2914.231689453125,34970.7802734375,57981.830152724055,0.0001,4.8166704177856445,21.166045904159542,51a86202db31,2922c6c2e652,6.270943177482774,12.65471605064869,0.0607016160819866,1,L,31524864,34358272,0.0011093078870518,0.0010178270977491,,,,,,,,300000000,,FLAT,30,2.6046921207e-07,156849.0,0.477105,0.4885965971741825,base,0.1,constant,0,0.0005,0.0,1,FLAT_seed4_L_base
FLAT,0.5,16,4,0.0003,411008,11526770,150174,1802088,11.223845107021331,,581.33642578125,6976.037109375,19531.75147607956,0.0004,5.044393539428711,43.61322927474976,51a86202db31,2922c6c2e652,11.28589121726036,12.133535700035097,0.0041152263374485,1,L,31524864,34358272,0.0002212868264673,0.0002030380663315,,,,,,,,300000000,,FLAT,30,2.6046921207e-07,156849.0,0.095595,10.552806134223935,base,0.1,constant,0,0.0,0.0005,1,FLAT_seed4_L_base
FLAT,0.5,16,4,0.0003,928256,26033375,398439,4781268,11.451523500084877,,435.724853515625,5228.6982421875,41891.17458537311,0.0004,5.044349670410156,92.57184171676636,51a86202db31,2922c6c2e652,11.646670922222135,12.154911904478071,0.001337720454072,1,L,31524864,34358272,0.0001658595019533,0.0001521816417946,,,,,,,,300000000,,FLAT,30,2.6046921207e-07,156849.0,0.018275,11.061659459114075,base,0.1,constant,0,0.0,0.0,1,FLAT_seed4_L_base
FLAT,0.5,16,4,0.0003,2096640,58802527,641216,7694592,10.481465584304331,,7088.453125,85061.4375,286874.11701369553,0.00025,5.078602313995361,199.29818534851077,51a86202db31,2922c6c2e652,10.740767904996872,12.344383505821227,0.0112988446950793,1,L,31524864,34358272,0.0026982332897613,0.002475719311495,,,,,,,,300000000,,FLAT,30,2.6046921207e-07,156849.0,0.070425,10.0225992770195,base,0.1,constant,0,0.0,0.0005,1,FLAT_seed4_L_base
FLAT,0.5,16,4,0.0003,4735616,132815513,836981,10043772,6.384116911260253,,130875.65893554688,1570507.9072265625,1742527.2283715229,0.0003,5.024120330810547,434.1301848888397,51a86202db31,2922c6c2e652,6.622068776594568,12.739957928061486,0.1566104845868663,1,L,31524864,34358272,0.0498180708163106,0.0457097466143397,,,,,,,,300000000,,FLAT,30,2.6046921207e-07,156849.0,0.51693,6.080711698979139,base,0.1,constant,0,1.0,1.0,1,FLAT_seed4_L_base
FLAT,0.5,16,4,0.0003,10696576,300003304,964492,11573904,2.229729547166,,299496.5283203125,3593958.33984375,3590484.2895435146,0.0003,4.891647815704346,955.3081889152528,51a86202db31,2922c6c2e652,2.318517599197868,13.073960143494606,0.3107667041302572,1,L,31524864,34358272,0.1140039284497389,0.1046024183010062,,,,,,,,300000000,,FLAT,30,2.6046921207e-07,156849.0,0.90778,1.954298705836758,base,0.1,constant,0,0.0035,0.002,1,FLAT_seed4_L_base
FLAT,0.5,16,5,0.0003,35712,1001639,16426,197112,11.667355919909475,,12.98974609375,155.876953125,2651.9436271968843,0.00015,5.073615074157715,4.522469997406006,51a86202db31,447a097ab171,11.704355494410992,12.447137372493744,0.0010349446000243,1,L,31524864,34358272,4.944571787050374e-06,4.536810032966733e-06,,,,,,,,300000000,,FLAT,30,2.6046921207e-07,156849.0,0.004035,10.836015182971954,base,0.1,constant,0,0.0,0.0,1,FLAT_seed5_L_base
FLAT,0.5,16,5,0.0003,80640,2261912,28383,340596,10.344621435296537,,84.070556640625,1008.8466796875,12430.554192108608,0.0002,5.032786846160889,10.083181858062744,51a86202db31,447a097ab171,10.444999115976096,12.723199640393258,0.00320614452313,1,L,31524864,34358272,3.2001618775817715e-05,2.9362555826075888e-05,,,,,,,,300000000,,FLAT,30,2.6046921207e-07,156849.0,0.031095,7.845222385406494,base,0.1,constant,0,0.001,0.001,1,FLAT_seed5_L_base
FLAT,0.5,16,5,0.0003,182016,5104940,48309,579708,6.202627769827824,,2874.205810546875,34490.4697265625,57464.33704896961,5e-05,4.8619489669799805,20.42777729034424,51a86202db31,447a097ab171,6.310719440882495,12.681558308792114,0.0597404210395578,1,L,31524864,34358272,0.0010940719594083,0.0010038476244254,,,,,,,,300000000,,FLAT,30,2.6046921207e-07,156849.0,0.47518,0.487635317210108,base,0.1,constant,0,0.0,0.0,1,FLAT_seed5_L_base
FLAT,0.5,16,5,0.0003,411008,11527225,150587,1807044,10.70239767518282,,1634.235595703125,19610.8271484375,30950.859978035736,0.00025,5.086883544921875,42.31874203681946,51a86202db31,447a097ab171,10.761406094003917,12.148352943325042,0.011096575401595,1,L,31524864,34358272,0.0006220749167526,0.0005707745473473,,,,,,,,300000000,,FLAT,30,2.6046921207e-07,156849.0,0.244125,9.67105199790001,base,0.1,constant,0,0.001,0.0005,1,FLAT_seed5_L_base
FLAT,0.5,16,5,0.0003,928256,26033459,398891,4786692,11.041450912444592,,1077.614501953125,12931.3740234375,81943.91537101446,0.00015,5.076369762420654,90.2855908870697,51a86202db31,447a097ab171,11.215372953133585,12.1959133163929,0.0029456668613731,1,L,31524864,34358272,0.000410196028869,0.0003763685794046,,,,,,,,300000000,,FLAT,30,2.6046921207e-07,156849.0,0.054145,10.409428134441375,base,0.1,constant,0,0.0,0.0,1,FLAT_seed5_L_base
FLAT,0.5,16,5,0.0003,2096512,58799778,642118,7705416,9.735576180902124,,23111.23291015625,277334.794921875,493278.51036489726,0.0002,5.018956661224365,195.05876970291135,51a86202db31,447a097ab171,10.012300364362002,12.401897107744215,0.036236330394102,1,L,31524864,34358272,0.0087973351739717,0.0080718493328731,,,,,,,,300000000,,FLAT,30,2.6046921207e-07,156849.0,0.1787,9.13236857843399,base,0.1,constant,0,0.0005,0.0,1,FLAT_seed5_L_base
FLAT,0.5,16,5,0.0003,4735616,132818051,837678,10052136,5.7424301728657445,,158825.48876953125,1905905.865234375,1986665.4563198253,0.0001,4.988658428192139,430.2902045249939,51a86202db31,447a097ab171,5.938912722403109,12.75076588792801,0.1898462177590912,1,L,31524864,34358272,0.0604572271980102,0.0554715285225745,,,,,,,,300000000,,FLAT,30,2.6046921207e-07,156849.0,0.598645,5.399542830996215,base,0.1,constant,0,0.9985,1.0,1,FLAT_seed5_L_base
FLAT,0.5,16,5,0.0003,10696448,300001065,964911,11578932,2.0937119655538794,,307019.4260253906,3684233.112304688,3708535.4451917512,0.00015,4.87309455871582,934.1303129196168,51a86202db31,447a097ab171,2.198032835151241,13.094426277184487,0.3184283317321494,1,L,31524864,34358272,0.1168675339029119,0.1072298721048802,,,,,,,,300000000,,FLAT,30,2.6046921207e-07,156849.0,0.91035,1.855454127652571,base,0.1,constant,0,0.0055,0.0025,1,FLAT_seed5_L_base
FLAT,0.5,16,1,0.0003,35712,1002054,16521,198252,11.765510512108802,,6.966552734375,83.5986328125,2170.777885485363,0.0001,5.09433126449585,4.522154092788696,51a86202db31,c62228ea4b51,11.790550092453955,12.468902013874054,0.0006658192603353,1,L,31524864,34358272,2.651831672057332e-06,2.433144274907073e-06,,,,,,,,300000000,,FLAT,8,1e-15,998000.0,0.001805,11.031316275596618,base,0.1,constant,0,0.0005,0.0,1,FLAT_seed1_L_base_8
FLAT,0.5,16,1,0.0003,80640,2262035,28614,343368,10.28655112557292,,160.01416015625,1920.169921875,12569.01176518774,0.00025,5.029276371002197,9.808107852935793,51a86202db31,c62228ea4b51,10.390393959431648,12.68052596373558,0.0058363039071783,1,L,31524864,34358272,6.09096972432617e-05,5.588668492626754e-05,,,,,,,,300000000,,FLAT,8,1e-15,998000.0,0.05708,7.688781292915344,base,0.1,constant,0,0.0005,0.0005,1,FLAT_seed1_L_base_8
FLAT,0.5,16,1,0.0003,182016,5105143,48475,581700,6.1266065679664585,,2921.165283203125,35053.9833984375,59305.156135394274,0.0002,4.868881702423096,19.939714908599854,51a86202db31,c62228ea4b51,6.229738882163503,12.659196988832951,0.0605054151624548,1,L,31524864,34358272,0.0011119471728232,0.0010202487307405,,,,,,,,300000000,,FLAT,8,1e-15,998000.0,0.479915,0.4404345680251718,base,0.1,constant,0,0.0,0.0,1,FLAT_seed1_L_base_8
FLAT,0.5,16,1,0.0003,410880,11524536,164383,1972596,11.983800589723588,,31.867431640625,382.4091796875,4998.681109573223,0.0001,5.09841775894165,41.661182165145874,51a86202db31,c62228ea4b51,12.031012203807832,12.112571188497544,0.0004380014965051,1,L,31524864,34358272,1.2130399030032294e-05,1.1130046926908895e-05,,,,,,,,300000000,,FLAT,8,1e-15,998000.0,0.000515,11.893898045539856,base,0.1,constant,0,0.0,0.0005,1,FLAT_seed1_L_base_8
FLAT,0.5,16,1,0.0003,928128,26032025,501364,6016368,12.07766665286064,,14.5966796875,175.16015625,2222.090961270893,0.0001,5.0732293128967285,89.81330156326294,51a86202db31,c62228ea4b51,12.189702986016274,12.083984026050569,0.000273254561556,1,L,31524864,34358272,5.556254144347776e-06,5.098049059335696e-06,,,,,,,,300000000,,FLAT,8,1e-15,998000.0,0.00025,12.074489830970764,base,0.1,constant,0,0.0,0.0,1,FLAT_seed1_L_base_8
FLAT,0.5,16,1,0.0003,2096512,58801209,844061,10128732,12.047201309695245,,19.930419921875,239.1650390625,7538.315947345356,0.00015,5.087329387664795,194.1987347602844,51a86202db31,c62228ea4b51,12.23529911105156,12.049879239559171,0.0002677531600204,1,L,31524864,34358272,7.58655260376381e-06,6.960915818540001e-06,,,,,,,,300000000,,FLAT,8,1e-15,998000.0,0.000575,12.056479935646058,base,0.1,constant,0,0.0005,0.0015,1,FLAT_seed1_L_base_8
FLAT,0.5,16,1,0.0003,4735616,132815933,984584,11815008,12.020110154066083,,119.623046875,1435.4765625,13436.358035926389,7.453786523553965e-05,5.074131965637207,421.8113701343536,51a86202db31,c62228ea4b51,12.238226337690351,12.048482970318483,0.0003656366546683,1,L,31524864,34358272,4.553474243378179e-05,4.177964952661182e-05,,,,,,,,300000000,,FLAT,8,1e-15,998000.0,0.00133,12.004993061065674,base,0.1,constant,0,0.0335,0.689,1,FLAT_seed1_L_base_8
FLAT,0.5,16,1,0.0003,10696320,300001987,997971,11975652,11.620442714834214,,4954.354736328125,59452.2568359375,406029.1887752105,0.0,5.084444522857666,923.9705059528352,51a86202db31,c62228ea4b51,11.798924245126248,12.271569547982052,0.005208568184847,1,L,31524864,34358272,0.0018858846412767,0.0017303622497644,,,,,,,,300000000,,FLAT,8,1e-15,998000.0,0.005785,11.58312301158905,base,0.1,constant,0,0.0,0.0,1,FLAT_seed1_L_base_8
FLAT,0.5,16,2,0.0003,35712,1002175,16504,198048,11.67497516309738,,14.970703125,179.6484375,2801.487647470093,0.00025,5.058965682983398,4.484287977218628,51a86202db31,5d94586916dc,11.709591183845998,12.516041895723342,0.0011512360639844,1,L,31524864,34358272,5.69862688384635e-06,5.228680810839381e-06,,,,,,,,300000000,,FLAT,8,1e-15,998000.0,0.004525,10.756911930084229,base,0.1,constant,0,0.001,0.0005,1,FLAT_seed2_L_base_8
FLAT,0.5,16,2,0.0003,80640,2261705,28300,339600,10.234931971321108,,162.0908203125,1945.08984375,12952.281332173348,0.00015,5.024225234985352,9.69163179397583,51a86202db31,5d94586916dc,10.336577425701618,12.697627771282196,0.0059717314487632,1,L,31524864,34358272,6.170018191831057e-05,5.661198106092181e-05,,,,,,,,300000000,,FLAT,8,1e-15,998000.0,0.05885,7.578738962888718,base,0.1,constant,0,0.002,0.0,1,FLAT_seed2_L_base_8
FLAT,0.5,16,2,0.0003,182016,5104542,48143,577716,5.978783742297664,,3204.246337890625,38450.9560546875,62403.883732415925,0.0001,4.8842363357543945,19.71170735359192,51a86202db31,5d94586916dc,6.078686578020444,12.626995718216897,0.0668009887211017,1,L,31524864,34358272,0.0012197025197218,0.0011191178664249,,,,,,,,300000000,,FLAT,8,1e-15,998000.0,0.49673,0.3294576357100159,base,0.1,constant,0,0.001,0.0005,1,FLAT_seed2_L_base_8
FLAT,0.5,16,2,0.0003,411008,11527477,164485,1973820,11.812115860419274,,39.842529296875,478.1103515625,7581.474410624978,0.00015,5.069793701171875,41.0779435634613,51a86202db31,5d94586916dc,11.863170403537753,12.114979375076294,0.0004863665379821,1,L,31524864,34358272,1.5166135262708823e-05,1.3915436479532498e-05,,,,,,,,300000000,,FLAT,8,1e-15,998000.0,0.004975,11.594911964416504,base,0.1,constant,0,0.0,0.0005,1,FLAT_seed2_L_base_8
FLAT,0.5,16,2,0.0003,928256,26034033,501598,6019176,12.090132309184074,,29.53955078125,354.474609375,1277.054568188949,0.00025,5.092116355895996,88.49633860588074,51a86202db31,5d94586916dc,12.241347605733871,12.085001580953598,0.0003030315112899,1,L,31524864,34358272,1.1244286712069558e-05,1.0317009230702872e-05,,,,,,,,300000000,,FLAT,8,1e-15,998000.0,0.00019,12.09057742023468,base,0.1,constant,0,0.0005,0.001,1,FLAT_seed2_L_base_8
FLAT,0.5,16,2,0.0003,2096512,58800742,844083,10128996,12.018318157305718,,10.925048828125,131.1005859375,2212.2436827296333,0.00015,5.105612277984619,191.17830967903137,51a86202db31,5d94586916dc,12.158609853715896,12.026068085718157,0.0002570837228092,1,L,31524864,34358272,4.158640809283111e-06,3.815692067910167e-06,,,,,,,,300000000,,FLAT,8,1e-15,998000.0,0.000365,12.009135434150696,base,0.1,constant,0,0.0,0.0005,1,FLAT_seed2_L_base_8
FLAT,0.5,16,2,0.0003,4735360,132815534,984508,11814096,12.023801609454155,,41.6416015625,499.69921875,9145.301506229778,0.0005929439667951,5.0933709144592285,416.80646085739136,51a86202db31,5d94586916dc,12.232064144558906,12.04322476009569,0.0002864374895887,1,L,31524864,34358272,1.585095557430478e-05,1.4543782025766604e-05,,,,,,,,300000000,,FLAT,8,1e-15,998000.0,0.000155,12.019784091949465,base,0.1,constant,0,0.044,0.5975,1,FLAT_seed2_L_base_8
FLAT,0.5,16,2,0.0003,10696192,300002541,997962,11975544,11.845411767964364,,1513.35693359375,18160.283203125,195754.70661830905,0.0,5.079459190368652,916.6320130825044,51a86202db31,5d94586916dc,12.016179742240906,12.219367052379408,0.0017605880785039,1,L,31524864,34358272,0.0005760622219694,0.0005285563605505,,,,,,,,300000000,,FLAT,8,1e-15,998000.0,0.00131,11.856351819992064,base,0.1,constant,0,0.002,0.0005,1,FLAT_seed2_L_base_8
RAW,0.5,16,1,0.0003,35712,1002054,16521,198252,11.765510512108802,,6.966552734375,83.5986328125,2170.777885485363,0.0001,5.09433126449585,4.760907411575317,51a86202db31,7329ca621402,11.790550092453955,12.468902013874054,0.0006658192603353,1,L,31524864,34358272,2.651831672057332e-06,2.433144274907073e-06,,,,,,,,300000000,,RAW,RAW,,,0.001805,11.031316275596618,base,0.1,constant,0,0.0005,0.0,1,RAW_seed1_L_base
RAW,0.5,16,1,0.0003,80640,2262035,28614,343368,10.28655112557292,,160.01416015625,1920.169921875,12569.01176518774,0.00025,5.029276371002197,10.31906795501709,51a86202db31,7329ca621402,10.390393959431648,12.68052596373558,0.0058363039071783,1,L,31524864,34358272,6.09096972432617e-05,5.588668492626754e-05,,,,,,,,300000000,,RAW,RAW,,,0.05708,7.688781292915344,base,0.1,constant,0,0.0005,0.0005,1,RAW_seed1_L_base
RAW,0.5,16,1,0.0003,182016,5105143,48475,581700,6.1266065679664585,,2921.165283203125,35053.9833984375,59305.156135394274,0.0002,4.868881702423096,21.08465003967285,51a86202db31,7329ca621402,6.229738882163503,12.659196988832951,0.0605054151624548,1,L,31524864,34358272,0.0011119471728232,0.0010202487307405,,,,,,,,300000000,,RAW,RAW,,,0.479915,0.4404345680251718,base,0.1,constant,0,0.0,0.0,1,RAW_seed1_L_base
RAW,0.5,16,1,0.0003,410880,11524536,80829,969948,3.5249830279408254,,11591.266357421877,139095.1962890625,191839.9573567502,0.00015,4.798418998718262,43.39137029647827,51a86202db31,7329ca621402,3.58064602982436,12.715484792637826,0.143648937881206,1,L,31524864,34358272,0.0044122377907502,0.0040483757823752,,,,,,,,300000000,,RAW,RAW,,,0.709795,0.0173930912737268,base,0.1,constant,0,0.0,0.0,1,RAW_seed1_L_base
RAW,0.5,16,1,0.0003,928128,26032025,132442,1589304,2.436843078051913,,26779.66552734375,321355.986328125,391838.5857852832,0.00015,4.681731700897217,91.76379776000977,51a86202db31,7329ca621402,2.484678884664258,12.659583368229866,0.2024433336856888,1,L,31524864,34358272,0.010193731092008,0.009353089303447,,,,,,,,300000000,,RAW,RAW,,,0.80307,0.0051866506884107,base,0.1,constant,0,0.0,0.0,1,RAW_seed1_L_base
RAW,0.5,16,1,0.0003,2096512,58801209,212985,2555820,1.901878078696355,,44519.001708984375,534228.0205078125,592319.0930991289,0.00035,4.691838264465332,198.357873916626,51a86202db31,7329ca621402,1.9770174939342504,12.564273525881768,0.2092682583280512,1,L,31524864,34358272,0.0169462434638199,0.0155487453067433,,,,,,,,300000000,,RAW,RAW,,,0.85021,0.0020193434419343,base,0.1,constant,0,0.0,0.0,1,RAW_seed1_L_base
RAW,0.5,16,1,0.0003,4735616,132815933,324075,3888900,1.654657256313394,,56775.880126953125,681310.5615234375,708769.1317415808,0.00025,4.674072742462158,433.6882047653198,51a86202db31,7329ca621402,1.7054003265543594,12.446626148104668,0.1754377844634729,1,L,31524864,34358272,0.0216118477631953,0.0198295933370408,,,,,,,,300000000,,RAW,RAW,,,0.87349,0.0018982989691576,base,0.1,constant,0,0.9135,1.0,1,RAW_seed1_L_base
RAW,0.5,16,1,0.0003,10696320,300001987,488690,5864280,1.432704319643396,,68271.69091796875,819260.291015625,865536.5791503579,0.00025,4.693145751953125,954.1471600532532,51a86202db31,7329ca621402,1.52083803229925,12.412276339960098,0.1399476150524872,1,L,31524864,34358272,0.0259877502093466,0.0238446302251645,,,,,,,,300000000,,RAW,RAW,,,0.889975,0.0014752224483527,base,0.1,constant,0,0.0005,0.0005,1,RAW_seed1_L_base
RAW,0.5,16,2,0.0003,35712,1002175,16504,198048,11.67497516309738,,14.970703125,179.6484375,2801.487647470093,0.00025,5.058965682983398,4.449097871780396,51a86202db31,c4b576c715ce,11.709591183845998,12.516041895723342,0.0011512360639844,1,L,31524864,34358272,5.69862688384635e-06,5.228680810839381e-06,,,,,,,,300000000,,RAW,RAW,,,0.004525,10.756911930084229,base,0.1,constant,0,0.001,0.0005,1,RAW_seed2_L_base
RAW,0.5,16,2,0.0003,80640,2261705,28300,339600,10.234931971321108,,162.0908203125,1945.08984375,12952.281332173348,0.00015,5.024225234985352,9.61022424697876,51a86202db31,c4b576c715ce,10.336577425701618,12.697627771282196,0.0059717314487632,1,L,31524864,34358272,6.170018191831057e-05,5.661198106092181e-05,,,,,,,,300000000,,RAW,RAW,,,0.05885,7.578738962888718,base,0.1,constant,0,0.002,0.0,1,RAW_seed2_L_base
RAW,0.5,16,2,0.0003,182016,5104542,48143,577716,5.978783742297664,,3204.246337890625,38450.9560546875,62403.883732415925,0.0001,4.8842363357543945,19.520303964614868,51a86202db31,c4b576c715ce,6.078686578020444,12.626995718216897,0.0668009887211017,1,L,31524864,34358272,0.0012197025197218,0.0011191178664249,,,,,,,,300000000,,RAW,RAW,,,0.49673,0.3294576357100159,base,0.1,constant,0,0.001,0.0005,1,RAW_seed2_L_base
RAW,0.5,16,2,0.0003,411008,11527477,80709,968508,3.520678745475505,,11389.295654296877,136671.5478515625,190210.40660187957,0.00015,4.756401062011719,40.02425169944763,51a86202db31,c4b576c715ce,3.580154155168375,12.696909235095978,0.1413596996617477,1,L,31524864,34358272,0.0043353572548818,0.0039778353187134,,,,,,,,300000000,,RAW,RAW,,,0.708605,0.0151671988727757,base,0.1,constant,0,0.0005,0.0,1,RAW_seed2_L_base
RAW,0.5,16,2,0.0003,928256,26034033,132534,1590408,2.4519302669495064,,26038.64306640625,312463.716796875,382363.3986970991,0.00015,4.723803520202637,84.34723424911499,51a86202db31,c4b576c715ce,2.4956024710445988,12.647012312984469,0.1967117871640484,1,L,31524864,34358272,0.0099116594697085,0.0090942791534124,,,,,,,,300000000,,RAW,RAW,,,0.801015,0.0048785069794394,base,0.1,constant,0,0.0,0.0,1,RAW_seed2_L_base
RAW,0.5,16,2,0.0003,2096512,58800742,212453,2549436,1.9134199813618624,,43309.13159179688,519709.5791015625,579419.3048957745,0.00015,4.7151408195495605,181.13153052330017,51a86202db31,c4b576c715ce,1.9852889075861584,12.542220450210571,0.2040969061392402,1,L,31524864,34358272,0.0164857040811203,0.0151261850159857,,,,,,,,300000000,,RAW,RAW,,,0.848485,0.0020123878660378,base,0.1,constant,0,0.0005,0.0,1,RAW_seed2_L_base
RAW,0.5,16,2,0.0003,4735360,132815534,323533,3882396,1.659037165639943,,55409.01245117188,664908.1494140625,698828.8045107808,0.00045,4.694744110107422,398.72798204422,51a86202db31,c4b576c715ce,1.721577913054303,12.437326922822,0.1715064614737909,1,L,31524864,34358272,0.0210915469584281,0.0193521999422457,,,,,,,,300000000,,RAW,RAW,,,0.872675,0.0017196092405065,base,0.1,constant,0,0.909,0.9995,1,RAW_seed2_L_base
RAW,0.5,16,2,0.0003,10696192,300002541,488195,5858340,1.4226694796754606,,66554.81176757812,798657.7412109375,846307.6700012345,5e-05,4.661074638366699,884.4522602558136,51a86202db31,c4b576c715ce,1.5118497709504777,12.370472578573226,0.1365724761621893,1,L,31524864,34358272,0.0253342168648511,0.0232449915179359,,,,,,,,300000000,,RAW,RAW,,,0.88945,0.0013452615243149,base,0.1,constant,0,0.001,0.0015,1,RAW_seed2_L_base
RAW,0.5,16,3,0.0003,35712,1001638,16497,197964,11.702875431675912,,7.972412109375,95.6689453125,2288.7433903516767,0.0003,5.063213348388672,4.418750762939453,51a86202db31,17cbd45a78ed,11.735356156401634,12.375473282957078,0.0007274049827241,1,L,31524864,34358272,3.034713974103108e-06,2.7844515961833004e-06,,,,,,,,300000000,,RAW,RAW,,,0.00399,11.01309186077118,base,0.1,constant,0,0.0,0.0,1,RAW_seed3_L_base
RAW,0.5,16,3,0.0003,80640,2261581,28569,342828,10.133897917363049,,199.025146484375,2388.3017578125,13868.006925672722,0.00025,5.043616771697998,9.568602561950684,51a86202db31,17cbd45a78ed,10.238130295988322,12.762078641557691,0.0072106129020966,1,L,31524864,34358272,7.575930407859968e-05,6.951169598437605e-05,,,,,,,,300000000,,RAW,RAW,,,0.06929,7.337770956516266,base,0.1,constant,0,0.0,0.0,1,RAW_seed3_L_base
RAW,0.5,16,3,0.0003,182016,5104936,48307,579684,5.917995399314654,,3342.206298828125,40106.4755859375,64334.08916276763,0.0004,4.885663986206055,19.583930730819706,51a86202db31,17cbd45a78ed,6.011902169701648,12.655843602526188,0.0694309313350032,1,L,31524864,34358272,0.0012722172436949,0.0011673018825259,,,,,,,,300000000,,RAW,RAW,,,0.50369,0.3304979268852621,base,0.1,constant,0,0.001,0.001,1,RAW_seed3_L_base
RAW,0.5,16,3,0.0003,410880,11524772,80770,969240,3.4968848511611967,,11646.28076171875,139755.369140625,195716.6142251904,0.0002,4.745562076568604,39.88719701766968,51a86202db31,17cbd45a78ed,3.552646239578165,12.71162066195011,0.1444348149065247,1,L,31524864,34358272,0.0044331791293572,0.0040675901611299,,,,,,,,300000000,,RAW,RAW,,,0.710525,0.0166905647201929,base,0.1,constant,0,0.0,0.0005,1,RAW_seed3_L_base
RAW,0.5,16,3,0.0003,928128,26033446,132707,1592484,2.4326233863383138,,26779.600830078125,321355.2099609375,395493.5601440965,0.0003,4.717314720153809,83.6621994972229,51a86202db31,17cbd45a78ed,2.4787996790247955,12.682316890120504,0.20203907857159,1,L,31524864,34358272,0.0101937064648696,0.0093530667072237,,,,,,,,300000000,,RAW,RAW,,,0.802805,0.005155731252802,base,0.1,constant,0,0.0005,0.0005,1,RAW_seed3_L_base
RAW,0.5,16,3,0.0003,2096512,58801633,213041,2556492,1.8998730819648229,,44644.988037109375,535739.8564453125,595085.6368790169,0.0001,4.708531856536865,180.9642481803894,51a86202db31,17cbd45a78ed,1.9775754168784072,12.557084534215926,0.209804685483076,1,L,31524864,34358272,0.0169942004014771,0.0155927474014209,,,,,,,,300000000,,RAW,RAW,,,0.8502,0.0020793551017995,base,0.1,constant,0,0.0,0.0005,1,RAW_seed3_L_base
RAW,0.5,16,3,0.0003,4735488,132816446,324142,3889704,1.643965370940753,,57266.86376953125,687202.365234375,726243.608535111,0.0001,4.666567802429199,397.370183467865,51a86202db31,17cbd45a78ed,1.705946412494525,12.545328882169724,0.1769162897742347,1,L,31524864,34358272,0.0217987416292858,0.0200010747116262,,,,,,,,300000000,,RAW,RAW,,,0.874005,0.0017963229985034,base,0.1,constant,0,0.907,1.0,1,RAW_seed3_L_base
RAW,0.5,16,3,0.0003,10696320,300000624,488867,5866404,1.4130161010659668,,68978.64770507812,827743.7724609375,869080.9377139816,0.00045,4.6628594398498535,884.1047832965851,51a86202db31,17cbd45a78ed,1.4969389030410245,12.396217928767204,0.1413431464999683,1,L,31524864,34358272,0.0262568546675074,0.0240915425682914,,,,,,,,300000000,,RAW,RAW,,,0.891595,0.0014354438673472,base,0.1,constant,0,0.0035,0.0025,1,RAW_seed3_L_base
RAW,0.5,16,4,0.0003,35712,1001748,16408,196896,11.445951517341136,,17.994140625,215.9296875,3956.840606261063,0.0002,5.096014499664307,4.525184154510498,51a86202db31,7672144d0f5e,11.498292765510085,12.443375977706909,0.0013408093612871,1,L,31524864,34358272,6.849504172325692e-06,6.284649225083264e-06,,,,,,,,300000000,,RAW,RAW,,,0.008215,10.36208989095688,base,0.1,constant,0,0.0,0.0,1,RAW_seed4_L_base
RAW,0.5,16,4,0.0003,80640,2261482,28466,341592,10.231203903802632,,122.05029296875,1464.603515625,13178.729392472887,0.0002,5.083910465240479,9.82946276664734,51a86202db31,7672144d0f5e,10.331410042382478,12.773179229044914,0.0045317220543806,1,L,31524864,34358272,4.645867831896118e-05,4.262739161110896e-05,,,,,,,,300000000,,RAW,RAW,,,0.04596,7.569186816692352,base,0.1,constant,0,0.0,0.0,1,RAW_seed4_L_base
RAW,0.5,16,4,0.0003,182016,5104508,48203,578436,6.171764393492639,,2914.231689453125,34970.7802734375,57981.830152724055,0.0001,4.8166704177856445,19.95124340057373,51a86202db31,7672144d0f5e,6.270943177482774,12.65471605064869,0.0607016160819866,1,L,31524864,34358272,0.0011093078870518,0.0010178270977491,,,,,,,,300000000,,RAW,RAW,,,0.477105,0.4885965971741825,base,0.1,constant,0,0.0005,0.0,1,RAW_seed4_L_base
RAW,0.5,16,4,0.0003,411008,11526770,80664,967968,3.563360561303592,,10916.306640625,130995.6796875,186750.5546598395,0.00015,4.718247890472412,40.90515685081482,51a86202db31,7672144d0f5e,3.6216963353233074,12.712383396100998,0.135574729743132,1,L,31524864,34358272,0.0041553130788288,0.0038126387638906,,,,,,,,300000000,,RAW,RAW,,,0.702745,0.0162071306896396,base,0.1,constant,0,0.0005,0.0,1,RAW_seed4_L_base
RAW,0.5,16,4,0.0003,928256,26033375,132421,1589052,2.467117968216468,,25561.670654296875,306740.0478515625,381509.84892534616,0.0001,4.670541763305664,86.0546567440033,51a86202db31,7672144d0f5e,2.5113038756448267,12.677583132338524,0.1932775013026634,1,L,31524864,34358272,0.0097300990053934,0.0089276913533824,,,,,,,,300000000,,RAW,RAW,,,0.79893,0.0052315491676563,base,0.1,constant,0,0.0,0.0,1,RAW_seed4_L_base
RAW,0.5,16,4,0.0003,2096640,58802527,212395,2548740,1.933194696754926,,43554.145751953125,522649.7490234375,581469.3309777818,5e-05,4.689680099487305,185.5889837741852,51a86202db31,7672144d0f5e,1.983866417364564,12.549650140953064,0.2053061512747475,1,L,31524864,34358272,0.0165789691915383,0.0152117588749351,,,,,,,,300000000,,RAW,RAW,,,0.84816,0.0027186802673677,base,0.1,constant,0,0.0005,0.0,1,RAW_seed4_L_base
RAW,0.5,16,4,0.0003,4735616,132815513,323568,3882816,1.6671756883720077,,55569.00390625,666828.046875,702969.9144248662,0.0001,4.744843482971191,405.9542725086212,51a86202db31,7672144d0f5e,1.7133939251354091,12.504360036969183,0.1719823962814617,1,L,31524864,34358272,0.0211524480129398,0.0194080786971766,,,,,,,,300000000,,RAW,RAW,,,0.87263,0.0021299076963041,base,0.1,constant,0,0.917,0.998,1,RAW_seed4_L_base
RAW,0.5,16,4,0.0003,10696576,300003304,488499,5861988,1.432511859173209,,68096.73754882812,817160.8505859375,860445.7570905227,0.0003,4.678956508636475,900.3356552124023,51a86202db31,7672144d0f5e,1.5231726933242962,12.425886202979088,0.1396440934372434,1,L,31524864,34358272,0.0259211538735246,0.0237835258590984,,,,,,,,300000000,,RAW,RAW,,,0.890455,0.0014229299379512,base,0.1,constant,0,0.003,0.002,1,RAW_seed4_L_base
RAW,0.5,16,5,0.0003,35712,1001639,16426,197112,11.667355919909475,,12.98974609375,155.876953125,2651.9436271968843,0.00015,5.073615074157715,4.463398218154907,51a86202db31,29083276ae75,11.704355494410992,12.447137372493744,0.0010349446000243,1,L,31524864,34358272,4.944571787050374e-06,4.536810032966733e-06,,,,,,,,300000000,,RAW,RAW,,,0.004035,10.836015182971954,base,0.1,constant,0,0.0,0.0,1,RAW_seed5_L_base
RAW,0.5,16,5,0.0003,80640,2261912,28383,340596,10.344621435296537,,84.070556640625,1008.8466796875,12430.554192108608,0.0002,5.032786846160889,9.682991027832031,51a86202db31,29083276ae75,10.444999115976096,12.723199640393258,0.00320614452313,1,L,31524864,34358272,3.2001618775817715e-05,2.9362555826075888e-05,,,,,,,,300000000,,RAW,RAW,,,0.031095,7.845222385406494,base,0.1,constant,0,0.001,0.001,1,RAW_seed5_L_base
RAW,0.5,16,5,0.0003,182016,5104940,48309,579708,6.202627769827824,,2874.205810546875,34490.4697265625,57464.33704896961,5e-05,4.8619489669799805,19.703298091888428,51a86202db31,29083276ae75,6.310719440882495,12.681558308792114,0.0597404210395578,1,L,31524864,34358272,0.0010940719594083,0.0010038476244254,,,,,,,,300000000,,RAW,RAW,,,0.47518,0.487635317210108,base,0.1,constant,0,0.0,0.0,1,RAW_seed5_L_base
RAW,0.5,16,5,0.0003,411008,11527225,80933,971196,3.5486256825873155,,11245.240966796877,134942.8916015625,189990.83456118617,0.00025,4.773096084594727,40.41243362426758,51a86202db31,29083276ae75,3.6055087422302936,12.715451935207843,0.1391892058863504,1,L,31524864,34358272,0.0042805225615426,0.0039275226531055,,,,,,,,300000000,,RAW,RAW,,,0.70571,0.0163539450895041,base,0.1,constant,0,0.0,0.0005,1,RAW_seed5_L_base
RAW,0.5,16,5,0.0003,928256,26033459,132559,1590708,2.4429230021142807,,26123.636962890625,313483.6435546875,386357.1854841238,0.0003,4.710464477539063,85.36831545829773,51a86202db31,29083276ae75,2.489369623184549,12.660952356004715,0.1973159121598684,1,L,31524864,34358272,0.0099440125595684,0.0091239641957164,,,,,,,,300000000,,RAW,RAW,,,0.801805,0.0050174724381067,base,0.1,constant,0,0.0,0.0,1,RAW_seed5_L_base
RAW,0.5,16,5,0.0003,2096512,58799778,212931,2555172,1.89839300192121,,43021.014892578125,516252.1787109375,579784.9654555335,0.00015,4.686023712158203,183.1661689281464,51a86202db31,29083276ae75,1.9830401892994447,12.536396129179002,0.2022861866050504,1,L,31524864,34358272,0.0163760319064639,0.0150255571267069,,,,,,,,300000000,,RAW,RAW,,,0.84876,0.0018720451438275,base,0.1,constant,0,0.0,0.0005,1,RAW_seed5_L_base
RAW,0.5,16,5,0.0003,4735616,132818051,324013,3888156,1.6682174897243467,,55207.89526367188,662494.7431640625,696283.5493029854,0.00045,4.697375297546387,406.9667811393738,51a86202db31,29083276ae75,1.7134542129574224,12.46099631009102,0.1706320425415029,1,L,31524864,34358272,0.0210149913149209,0.0192819575781943,,,,,,,,300000000,,RAW,RAW,,,0.872255,0.0021900232530897,base,0.1,constant,0,0.9115,0.999,1,RAW_seed5_L_base
RAW,0.5,16,5,0.0003,10696448,300001065,489052,5868624,1.427689061739104,,68261.6025390625,819139.23046875,866087.8535273422,0.0002,4.656479835510254,902.4454424381256,51a86202db31,29083276ae75,1.522737699618109,12.42438921738863,0.139823577042932,1,L,31524864,34358272,0.0259839100485493,0.0238411067491621,,,,,,,,300000000,,RAW,RAW,,,0.890645,0.0014010809681349,base,0.1,constant,0,0.0015,0.0015,1,RAW_seed5_L_base
FLAT,0.5,16,1,0.0003,35712,1002054,16521,198252,11.75002504736185,,4.966552734375,59.5986328125,2635.191889230752,0.0003,,4.4024083614349365,51a86202db31,872d531d8ff2,11.786302881300449,12.620299692988397,0.0005447612130016,0,L,31524864,34358272,1.8905278326498093e-06,1.7346225331850216e-06,,,,,,,,300000000,,FLAT,30,2.6046921207e-07,156849.0,0.002855,10.843632957935334,cosine,0.1,cosine,1,0.0005,,1,FLAT_seed1_L_cosine
FLAT,0.5,16,1,0.0003,80640,2262035,28614,343368,10.387392756779194,,97.01416015625,1164.169921875,12138.985191336966,0.0004,5.0742034912109375,9.248701333999634,51a86202db31,872d531d8ff2,10.51082289782524,12.716573251366617,0.0036345844691409,0,L,31524864,34358272,3.6928626301924727e-05,3.388325006202291e-05,,,,,,,,300000000,,FLAT,30,2.6046921207e-07,156849.0,0.033755,7.893308361053466,cosine,0.1,cosine,1,0.0005,,1,FLAT_seed1_L_cosine
FLAT,0.5,16,1,0.0003,182016,5105143,48475,581700,6.3995370142391605,,2644.165283203125,31729.9833984375,54407.98431005135,0.00015,5.047165155410767,18.47012424468994,51a86202db31,872d531d8ff2,6.502858459463361,12.765112156713007,0.0547911294481691,0,L,31524864,34358272,0.0010065065910653,0.000923503469512,,,,,,,,300000000,,FLAT,30,2.6046921207e-07,156849.0,0.46071,0.6992370560877025,cosine,0.1,cosine,1,0.0,,1,FLAT_seed1_L_cosine
FLAT,0.5,16,1,0.0003,410880,11524536,150327,1803924,11.65897091108322,,143.299072265625,1719.5888671875,10817.165198170853,0.0003,4.987484335899353,37.9204466342926,51a86202db31,872d531d8ff2,11.718648262643814,12.179227921438216,0.0011973896904747,0,L,31524864,34358272,5.4547066949678194e-05,5.0048758773069264e-05,,,,,,,,300000000,,FLAT,30,2.6046921207e-07,156849.0,0.017425,11.25585286140442,cosine,0.1,cosine,1,0.0,,1,FLAT_seed1_L_cosine
FLAT,0.5,16,1,0.0003,928128,26032025,398532,4782384,11.68698505692005,,277.7021484375,3332.42578125,36412.60490363673,0.0005,5.0883948802948,81.50172448158264,51a86202db31,872d531d8ff2,11.879853971858024,12.1466657204628,0.0009409532986058,0,L,31524864,34358272,0.0001057078559085,9.699049420325912e-05,,,,,,,,300000000,,FLAT,30,2.6046921207e-07,156849.0,0.00637,11.45255921459198,cosine,0.1,cosine,1,0.002,,1,FLAT_seed1_L_cosine
FLAT,0.5,16,1,0.0003,2096512,58801209,641937,7703244,10.513608470921517,,8658.277099609375,103899.3251953125,304173.5167971532,0.0003,5.081226348876953,173.48396158218384,51a86202db31,872d531d8ff2,10.799511763184071,12.39984995932579,0.0137318771156671,0,L,31524864,34358272,0.0032957897992934,0.0030239973999656,,,,,,,,300000000,,FLAT,30,2.6046921207e-07,156849.0,0.069225,10.027873374938965,cosine,0.1,cosine,1,0.0,,1,FLAT_seed1_L_cosine
FLAT,0.5,16,1,0.0003,4735616,132815933,837687,10052244,5.829505005621258,,144954.48657226562,1739453.8388671875,1953544.6926867848,0.0005,5.0189244747161865,376.8162896633148,51a86202db31,872d531d8ff2,6.078859570421688,12.870311125397684,0.1732854873001491,0,L,31524864,34358272,0.055177203583406,0.0506269302154423,,,,,,,,300000000,,FLAT,30,2.6046921207e-07,156849.0,0.5546,5.451840052574873,cosine,0.1,cosine,1,0.991,,1,FLAT_seed1_L_cosine
FLAT,0.5,16,1,0.0003,10696320,300001987,964593,11575116,0.5578715399489691,,467333.5036621094,5608002.0439453125,5518676.449487786,0.0003,4.851077914237976,825.3269281387329,51a86202db31,872d531d8ff2,0.6168950009557977,13.185513910865785,0.484731902470783,0,L,31524864,34358272,0.1778913953108667,0.1632213064715627,,,,,,,,300000000,,FLAT,30,2.6046921207e-07,156849.0,0.982385,0.3490756596233695,cosine,0.1,cosine,0,0.3635,,1,FLAT_seed1_L_cosine
FLAT,0.5,16,2,0.0003,35712,1002175,16504,198048,11.60098828250885,,14.970703125,179.6484375,2877.140511746216,0.0002,,4.398128509521484,51a86202db31,6eedd7e33fa7,11.640231769216062,12.329742973136902,0.0011512360639844,0,L,31524864,34358272,5.69862688384635e-06,5.228680810839381e-06,,,,,,,,300000000,,FLAT,30,2.6046921207e-07,156849.0,0.00547,10.780049568653109,cosine,0.1,cosine,1,0.0015,,1,FLAT_seed2_L_cosine
FLAT,0.5,16,2,0.0003,80640,2261705,28300,339600,10.25639026373148,,160.0908203125,1921.08984375,13051.94915873766,0.0002,5.096994876861572,9.258249998092651,51a86202db31,6eedd7e33fa7,10.355348541308642,12.67646002099514,0.0059010600706713,0,L,31524864,34358272,6.093887807890305e-05,5.591345931919975e-05,,,,,,,,300000000,,FLAT,30,2.6046921207e-07,156849.0,0.056975,7.677963638782502,cosine,0.1,cosine,1,0.0005,,1,FLAT_seed2_L_cosine
FLAT,0.5,16,2,0.0003,182016,5104542,48143,577716,6.005864271543599,,3102.246337890625,37226.9560546875,62597.92386212546,0.0002,5.021478891372681,18.36497211456299,51a86202db31,6eedd7e33fa7,6.130650957833659,12.737466785728932,0.0646823006459921,0,L,31524864,34358272,0.001180876023912,0.0010834932575971,,,,,,,,300000000,,FLAT,30,2.6046921207e-07,156849.0,0.49146,0.4220444815549999,cosine,0.1,cosine,1,0.0,,1,FLAT_seed2_L_cosine
FLAT,0.5,16,2,0.0003,411008,11527477,150553,1806636,11.308977466928958,,368.243896484375,4418.9267578125,19858.347359850217,0.00025,4.9723289012908936,37.71425914764404,51a86202db31,6eedd7e33fa7,11.360202800564766,12.202680696535111,0.002690082562287,0,L,31524864,34358272,0.0001401727461159,0.0001286131839753,,,,,,,,300000000,,FLAT,30,2.6046921207e-07,156849.0,0.051755,10.6597636885643,cosine,0.1,cosine,1,0.0005,,1,FLAT_seed2_L_cosine
FLAT,0.5,16,2,0.0003,928256,26034033,398762,4785144,11.232614453077316,,763.64599609375,9163.751953125,67168.07404494839,0.0003,5.102597713470459,80.07851076126099,51a86202db31,6eedd7e33fa7,11.428853310837743,12.21753314385414,0.0021591826703647,0,L,31524864,34358272,0.0002906833143871,0.0002667116656252,,,,,,,,300000000,,FLAT,30,2.6046921207e-07,156849.0,0.025935,10.723487455368042,cosine,0.1,cosine,1,0.0005,,1,FLAT_seed2_L_cosine
FLAT,0.5,16,2,0.0003,2096512,58800742,641378,7696536,9.90602422501564,,20873.41357421875,250480.962890625,479094.5045087233,0.00015,5.081077098846436,172.66723728179932,51a86202db31,6eedd7e33fa7,10.181550480807424,12.444478509378431,0.0327887766652426,0,L,31524864,34358272,0.0079455049477969,0.0072902666027739,,,,,,,,300000000,,FLAT,30,2.6046921207e-07,156849.0,0.136175,9.423188766479493,cosine,0.1,cosine,1,0.0,,1,FLAT_seed2_L_cosine
FLAT,0.5,16,2,0.0003,4735360,132815534,837093,10045116,5.083762582658008,,171422.63159179688,2057071.5791015625,2232784.432185992,0.0001,4.983551859855652,373.8084032535553,51a86202db31,6eedd7e33fa7,5.32241497848535,12.944933982777597,0.2050273983894262,0,L,31524864,34358272,0.0652523537960881,0.0598712175950397,,,,,,,,300000000,,FLAT,30,2.6046921207e-07,156849.0,0.636215,4.711670679733158,cosine,0.1,cosine,1,0.986,,1,FLAT_seed2_L_cosine
FLAT,0.5,16,2,0.0003,10696192,300002541,964636,11575632,0.5280689585730107,,479124.4931640625,5749493.91796875,5627449.4246023325,0.0002,4.829440712928772,820.5397348403931,51a86202db31,6eedd7e33fa7,0.5818833543938492,13.152098712015151,0.496933558357764,0,L,31524864,34358272,0.1823796580999921,0.1673394377333281,,,,,,,,300000000,,FLAT,30,2.6046921207e-07,156849.0,0.983,0.3064321872703731,cosine,0.1,cosine,0,0.3605,,1,FLAT_seed2_L_cosine
RAW,0.5,16,1,0.0003,35712,1002054,16521,198252,11.75002504736185,,4.966552734375,59.5986328125,2635.191889230752,0.0003,,4.400716304779053,51a86202db31,70f4e08486a7,11.786302881300449,12.620299692988397,0.0005447612130016,0,L,31524864,34358272,1.8905278326498093e-06,1.7346225331850216e-06,,,,,,,,300000000,,RAW,RAW,,,0.002855,10.843632957935334,cosine,0.1,cosine,1,0.0005,,1,RAW_seed1_L_cosine
RAW,0.5,16,1,0.0003,80640,2262035,28614,343368,10.387392756779194,,97.01416015625,1164.169921875,12138.985191336966,0.0004,5.0742034912109375,9.31309461593628,51a86202db31,70f4e08486a7,10.51082289782524,12.716573251366617,0.0036345844691409,0,L,31524864,34358272,3.6928626301924727e-05,3.388325006202291e-05,,,,,,,,300000000,,RAW,RAW,,,0.033755,7.893308361053466,cosine,0.1,cosine,1,0.0005,,1,RAW_seed1_L_cosine
RAW,0.5,16,1,0.0003,182016,5105143,48475,581700,6.3995370142391605,,2644.165283203125,31729.9833984375,54407.98431005135,0.00015,5.047165155410767,18.58866500854492,51a86202db31,70f4e08486a7,6.502858459463361,12.765112156713007,0.0547911294481691,0,L,31524864,34358272,0.0010065065910653,0.000923503469512,,,,,,,,300000000,,RAW,RAW,,,0.46071,0.6992370560877025,cosine,0.1,cosine,1,0.0,,1,RAW_seed1_L_cosine
RAW,0.5,16,1,0.0003,410880,11524536,80829,969948,3.767008893408816,,10319.266357421877,123831.1962890625,172736.02565907963,0.0004,4.824724316596985,38.13718390464783,51a86202db31,70f4e08486a7,3.833592563387807,12.758801160788536,0.1279120117779509,0,L,31524864,34358272,0.003928048548887,0.00360411595464,,,,,,,,300000000,,RAW,RAW,,,0.69253,0.0502832925131078,cosine,0.1,cosine,1,0.0,,1,RAW_seed1_L_cosine
RAW,0.5,16,1,0.0003,928128,26032025,132442,1589304,2.6273072116668628,,23571.66552734375,282859.986328125,351022.93069511256,0.00015,4.733023405075073,79.36876583099365,51a86202db31,70f4e08486a7,2.688062989841685,12.7138438778162,0.1782214101266969,0,L,31524864,34358272,0.0089725997335983,0.0082326604297249,,,,,,,,300000000,,RAW,RAW,,,0.78924,0.0137381912537966,cosine,0.1,cosine,1,0.0,,1,RAW_seed1_L_cosine
RAW,0.5,16,1,0.0003,2096512,58801209,212985,2555820,2.094284541932312,,37321.001708984375,447852.0205078125,518450.4643514048,0.00035,4.715884685516357,169.90749597549438,51a86202db31,70f4e08486a7,2.1801339761858167,12.625841614985466,0.1754724511115806,0,L,31524864,34358272,0.0142063109457922,0.0130347655582857,,,,,,,,300000000,,RAW,RAW,,,0.83544,0.0055830632521829,cosine,0.1,cosine,1,0.0005,,1,RAW_seed1_L_cosine
RAW,0.5,16,1,0.0003,4735616,132815933,324075,3888900,1.7295802422815811,,53655.880126953125,643870.5615234375,696939.4352754144,0.0004,4.724644899368286,372.2886905670166,51a86202db31,70f4e08486a7,1.785161169514613,12.5628071246624,0.1658103833989045,0,L,31524864,34358272,0.0204242137737196,0.0187398994199544,,,,,,,,300000000,,RAW,RAW,,,0.868475,0.003604221253001,cosine,0.1,cosine,1,0.7055,,1,RAW_seed1_L_cosine
RAW,0.5,16,1,0.0003,10696320,300001987,488690,5864280,1.0705940839410195,,115600.69091796876,1387208.291015625,1363280.4912219606,0.0003,4.67187774181366,815.5753152370453,51a86202db31,70f4e08486a7,1.1298669347533363,12.425886082816124,0.2367963330536741,0,L,31524864,34358272,0.0440036249170059,0.040374797982146,,,,,,,,300000000,,RAW,RAW,,,0.923595,0.0016477283793501,cosine,0.1,cosine,0,0.079,,1,RAW_seed1_L_cosine
RAW,0.5,16,2,0.0003,35712,1002175,16504,198048,11.60098828250885,,14.970703125,179.6484375,2877.140511746216,0.0002,,4.436664581298828,51a86202db31,55e56556dd84,11.640231769216062,12.329742973136902,0.0011512360639844,0,L,31524864,34358272,5.69862688384635e-06,5.228680810839381e-06,,,,,,,,300000000,,RAW,RAW,,,0.00547,10.780049568653109,cosine,0.1,cosine,1,0.0015,,1,RAW_seed2_L_cosine
RAW,0.5,16,2,0.0003,80640,2261705,28300,339600,10.25639026373148,,160.0908203125,1921.08984375,13051.94915873766,0.0002,5.096994876861572,9.360721588134766,51a86202db31,55e56556dd84,10.355348541308642,12.67646002099514,0.0059010600706713,0,L,31524864,34358272,6.093887807890305e-05,5.591345931919975e-05,,,,,,,,300000000,,RAW,RAW,,,0.056975,7.677963638782502,cosine,0.1,cosine,1,0.0005,,1,RAW_seed2_L_cosine
RAW,0.5,16,2,0.0003,182016,5104542,48143,577716,6.005864271543599,,3102.246337890625,37226.9560546875,62597.92386212546,0.0002,5.021478891372681,18.898868083953857,51a86202db31,55e56556dd84,6.130650957833659,12.737466785728932,0.0646823006459921,0,L,31524864,34358272,0.001180876023912,0.0010834932575971,,,,,,,,300000000,,RAW,RAW,,,0.49146,0.4220444815549999,cosine,0.1,cosine,1,0.0,,1,RAW_seed2_L_cosine
RAW,0.5,16,2,0.0003,411008,11527477,80709,968508,3.667764239212577,,10836.295654296877,130035.5478515625,179408.93604052713,0.00015,4.8289124965667725,38.09941411018372,51a86202db31,55e56556dd84,3.738824747183804,12.734592354786397,0.1345079235277354,0,L,31524864,34358272,0.0041248567432856,0.0037846940571272,,,,,,,,300000000,,RAW,RAW,,,0.69943,0.0399446707668248,cosine,0.1,cosine,1,0.0,,1,RAW_seed2_L_cosine
RAW,0.5,16,2,0.0003,928256,26034033,132534,1590408,2.6283988708504022,,23475.64306640625,281707.716796875,350755.0521790819,0.0003,4.749934434890747,79.50372171401978,51a86202db31,55e56556dd84,2.682189765912873,12.68915643093586,0.1773733532527502,0,L,31524864,34358272,0.0089360485995078,0.0081991235413956,,,,,,,,300000000,,RAW,RAW,,,0.78887,0.0152053996663889,cosine,0.1,cosine,1,0.0,,1,RAW_seed2_L_cosine
RAW,0.5,16,2,0.0003,2096512,58800742,212453,2549436,2.106527557137655,,36790.13159179688,441481.5791015625,517454.8746873172,0.0005,4.709480404853821,170.60846948623657,51a86202db31,55e56556dd84,2.1869077413102143,12.65849763083458,0.1734124724056615,0,L,31524864,34358272,0.0140042342165714,0.0128493533988427,,,,,,,,300000000,,RAW,RAW,,,0.83357,0.0055074455661233,cosine,0.1,cosine,1,0.0,,1,RAW_seed2_L_cosine
RAW,0.5,16,2,0.0003,4735360,132815534,323533,3882396,1.7249925904607617,,53458.01245117188,641496.1494140625,694128.634052034,0.00055,4.705591440200806,376.6959941387177,51a86202db31,55e56556dd84,1.780850627338622,12.561151936244965,0.1654761647189004,0,L,31524864,34358272,0.0203488950630861,0.0186707919831958,,,,,,,,300000000,,RAW,RAW,,,0.868195,0.0036111768242699,cosine,0.1,cosine,1,0.718,,1,RAW_seed2_L_cosine
RAW,0.5,16,2,0.0003,10696192,300002541,488195,5858340,1.0586817474305623,,114726.81176757812,1376721.7412109375,1359421.55040983,5e-05,4.657555818557739,870.0990986824036,51a86202db31,55e56556dd84,1.1069919156813826,12.389438877868653,0.2352461618820348,0,L,31524864,34358272,0.0436709811408207,0.0400695861890533,,,,,,,,300000000,,RAW,RAW,,,0.92457,0.0017592146117822,cosine,0.1,cosine,0,0.097,,1,RAW_seed2_L_cosine
FLAT,0.5,16,1,0.0003,35712,1002054,16521,198252,11.47444085273981,,24.966552734375,299.5986328125,3808.52667201829,0.0003,5.087945938110352,4.558311939239502,51a86202db31,350e6f7a6220,11.53197314622879,12.405616093063356,0.0017553416863385,1,L,31524864,34358272,9.503566226725038e-06,8.719839950405538e-06,,,,,,,,300000000,,FLAT,30,2.6046921207e-07,156849.0,0.00837,10.448429656028749,wd0,0.0,constant,0,0.0,0.0,1,FLAT_seed1_L_wd0
FLAT,0.5,16,1,0.0003,80640,2262035,28614,343368,10.139478970022202,,183.01416015625,2196.169921875,13760.221671766138,0.00025,5.026708126068115,9.83789348602295,51a86202db31,350e6f7a6220,10.24167070194304,12.738282957673071,0.0066401062416998,1,L,31524864,34358272,6.966469139644821e-05,6.391968495607113e-05,,,,,,,,300000000,,FLAT,30,2.6046921207e-07,156849.0,0.0667,7.375866376280785,wd0,0.0,constant,0,0.0005,0.0005,1,FLAT_seed1_L_wd0
FLAT,0.5,16,1,0.0003,182016,5105143,48475,581700,5.9232051166871,,3244.165283203125,38929.9833984375,64315.43805092774,5e-05,4.8589701652526855,19.981273412704468,51a86202db31,350e6f7a6220,6.0190797145933095,12.661111265587806,0.0671686436307374,1,L,31524864,34358272,0.0012348977428875,0.0011330599920286,,,,,,,,300000000,,FLAT,30,2.6046921207e-07,156849.0,0.498895,0.3323391542676836,wd0,0.0,constant,0,0.0,0.0,1,FLAT_seed1_L_wd0
FLAT,0.5,16,1,0.0003,410880,11524536,150327,1803924,10.873660730559823,,1221.299072265625,14655.5888671875,27082.98601564102,0.00015,5.099708557128906,41.31504225730896,51a86202db31,350e6f7a6220,10.927207867221831,12.139281966018675,0.0083684235034291,1,L,31524864,34358272,0.0004648898363903,0.0004265519775612,,,,,,,,300000000,,FLAT,30,2.6046921207e-07,156849.0,0.192105,9.965570364952088,wd0,0.0,constant,0,0.0,0.0,1,FLAT_seed1_L_wd0
FLAT,0.5,16,1,0.0003,928128,26032025,398532,4782384,11.296177345707417,,655.7021484375,7868.42578125,55297.98758903732,0.00015,5.072761058807373,88.93507790565491,51a86202db31,350e6f7a6220,11.487416543197632,12.14364203953743,0.0018894342236006,1,L,31524864,34358272,0.0002495942815566,0.0002290111033887,,,,,,,,300000000,,FLAT,30,2.6046921207e-07,156849.0,0.03001,10.829140067100523,wd0,0.0,constant,0,0.0,0.0,1,FLAT_seed1_L_wd0
FLAT,0.5,16,1,0.0003,2096512,58801209,641937,7703244,10.059083343461156,,13793.277099609377,165519.3251953125,380155.0636790307,0.0003,5.070773601531982,190.80175232887268,51a86202db31,350e6f7a6220,10.351283805958031,12.379629398155211,0.0217311044541754,1,L,31524864,34358272,0.0052504374069722,0.004817451971837,,,,,,,,300000000,,FLAT,30,2.6046921207e-07,156849.0,0.13287,9.475967695236204,wd0,0.0,constant,0,0.0005,0.0,1,FLAT_seed1_L_wd0
FLAT,0.5,16,1,0.0003,4735616,132815933,837687,10052244,5.7746083468064855,,150498.48657226562,1805981.8388671875,1939057.9796534893,0.00025,4.968926906585693,412.5700125694275,51a86202db31,350e6f7a6220,5.997118479514457,12.817365352749825,0.17990371105198,1,L,31524864,34358272,0.0572875378262436,0.0525632324834959,,,,,,,,300000000,,FLAT,30,2.6046921207e-07,156849.0,0.593545,5.428256531044841,wd0,0.0,constant,0,0.9995,1.0,1,FLAT_seed1_L_wd0
FLAT,0.5,16,1,0.0003,10696320,300001987,964593,11575116,1.1145478678631595,,362148.5036621094,4345782.0439453125,4384822.267769468,0.00035,4.879337787628174,905.4144032001496,51a86202db31,350e6f7a6220,1.1832960334311984,13.217332157754898,0.3756859110526409,1,L,31524864,34358272,0.1378525231368266,0.1264843017700457,,,,,,,,300000000,,FLAT,30,2.6046921207e-07,156849.0,0.96762,0.8257061368352734,wd0,0.0,constant,0,0.096,0.053,1,FLAT_seed1_L_wd0
FLAT,0.5,16,2,0.0003,35712,1002175,16504,198048,11.68554215464592,,11.970703125,143.6484375,2722.2358709285736,0.00035,5.060895919799805,4.46195912361145,51a86202db31,6fd037e31035,11.716275781345368,12.535150230360031,0.0009694619486185,1,L,31524864,34358272,4.556671124735066e-06,4.180898198256303e-06,,,,,,,,300000000,,FLAT,30,2.6046921207e-07,156849.0,0.003295,10.770516533851625,wd0,0.0,constant,0,0.0,0.0005,1,FLAT_seed2_L_wd0
FLAT,0.5,16,2,0.0003,80640,2261705,28300,339600,10.35553547285676,,72.0908203125,865.08984375,12473.376216671466,0.00025,5.028485298156738,9.66985249519348,51a86202db31,6fd037e31035,10.447321628313064,12.756715474820137,0.0027915194346289,1,L,31524864,34358272,2.7441509144972046e-05,2.517850268342948e-05,,,,,,,,300000000,,FLAT,30,2.6046921207e-07,156849.0,0.029105,7.82296921300888,wd0,0.0,constant,0,0.0,0.0,1,FLAT_seed2_L_wd0
FLAT,0.5,16,2,0.0003,182016,5104542,48143,577716,6.083362731206301,,3030.246337890625,36362.9560546875,59893.07877159144,5e-05,4.890194416046143,19.69340467453003,51a86202db31,6fd037e31035,6.189374073924292,12.637983717298509,0.0631867561223853,1,L,31524864,34358272,0.0011534690856933,0.0010583464748951,,,,,,,,300000000,,FLAT,30,2.6046921207e-07,156849.0,0.485695,0.3921663942132145,wd0,0.0,constant,0,0.0005,0.0,1,FLAT_seed2_L_wd0
FLAT,0.5,16,2,0.0003,411008,11527477,150553,1806636,10.787124063296318,,1332.243896484375,15986.9267578125,29524.443486753225,0.0002,5.06797456741333,41.01613521575928,51a86202db31,6fd037e31035,10.84236572991848,12.14940762629509,0.0090931432784467,1,L,31524864,34358272,0.0005071211967103,0.0004653006634854,,,,,,,,300000000,,FLAT,30,2.6046921207e-07,156849.0,0.20648,9.789581824302674,wd0,0.0,constant,0,0.0005,0.001,1,FLAT_seed2_L_wd0
FLAT,0.5,16,2,0.0003,928256,26034033,398762,4785144,10.835952057471276,,1417.64599609375,17011.751953125,96319.91951099214,0.0001,5.085598468780518,87.75732254981995,51a86202db31,6fd037e31035,11.02745079685688,12.251017729663848,0.0037992587056941,1,L,31524864,34358272,0.0005396296698734,0.0004951282751683,,,,,,,,300000000,,FLAT,30,2.6046921207e-07,156849.0,0.071635,10.06345162343979,wd0,0.0,constant,0,0.0,0.0005,1,FLAT_seed2_L_wd0
FLAT,0.5,16,2,0.0003,2096512,58800742,641378,7696536,9.43952228022933,,28307.41357421875,339688.962890625,547565.8305468954,0.00025,5.074725151062012,188.56735229492188,51a86202db31,6fd037e31035,9.72105694209814,12.403830342125891,0.044379445506394,1,L,31524864,34358272,0.0107752713188746,0.0098866719167548,,,,,,,,300000000,,FLAT,30,2.6046921207e-07,156849.0,0.222885,8.757934319257735,wd0,0.0,constant,0,0.0,0.0,1,FLAT_seed2_L_wd0
FLAT,0.5,16,2,0.0003,4735360,132815534,837093,10045116,4.767576172666215,,187141.63159179688,2245699.5791015625,2311379.254580635,0.00015,4.977778434753418,408.637891292572,51a86202db31,6fd037e31035,4.969464565838445,12.859329459309578,0.2238054792000411,1,L,31524864,34358272,0.0712358213219115,0.0653612492241042,,,,,,,,300000000,,FLAT,30,2.6046921207e-07,156849.0,0.69569,4.424342041425407,wd0,0.0,constant,0,0.9995,1.0,1,FLAT_seed2_L_wd0
FLAT,0.5,16,2,0.0003,10696192,300002541,964636,11575632,0.953178656286943,,381138.4931640625,4573661.91796875,4592388.687583056,0.0001,4.862832069396973,897.627336025238,51a86202db31,6fd037e31035,1.0218930232786656,13.1838597853899,0.3953553464726591,1,L,31524864,34358272,0.1450810990958993,0.1331167620411396,,,,,,,,300000000,,FLAT,30,2.6046921207e-07,156849.0,0.973155,0.6742981217328925,wd0,0.0,constant,0,0.0935,0.042,1,FLAT_seed2_L_wd0
RAW,0.5,16,1,0.0003,35712,1002054,16521,198252,11.47444085273981,,24.966552734375,299.5986328125,3808.52667201829,0.0003,5.087945938110352,4.551049470901489,51a86202db31,db0430bdbc81,11.53197314622879,12.405616093063356,0.0017553416863385,1,L,31524864,34358272,9.503566226725038e-06,8.719839950405538e-06,,,,,,,,300000000,,RAW,RAW,,,0.00837,10.448429656028749,wd0,0.0,constant,0,0.0,0.0,1,RAW_seed1_L_wd0
RAW,0.5,16,1,0.0003,80640,2262035,28614,343368,10.139478970022202,,183.01416015625,2196.169921875,13760.221671766138,0.00025,5.026708126068115,9.872578859329224,51a86202db31,db0430bdbc81,10.24167070194304,12.738282957673071,0.0066401062416998,1,L,31524864,34358272,6.966469139644821e-05,6.391968495607113e-05,,,,,,,,300000000,,RAW,RAW,,,0.0667,7.375866376280785,wd0,0.0,constant,0,0.0005,0.0005,1,RAW_seed1_L_wd0
RAW,0.5,16,1,0.0003,182016,5105143,48475,581700,5.9232051166871,,3244.165283203125,38929.9833984375,64315.43805092774,5e-05,4.8589701652526855,20.274048328399655,51a86202db31,db0430bdbc81,6.0190797145933095,12.661111265587806,0.0671686436307374,1,L,31524864,34358272,0.0012348977428875,0.0011330599920286,,,,,,,,300000000,,RAW,RAW,,,0.498895,0.3323391542676836,wd0,0.0,constant,0,0.0,0.0,1,RAW_seed1_L_wd0
RAW,0.5,16,1,0.0003,410880,11524536,80829,969948,3.481582746260061,,11888.266357421877,142659.1962890625,195911.61362471225,0.0003,4.79224157333374,41.46386456489563,51a86202db31,db0430bdbc81,3.536991901915657,12.700477637660503,0.147323361664749,1,L,31524864,34358272,0.0045252914109022,0.0041521062610209,,,,,,,,300000000,,RAW,RAW,,,0.71296,0.0152948185820132,wd0,0.0,constant,0,0.0005,0.0,1,RAW_seed1_L_wd0
RAW,0.5,16,1,0.0003,928128,26032025,132442,1589304,2.4153400204264948,,27164.66552734375,325975.986328125,395436.8517890228,0.00025,4.683980464935303,86.77565479278564,51a86202db31,db0430bdbc81,2.4647762158771567,12.645755519652369,0.2053502665317648,1,L,31524864,34358272,0.0103402820810939,0.0094875547387285,,,,,,,,300000000,,RAW,RAW,,,0.80564,0.0048074312528478,wd0,0.0,constant,0,0.0005,0.0,1,RAW_seed1_L_wd0
RAW,0.5,16,1,0.0003,2096512,58801209,212985,2555820,1.868404861421722,,45206.001708984375,542472.0205078125,601423.1533278949,0.0002,4.6888837814331055,186.99493288993835,51a86202db31,db0430bdbc81,1.950933396425388,12.543938366103172,0.2124938375941967,1,L,31524864,34358272,0.0172077513326564,0.0157886875250249,,,,,,,,300000000,,RAW,RAW,,,0.853535,0.0017721381102164,wd0,0.0,constant,0,0.0,0.0005,1,RAW_seed1_L_wd0
RAW,0.5,16,1,0.0003,4735616,132815933,324075,3888900,1.5810976320342696,,59850.880126953125,718210.5615234375,746275.6166287923,0.00035,4.671449184417725,410.2626461982727,51a86202db31,db0430bdbc81,1.64230858788172,12.465837872958184,0.1849263287819177,1,L,31524864,34358272,0.0227823524162844,0.0209035705149385,,,,,,,,300000000,,RAW,RAW,,,0.88007,0.0015343520912865,wd0,0.0,constant,0,0.9355,1.0,1,RAW_seed1_L_wd0
RAW,0.5,16,1,0.0003,10696320,300001987,488690,5864280,1.255108253490541,,81621.69091796875,979460.291015625,1002929.3696740898,0.00035,4.685983180999756,929.335922718048,51a86202db31,db0430bdbc81,1.3400040933507658,12.350494082427025,0.1672655466655753,1,L,31524864,34358272,0.0310694533373918,0.0285072628511592,,,,,,,,300000000,,RAW,RAW,,,0.905355,0.0008828910918527,wd0,0.0,constant,0,0.011,0.007,1,RAW_seed1_L_wd0
RAW,0.5,16,2,0.0003,35712,1002175,16504,198048,11.68554215464592,,11.970703125,143.6484375,2722.2358709285736,0.00035,5.060895919799805,4.427838087081909,51a86202db31,0fe6d4570af0,11.716275781345368,12.535150230360031,0.0009694619486185,1,L,31524864,34358272,4.556671124735066e-06,4.180898198256303e-06,,,,,,,,300000000,,RAW,RAW,,,0.003295,10.770516533851625,wd0,0.0,constant,0,0.0,0.0005,1,RAW_seed2_L_wd0
RAW,0.5,16,2,0.0003,80640,2261705,28300,339600,10.35553547285676,,72.0908203125,865.08984375,12473.376216671466,0.00025,5.028485298156738,9.592474937438965,51a86202db31,0fe6d4570af0,10.447321628313064,12.756715474820137,0.0027915194346289,1,L,31524864,34358272,2.7441509144972046e-05,2.517850268342948e-05,,,,,,,,300000000,,RAW,RAW,,,0.029105,7.82296921300888,wd0,0.0,constant,0,0.0,0.0,1,RAW_seed2_L_wd0
RAW,0.5,16,2,0.0003,182016,5104542,48143,577716,6.083362731206301,,3030.246337890625,36362.9560546875,59893.07877159144,5e-05,4.890194416046143,19.480104207992557,51a86202db31,0fe6d4570af0,6.189374073924292,12.637983717298509,0.0631867561223853,1,L,31524864,34358272,0.0011534690856933,0.0010583464748951,,,,,,,,300000000,,RAW,RAW,,,0.485695,0.3921663942132145,wd0,0.0,constant,0,0.0005,0.0,1,RAW_seed2_L_wd0
RAW,0.5,16,2,0.0003,411008,11527477,80709,968508,3.4831261755267597,,11812.295654296877,141747.5478515625,196242.5941682876,0.00015,4.75844144821167,39.93831014633179,51a86202db31,0fe6d4570af0,3.541299765577072,12.699956118106842,0.1466007508456306,1,L,31524864,34358272,0.0044963730169165,0.0041255726670876,,,,,,,,300000000,,RAW,RAW,,,0.71246,0.0142709786898922,wd0,0.0,constant,0,0.0,0.0,1,RAW_seed2_L_wd0
RAW,0.5,16,2,0.0003,928256,26034033,132534,1590408,2.403521380180325,,27395.64306640625,328747.716796875,397901.1377824255,0.00015,4.720519065856934,84.30070495605469,51a86202db31,0fe6d4570af0,2.4461618317197824,12.629591532576084,0.206950669262227,1,L,31524864,34358272,0.0104282041247465,0.0095682261551708,,,,,,,,300000000,,RAW,RAW,,,0.80546,0.0049983562492998,wd0,0.0,constant,0,0.0,0.0005,1,RAW_seed2_L_wd0
RAW,0.5,16,2,0.0003,2096512,58800742,212453,2549436,1.8654650403014728,,45792.13159179688,549505.5791015625,605515.1942283366,0.00035,4.713437080383301,181.1259791851044,51a86202db31,0fe6d4570af0,1.919730192394614,12.51296585624218,0.215784196975331,1,L,31524864,34358272,0.0174308627977447,0.0159933997583336,,,,,,,,300000000,,RAW,RAW,,,0.85395,0.0023500043386884,wd0,0.0,constant,0,0.0,0.0005,1,RAW_seed2_L_wd0
RAW,0.5,16,2,0.0003,4735360,132815534,323533,3882396,1.5663368151797334,,60719.01245117188,728628.1494140625,759375.6705759742,0.0004,4.691709518432617,397.7205021381378,51a86202db31,0fe6d4570af0,1.612542731315142,12.48582497588396,0.1879190067164709,1,L,31524864,34358272,0.0231128086520551,0.0212067751665177,,,,,,,,300000000,,RAW,RAW,,,0.882055,0.0017644189267884,wd0,0.0,constant,0,0.943,1.0,1,RAW_seed2_L_wd0
RAW,0.5,16,2,0.0003,10696192,300002541,488195,5858340,1.2576438794739178,,83398.81176757812,1000785.7412109376,1038750.896872636,0.0003,4.656493186950684,883.5219779014587,51a86202db31,0fe6d4570af0,1.3500254677874113,12.432425057864188,0.1710750827026086,1,L,31524864,34358272,0.0317459178003412,0.0291279416267191,,,,,,,,300000000,,RAW,RAW,,,0.906445,0.0011737252808379,wd0,0.0,constant,0,0.0105,0.008,1,RAW_seed2_L_wd0
CURATEDF,0.5,0,3,0.0003,83072,1000430,29062,348744,10.03841685280919,,268.90478515625,3226.857421875,13722.228000421332,0.0001,2.264937400817871,7.274084091186523,51a86202db31,39bd0311e902,10.11833872848153,12.61331552696228,0.0094969375817218,1,M,7993152,9582336,0.000403702747286,0.000336750602554,,,,,,,,300000000,,CURATED,100,2.0057493899e-06,39479.0,0.101365,7.258132418632507,base,0.1,constant,0,0.0005,0.0005,1,CURATEDF_seed3_M_base
CURATEDF,0.5,0,3,0.0003,187520,2258949,49356,592272,6.651002280787341,,2330.9501953125,27971.40234375,46913.93685026572,0.00015,1.9393787384033203,16.48417901992798,51a86202db31,39bd0311e902,6.721727334581948,12.58007518134117,0.0474714320447362,1,M,7993152,9582336,0.0034994207971711,0.0029190588123553,,,,,,,,300000000,,CURATED,100,2.0057493899e-06,39479.0,0.439405,0.900757916674018,base,0.1,constant,0,0.0005,0.0005,1,CURATEDF_seed3_M_base
CURATEDF,0.5,0,3,0.0003,423680,5103645,128329,1539948,6.976842395840362,,4916.669677734375,59000.0361328125,109588.38475400014,0.00025,2.335066795349121,36.17516660690308,51a86202db31,39bd0311e902,7.091660471698717,12.417469557142258,0.0385571460854522,1,M,7993152,9582336,0.0073813229290288,0.0061571662831289,,,,,,,,300000000,,CURATED,100,2.0057493899e-06,39479.0,0.53099,3.1014156325757503,base,0.1,constant,0,0.0005,0.001,1,CURATEDF_seed3_M_base
CURATEDF,0.5,0,3,0.0003,956672,11525473,279281,3351372,6.35757689106986,,24772.81616210937,297273.7939453125,353226.4913458942,5e-05,2.214846611022949,79.37939238548279,51a86202db31,39bd0311e902,6.462376298456788,12.46727497446537,0.0889462584278916,1,M,7993152,9582336,0.0371910597903446,0.0310231027116261,,,,,,,,300000000,,CURATED,100,2.0057493899e-06,39479.0,0.62164,3.99873438359797,base,0.1,constant,0,0.0015,0.001,1,CURATEDF_seed3_M_base
CURATEDF,0.5,0,3,0.0003,2161024,26032537,460258,5523096,2.6182189694211537,,74534.63232421875,894415.587890625,1023586.0172238894,0.0003,2.003765106201172,174.4778904914856,51a86202db31,39bd0311e902,2.71133275988536,13.006634617090226,0.1621851222575164,1,M,7993152,9582336,0.1118977329457296,0.0933400360716452,,,,,,,,300000000,,CURATED,100,2.0057493899e-06,39479.0,0.86246,1.3968749919906258,base,0.1,constant,0,0.0005,0.0,1,CURATEDF_seed3_M_base
CURATEDF,0.5,0,3,0.0003,4881024,58800005,655139,7861668,1.587533729164661,,102407.05395507812,1228884.6474609375,1396215.5784140413,0.0003,1.8993940353393557,386.8853118419647,51a86202db31,39bd0311e902,1.662497561469311,13.098565796756745,0.1565576160173642,1,M,7993152,9582336,0.1537421842423286,0.1282447878534981,,,,,,,,300000000,,CURATED,100,2.0057493899e-06,39479.0,0.917745,0.7201337640974671,base,0.1,constant,0,0.897,0.933,1,CURATEDF_seed3_M_base
CURATEDF,0.5,0,3,0.0003,11024896,132816016,851830,10221960,1.0588599240859318,,127833.03369140624,1533996.404296875,1735133.5453425115,0.00035,1.787226915359497,861.443017244339,51a86202db31,39bd0311e902,1.1254158596747508,13.027441308021546,0.1503128558515196,1,M,7993152,9582336,0.1919138287745403,0.160085850078402,,,,,,,,300000000,,CURATED,100,2.0057493899e-06,39479.0,0.93435,0.2769415271142497,base,0.1,constant,0,0.0035,0.0025,1,CURATEDF_seed3_M_base
CURATEDF,0.5,0,3,0.0003,24903296,300000701,967333,11607996,0.903801525575926,,126671.83471679688,1520062.0166015625,1832193.0424156417,0.00025,1.7728365659713743,1893.1878492832184,51a86202db31,39bd0311e902,0.9449721685684264,12.798941554832458,0.1311937047531718,1,M,7993152,9582336,0.190170538055771,0.1586316756792459,,,,,,,,300000000,,CURATED,100,2.0057493899e-06,39479.0,0.93582,0.1617053109947592,base,0.1,constant,0,0.0,0.001,1,CURATEDF_seed3_M_base
CURATEDF,0.5,0,4,0.0003,83072,1000779,28979,347748,10.03919949624896,,298.925048828125,3587.1005859375,13632.404159415222,0.00015,2.2105536460876465,7.878129959106445,51a86202db31,d89d6f1492f6,10.124917888395789,12.58829524128437,0.0105593705786949,1,M,7993152,9582336,0.000448771721836,0.0003743451060302,,,,,,,,300000000,,CURATED,100,2.0057493899e-06,39479.0,0.10015,7.236678947687149,base,0.1,constant,0,0.0,0.0005,1,CURATEDF_seed4_M_base
CURATEDF,0.5,0,4,0.0003,187520,2259126,49225,590700,6.676438617177643,,2285.982177734375,27431.7861328125,46474.55371575281,0.00035,1.8295836448669436,17.860485553741455,51a86202db31,d89d6f1492f6,6.743350119434315,12.615904725193978,0.046683595733875,1,M,7993152,9582336,0.0034319109824024,0.0028627451732868,,,,,,,,300000000,,CURATED,100,2.0057493899e-06,39479.0,0.43478,0.8451016699261963,base,0.1,constant,0,0.0005,0.0,1,CURATEDF_seed4_M_base
CURATEDF,0.5,0,4,0.0003,423552,5102755,128160,1537920,6.918701320222653,,4951.7109375,59420.53125,110350.63668946028,0.00015,2.384314775466919,39.15168333053589,51a86202db31,d89d6f1492f6,7.031860110025331,12.416935126900674,0.0388810861423221,1,M,7993152,9582336,0.0074339298502017,0.0062010486013013,,,,,,,,300000000,,CURATED,100,2.0057493899e-06,39479.0,0.534145,2.9630525500178337,base,0.1,constant,0,0.0,0.0,1,CURATEDF_seed4_M_base
CURATEDF,0.5,0,4,0.0003,956672,11525560,280425,3365100,6.433848912440613,,24728.53686523437,296742.4423828125,350420.1183937514,0.00015,2.238440752029419,86.35699605941772,51a86202db31,d89d6f1492f6,6.538405379920379,12.467533358693125,0.0884264954979049,1,M,7993152,9582336,0.0371245839417056,0.0309676515604141,,,,,,,,300000000,,CURATED,100,2.0057493899e-06,39479.0,0.61792,4.127483630567789,base,0.1,constant,0,0.0005,0.0005,1,CURATEDF_seed4_M_base
CURATEDF,0.5,0,4,0.0003,2161024,26031875,460662,5527944,2.6601162413882093,,73638.53369140625,883662.404296875,1012261.5619853056,0.00025,1.945512056350708,189.43404006958008,51a86202db31,d89d6f1492f6,2.753567772295773,13.000991246175769,0.1600978591678931,1,M,7993152,9582336,0.1105524334201169,0.092217847954494,,,,,,,,300000000,,CURATED,100,2.0057493899e-06,39479.0,0.862175,1.4043032321296631,base,0.1,constant,0,0.0,0.0005,1,CURATEDF_seed4_M_base
CURATEDF,0.5,0,4,0.0003,4881536,58800588,655615,7867380,1.5555840980535838,,102222.93774414062,1226675.2529296875,1388266.3698082585,0.0002,1.8527015447616575,416.3619055747986,51a86202db31,d89d6f1492f6,1.6322279872501548,13.078310409903526,0.1561632970569617,1,M,7993152,9582336,0.1534657733181713,0.1280142183419249,,,,,,,,300000000,,CURATED,100,2.0057493899e-06,39479.0,0.91685,0.6327014037389308,base,0.1,constant,0,0.892,0.9465,1,CURATEDF_seed4_M_base
CURATEDF,0.5,0,4,0.0003,11025408,132815653,852020,10224240,1.0811197962044437,,127743.9873046875,1532927.84765625,1726726.5040783037,0.00015,1.814174771308899,927.4032416343688,51a86202db31,d89d6f1492f6,1.139773221761994,13.002503101873398,0.1501748785239783,1,M,7993152,9582336,0.1917801447609466,0.1599743369107752,,,,,,,,300000000,,CURATED,100,2.0057493899e-06,39479.0,0.93466,0.302126434309408,base,0.1,constant,0,0.004,0.0035,1,CURATEDF_seed4_M_base
CURATEDF,0.5,0,4,0.0003,24903040,300000974,967466,11609592,0.882110888093036,,128101.80224609376,1537221.626953125,1859220.4188068856,0.00025,1.7723335027694702,2062.323736667633,51a86202db31,d89d6f1492f6,0.9310156162605528,12.795071759641171,0.1326537573413432,1,M,7993152,9582336,0.1923173270010535,0.1604224300789624,,,,,,,,300000000,,CURATED,100,2.0057493899e-06,39479.0,0.93612,0.1543472133334726,base,0.1,constant,0,0.0,0.0,1,CURATEDF_seed4_M_base
CURATEDF,0.5,0,5,0.0003,83072,1001318,29087,349044,10.138597916743755,,208.898681640625,2506.7841796875,13175.973144757723,0.0004,2.2253987789154053,7.209736585617065,51a86202db31,03de14954eb0,10.208319300084112,12.617259831023215,0.0074259978684635,1,M,7993152,9582336,0.0003136164781662,0.0002616047047074,,,,,,,,300000000,,CURATED,100,2.0057493899e-06,39479.0,0.077495,7.44425564289093,base,0.1,constant,0,0.0,0.0005,1,CURATEDF_seed5_M_base
CURATEDF,0.5,0,5,0.0003,187520,2259386,49404,592848,6.781709949144497,,2140.9384765625,25691.26171875,45158.3286646818,0.00025,1.9319833517074585,16.321977615356445,51a86202db31,03de14954eb0,6.857073879605979,12.610339287543296,0.0435794672496154,1,M,7993152,9582336,0.0032141590349776,0.0026811063313528,,,,,,,,300000000,,CURATED,100,2.0057493899e-06,39479.0,0.423605,1.0171419134661557,base,0.1,constant,0,0.0005,0.0,1,CURATEDF_seed5_M_base
CURATEDF,0.5,0,5,0.0003,423552,5102320,128842,1546104,6.9829793756090845,,5038.54443359375,60462.533203125,109503.26295769884,5e-05,2.371545553207397,35.94018650054932,51a86202db31,03de14954eb0,7.0994995190760495,12.409905749320984,0.0393505223451979,1,M,7993152,9582336,0.0075642916840721,0.0063097905566163,,,,,,,,300000000,,CURATED,100,2.0057493899e-06,39479.0,0.534215,3.11089776802063,base,0.1,constant,0,0.0,0.0,1,CURATEDF_seed5_M_base
CURATEDF,0.5,0,5,0.0003,956928,11525013,280692,3368304,6.447233431257308,,24859.4716796875,298313.66015625,353266.3887075239,0.00035,2.249377489089966,79.15927958488464,51a86202db31,03de14954eb0,6.550970029134825,12.46771358771324,0.0888090861157425,1,M,7993152,9582336,0.0373211544277213,0.0311316217836913,,,,,,,,300000000,,CURATED,100,2.0057493899e-06,39479.0,0.61629,4.204775312930345,base,0.1,constant,0,0.0005,0.001,1,CURATEDF_seed5_M_base
CURATEDF,0.5,0,5,0.0003,2161152,26032060,460782,5529384,2.604247468287917,,75059.50439453125,900714.052734375,1028924.0858845384,0.0003,1.9513171911239624,174.419109582901,51a86202db31,03de14954eb0,2.7001002976704296,13.0013774569273,0.1631400532138842,1,M,7993152,9582336,0.1126857155643199,0.0939973355906508,,,,,,,,300000000,,CURATED,100,2.0057493899e-06,39479.0,0.8674,1.4474886603262276,base,0.1,constant,0,0.0,0.0005,1,CURATEDF_seed5_M_base
CURATEDF,0.5,0,5,0.0003,4881152,58800020,656129,7873548,1.5568596775717474,,102937.81225585938,1235253.7470703125,1392015.1340283034,0.00035,1.893659830093384,386.0130934715271,51a86202db31,03de14954eb0,1.6345280782345404,13.077386668491364,0.1571306861912825,1,M,7993152,9582336,0.154539003771017,0.1289094587238761,,,,,,,,300000000,,CURATED,100,2.0057493899e-06,39479.0,0.917245,0.6424467701222748,base,0.1,constant,0,0.908,0.9405,1,CURATEDF_seed5_M_base
CURATEDF,0.5,0,5,0.0003,11025024,132815941,851925,10223100,1.0718832242596428,,128714.01049804688,1544568.1259765625,1732442.5505922071,0.0005,1.826337814331055,866.6882376670837,51a86202db31,03de14954eb0,1.1249231890223246,12.966828378021717,0.1513302227308742,1,M,7993152,9582336,0.1932364261278357,0.1611891010685247,,,,,,,,300000000,,CURATED,100,2.0057493899e-06,39479.0,0.93475,0.2882291686916723,base,0.1,constant,0,0.002,0.0045,1,CURATEDF_seed5_M_base
CURATEDF,0.5,0,5,0.0003,24903040,300000368,967186,11606232,0.8890820989469486,,129472.87060546876,1553674.447265625,1871971.9125739983,5e-05,1.7864216566085815,1939.9028704166408,51a86202db31,03de14954eb0,0.927846303916038,12.807360650205611,0.1341096748712243,1,M,7993152,9582336,0.1943756915001272,0.1621394247984651,,,,,,,,300000000,,CURATED,100,2.0057493899e-06,39479.0,0.936655,0.1684088935498148,base,0.1,constant,0,0.0,0.0015,1,CURATEDF_seed5_M_base
FLAT,0.5,16,1,0.0003,35712,1002054,16521,198252,11.71318638496399,,4.966552734375,59.5986328125,2088.9403407282825,0.00015,5.0956807136535645,4.22141432762146,51a86202db31,ec70061b80e9,11.747832712960244,12.327210220098497,0.0005447612130016,1,M,7993152,9586944,7.456211618708114e-06,6.216645555924808e-06,,,,,,,,300000000,,FLAT,100,2.0057493899e-06,39479.0,0.003585,11.07513045692444,base,0.1,constant,0,0.0,0.0005,1,FLAT_seed1_M_base
FLAT,0.5,16,1,0.0003,80640,2262035,28614,343368,10.58947068722725,,34.01416015625,408.169921875,10142.233192442513,0.00035,5.04025411605835,9.121843814849854,51a86202db31,ec70061b80e9,10.675746016025544,12.557208549070358,0.0014328650311036,1,M,7993152,9586944,5.1064951833144174e-05,4.257560301541346e-05,,,,,,,,300000000,,FLAT,100,2.0057493899e-06,39479.0,0.01419,8.480376098632812,base,0.1,constant,0,0.0005,0.001,1,FLAT_seed1_M_base
FLAT,0.5,16,1,0.0003,182016,5105143,48475,581700,8.103994942779764,,1189.165283203125,14269.9833984375,28820.042935139536,0.00015,4.945407390594482,18.87959623336792,51a86202db31,ec70061b80e9,8.239999958300366,12.591042430019378,0.0247756575554409,1,M,7993152,9586944,0.0017852761211644,0.0014884809380796,,,,,,,,300000000,,FLAT,100,2.0057493899e-06,39479.0,0.307595,3.1348015206009148,base,0.1,constant,0,0.0005,0.0,1,FLAT_seed1_M_base
FLAT,0.5,16,1,0.0003,410880,11524536,123026,1476312,7.721647117524743,,3265.96435546875,39191.572265625,76241.11457860899,0.00025,5.09032678604126,39.78235149383545,51a86202db31,ec70061b80e9,7.873108440073281,12.341344603180886,0.0267910848113406,1,M,7993152,9586944,0.0049031436241453,0.004088015144933,,,,,,,,300000000,,FLAT,100,2.0057493899e-06,39479.0,0.46894,3.802839628726244,base,0.1,constant,0,0.001,0.0005,1,FLAT_seed1_M_base
FLAT,0.5,16,1,0.0003,928128,26032025,273807,3285684,7.166599004703016,,18219.152587890625,218629.8310546875,285021.2196024437,0.00015,5.019854068756104,85.59641194343567,51a86202db31,ec70061b80e9,7.424112417044937,12.413324213314056,0.0667842677506418,1,M,7993152,9586944,0.0273521423156581,0.0228049554743083,,,,,,,,300000000,,FLAT,100,2.0057493899e-06,39479.0,0.53893,4.866864598274231,base,0.1,constant,0,0.0,0.0,1,FLAT_seed1_M_base
FLAT,0.5,16,1,0.0003,2096512,58801209,452941,5435292,2.9718402186064607,,69082.41870117188,828989.0244140625,968834.4411072724,0.00035,4.929094314575195,187.2153799533844,51a86202db31,ec70061b80e9,3.159614368481776,12.984420771861076,0.1527638257521399,1,M,7993152,9586944,0.1037124058711835,0.0864706234243219,,,,,,,,300000000,,FLAT,100,2.0057493899e-06,39479.0,0.83654,1.813269081428647,base,0.1,constant,0,0.0,0.0005,1,FLAT_seed1_M_base
FLAT,0.5,16,1,0.0003,4735616,132815933,646872,7762464,1.6291583315639897,,100118.072265625,1201416.8671875,1367035.5258420096,0.00015,4.861556053161621,413.106814622879,51a86202db31,ec70061b80e9,1.7670974206323828,13.056691623425484,0.1550167575656389,1,M,7993152,9586944,0.1503057701376753,0.1253180228430978,,,,,,,,300000000,,FLAT,100,2.0057493899e-06,39479.0,0.912045,0.7093362504784018,base,0.1,constant,0,0.9755,0.9995,1,FLAT_seed1_M_base
FLAT,0.5,16,1,0.0003,10696320,300001987,845276,10143312,1.0710543663549168,,129505.6337890625,1554067.60546875,1752340.9201407456,0.0003,4.857407093048096,917.1499454975128,51a86202db31,ec70061b80e9,1.157531604607827,13.018846974229811,0.153455202797666,1,M,7993152,9586944,0.1944248783794866,0.1621025016385565,,,,,,,,300000000,,FLAT,100,2.0057493899e-06,39479.0,0.93434,0.2717975979344919,base,0.1,constant,0,0.002,0.003,1,FLAT_seed1_M_base
FLAT,0.5,16,2,0.0003,35712,1002175,16504,198048,11.67003039050579,,12.970703125,155.6484375,2540.7874864799496,0.00025,5.0644850730896,3.9255104064941406,51a86202db31,0936d04374cf,11.70742946293831,12.411796338796616,0.0010300533204071,1,M,7993152,9586944,1.9472723338677908e-05,1.623545913066771e-05,,,,,,,,300000000,,FLAT,100,2.0057493899e-06,39479.0,0.00511,10.865325258255004,base,0.1,constant,0,0.0,0.0,1,FLAT_seed2_M_base
FLAT,0.5,16,2,0.0003,80640,2261705,28300,339600,10.574155812871457,,32.0908203125,385.08984375,10245.721044678688,0.00025,5.033311367034912,8.476574659347534,51a86202db31,0936d04374cf,10.663709042110444,12.59540130405426,0.0013780918727915,1,M,7993152,9586944,4.817747038339819e-05,4.0168154080174034e-05,,,,,,,,300000000,,FLAT,100,2.0057493899e-06,39479.0,0.012515,8.392505854606629,base,0.1,constant,0,0.0005,0.001,1,FLAT_seed2_M_base
FLAT,0.5,16,2,0.0003,182016,5104542,48143,577716,7.842377383706831,,1357.246337890625,16286.9560546875,31208.612306772546,0.0003,4.935449600219727,17.486325979232788,51a86202db31,0936d04374cf,7.973540082260072,12.546235916256904,0.0284361174002451,1,M,7993152,9586944,0.0020376137041667,0.0016988683833646,,,,,,,,300000000,,FLAT,100,2.0057493899e-06,39479.0,0.33337,2.6504911056160925,base,0.1,constant,0,0.0005,0.0005,1,FLAT_seed2_M_base
FLAT,0.5,16,2,0.0003,411008,11527477,123277,1479324,7.530140347472503,,3364.903076171875,40378.8369140625,79050.22566809003,0.0002,5.061822891235352,36.81209421157837,51a86202db31,0936d04374cf,7.697370125419125,12.35666369638443,0.0275396059281131,1,M,7993152,9586944,0.0050516788513545,0.0042118569706949,,,,,,,,300000000,,FLAT,100,2.0057493899e-06,39479.0,0.479515,3.493015087351203,base,0.1,constant,0,0.0,0.0,1,FLAT_seed2_M_base
FLAT,0.5,16,2,0.0003,928256,26034033,274385,3292620,7.065199517193884,,18452.01147460937,221424.1376953125,290054.94431258406,0.00035,5.035351276397705,79.27476453781128,51a86202db31,0936d04374cf,7.30557890701741,12.44761175673008,0.0674927565282358,1,M,7993152,9586944,0.0277017298927022,0.0230964254819171,,,,,,,,300000000,,FLAT,100,2.0057493899e-06,39479.0,0.548445,4.746361065387726,base,0.1,constant,0,0.0,0.0,1,FLAT_seed2_M_base
FLAT,0.5,16,2,0.0003,2096512,58800742,452540,5430480,2.871339852521876,,69335.5166015625,832026.19921875,977068.7557082264,0.0003,4.941062450408936,172.80346155166626,51a86202db31,0936d04374cf,3.0699840344045404,13.013835650241376,0.1534582578335616,1,M,7993152,9586944,0.1040923779778928,0.0867874266522001,,,,,,,,300000000,,FLAT,100,2.0057493899e-06,39479.0,0.838615,1.6668957576192915,base,0.1,constant,0,0.0,0.0,1,FLAT_seed2_M_base
FLAT,0.5,16,2,0.0003,4735360,132815534,646345,7756140,1.6295732556036302,,100064.20092773438,1200770.4111328125,1371281.8537134237,0.00035,4.883867740631104,380.5281977653504,51a86202db31,0936d04374cf,1.7671042924829712,13.06772228873968,0.1550596043908439,1,M,7993152,9586944,0.1502248939007806,0.12525059196474,,,,,,,,300000000,,FLAT,100,2.0057493899e-06,39479.0,0.911255,0.7065696944836527,base,0.1,constant,0,0.973,0.9995,1,FLAT_seed2_M_base
FLAT,0.5,16,2,0.0003,10696192,300002541,845007,10140084,1.0650558107387065,,129648.69946289062,1555784.3935546875,1770560.2607098313,0.0002,4.840231895446777,845.429949760437,51a86202db31,0936d04374cf,1.1504747635526675,13.0820539965868,0.1536732831799026,1,M,7993152,9586944,0.1946396607439327,0.1622815772737055,,,,,,,,300000000,,FLAT,100,2.0057493899e-06,39479.0,0.935505,0.2726831295676529,base,0.1,constant,0,0.0035,0.0035,1,FLAT_seed2_M_base
FLAT,0.5,16,3,0.0003,35712,1001638,16497,197964,11.773499447464944,,4.972412109375,59.6689453125,1752.7397643548966,0.0,5.071120262145996,3.974875450134277,51a86202db31,9596a1bdecad,11.797537045674323,12.328164320755004,0.000545553737043,1,M,7993152,9586944,7.465008211091194e-06,6.223979749177632e-06,,,,,,,,300000000,,FLAT,100,2.0057493899e-06,39479.0,0.001715,11.179803254127505,base,0.1,constant,0,0.0,0.0005,1,FLAT_seed3_M_base
FLAT,0.5,16,3,0.0003,80640,2261581,28569,342828,10.68446743854046,,35.025146484375,420.3017578125,9167.621319885371,0.0001,5.05724573135376,8.623796939849854,51a86202db31,9596a1bdecad,10.774635113523006,12.57563392455578,0.0014701249606216,1,M,7993152,9586944,5.258273054390809e-05,4.384105694291111e-05,,,,,,,,300000000,,FLAT,100,2.0057493899e-06,39479.0,0.01232,8.636877965450287,base,0.1,constant,0,0.0015,0.0005,1,FLAT_seed3_M_base
FLAT,0.5,16,3,0.0003,182016,5104936,48307,579684,8.262626941627563,,1124.206298828125,13490.4755859375,26988.51210212085,0.00015,4.967577934265137,17.748104333877563,51a86202db31,9596a1bdecad,8.403113124566078,12.585732304573058,0.0235162605833523,1,M,7993152,9586944,0.0016877541658081,0.0014071716269478,,,,,,,,300000000,,FLAT,100,2.0057493899e-06,39479.0,0.29693,3.4702979194968937,base,0.1,constant,0,0.0,0.0,1,FLAT_seed3_M_base
FLAT,0.5,16,3,0.0003,410880,11524772,123045,1476540,7.78872181074813,,3093.959716796875,37127.5166015625,74238.70980942821,0.0003,5.057738780975342,37.346896171569824,51a86202db31,9596a1bdecad,7.944546160687134,12.347969963407516,0.0253890852939981,1,M,7993152,9586944,0.0046449156229685,0.0038727165404911,,,,,,,,300000000,,FLAT,100,2.0057493899e-06,39479.0,0.46225,3.886319199532271,base,0.1,constant,0,0.0005,0.0005,1,FLAT_seed3_M_base
FLAT,0.5,16,3,0.0003,928128,26033446,274173,3290076,7.274578637745157,,17049.063232421875,204588.7587890625,275325.3040878792,0.0004,5.039498805999756,80.4596540927887,51a86202db31,9596a1bdecad,7.552896329622715,12.421003006362914,0.0624277372316019,1,M,7993152,9586944,0.0255955046005709,0.0213403519191373,,,,,,,,300000000,,FLAT,100,2.0057493899e-06,39479.0,0.520285,4.937533894836903,base,0.1,constant,0,0.0005,0.0,1,FLAT_seed3_M_base
FLAT,0.5,16,3,0.0003,2096512,58801633,452982,5435784,2.9115512184822,,68632.40869140625,823588.904296875,969598.8957021151,0.0004,4.934872627258301,175.1564073562622,51a86202db31,9596a1bdecad,3.1076310479238813,13.000569418668746,0.1517565819392382,1,M,7993152,9586944,0.103036812548651,0.0859073448532582,,,,,,,,300000000,,FLAT,100,2.0057493899e-06,39479.0,0.834815,1.7349546401314435,base,0.1,constant,0,0.0005,0.0,1,FLAT_seed3_M_base
FLAT,0.5,16,3,0.0003,4735488,132816446,647257,7767084,1.6320732336108803,,99947.97827148438,1199375.7392578125,1370246.3903656793,0.0003,4.855923652648926,383.43458342552185,51a86202db31,9596a1bdecad,1.7694257446450647,13.06217918586731,0.1546619040041282,1,M,7993152,9586944,0.1500504105586647,0.1251051157968391,,,,,,,,300000000,,FLAT,100,2.0057493899e-06,39479.0,0.912095,0.6916765952277929,base,0.1,constant,0,0.9775,0.9995,1,FLAT_seed3_M_base
FLAT,0.5,16,3,0.0003,10696320,300000624,845197,10142364,1.077927904174314,,129027.65307617188,1548331.8369140625,1750010.2220956308,0.00035,4.818864345550537,846.600991487503,51a86202db31,9596a1bdecad,1.1651783210115414,13.017052127623558,0.15290399752957,1,M,7993152,9586944,0.1937072930571147,0.161504212073635,,,,,,,,300000000,,FLAT,100,2.0057493899e-06,39479.0,0.93594,0.302173169169575,base,0.1,constant,0,0.0045,0.0025,1,FLAT_seed3_M_base
FLAT,0.5,16,4,0.0003,35712,1001748,16408,196896,11.616280375003814,,13.994140625,167.9296875,2679.1157501750945,0.00015,5.108436584472656,3.9215571880340576,51a86202db31,aed00288aa6e,11.65523464849472,12.34698803281784,0.0010970258410531,1,M,7993152,9586944,2.1009194808255863e-05,1.7516498218827606e-05,,,,,,,,300000000,,FLAT,100,2.0057493899e-06,39479.0,0.005965,10.836380052566527,base,0.1,constant,0,0.0,0.0,1,FLAT_seed4_M_base
FLAT,0.5,16,4,0.0003,80640,2261482,28466,341592,10.55959684604168,,30.05029296875,360.603515625,10154.233611417863,0.0004,5.086818218231201,8.56031322479248,51a86202db31,aed00288aa6e,10.644230757713318,12.60682897105217,0.0012997962481556,1,M,7993152,9586944,4.5114057085990607e-05,3.761402127987813e-05,,,,,,,,300000000,,FLAT,100,2.0057493899e-06,39479.0,0.012115,8.3544672870636,base,0.1,constant,0,0.0005,0.0,1,FLAT_seed4_M_base
FLAT,0.5,16,4,0.0003,182016,5104508,48203,578436,8.119118189596422,,1196.231689453125,14354.7802734375,28021.97132871466,0.0001,4.894368171691895,17.673125982284546,51a86202db31,aed00288aa6e,8.25652805005908,12.579347749447823,0.0250606808704852,1,M,7993152,9586944,0.0017958848115783,0.0014973259751426,,,,,,,,300000000,,FLAT,100,2.0057493899e-06,39479.0,0.306205,3.2373116633445025,base,0.1,constant,0,0.0005,0.0,1,FLAT_seed4_M_base
FLAT,0.5,16,4,0.0003,411008,11526770,122619,1471428,7.571176507414132,,3422.063720703125,41064.7646484375,76811.86170600826,0.0001,5.038054943084717,37.16352677345276,51a86202db31,aed00288aa6e,7.7252471968146414,12.336432573652267,0.028152243942619,1,M,7993152,9586944,0.0051374932752983,0.0042834050817901,,,,,,,,300000000,,FLAT,100,2.0057493899e-06,39479.0,0.48147,3.4680533589869738,base,0.1,constant,0,0.001,0.0005,1,FLAT_seed4_M_base
FLAT,0.5,16,4,0.0003,928256,26033375,273739,3284868,7.0845462720486525,,18342.169189453125,220106.0302734375,287601.4151595417,0.0003,4.991697788238525,79.50542068481445,51a86202db31,aed00288aa6e,7.356670167491883,12.424841097593308,0.0672501908752497,1,M,7993152,9586944,0.0275368253066421,0.0229589356392858,,,,,,,,300000000,,FLAT,100,2.0057493899e-06,39479.0,0.545225,4.68014325979352,base,0.1,constant,0,0.0005,0.0,1,FLAT_seed4_M_base
FLAT,0.5,16,4,0.0003,2096640,58802527,452503,5430036,2.9546283418588457,,68788.52563476562,825462.3076171875,956373.2219775742,0.0002,4.927521228790283,173.16650986671448,51a86202db31,aed00288aa6e,3.1154042351511637,12.937139808797836,0.1522619739537638,1,M,7993152,9586944,0.1032711885895811,0.086102756792695,,,,,,,,300000000,,FLAT,100,2.0057493899e-06,39479.0,0.836015,1.6858352501504124,base,0.1,constant,0,0.0,0.0,1,FLAT_seed4_M_base
FLAT,0.5,16,4,0.0003,4735616,132815513,646617,7759404,1.6163597930631577,,100386.13452148438,1204633.6142578125,1372285.6270787085,0.0006,4.943187236785889,380.3585510253906,51a86202db31,aed00288aa6e,1.7571737614354073,13.088043824100495,0.1554923548251902,1,M,7993152,9586944,0.1507082080082816,0.125653556989361,,,,,,,,300000000,,FLAT,100,2.0057493899e-06,39479.0,0.91345,0.6745441927779466,base,0.1,constant,0,0.969,0.999,1,FLAT_seed4_M_base
FLAT,0.5,16,4,0.0003,10696576,300003304,845281,10143372,1.0777742759882378,,128985.63256835938,1547827.5908203125,1749807.4076820388,0.0004,4.84576940536499,841.3223578929901,51a86202db31,aed00288aa6e,1.1671871948621468,13.055221349716186,0.1528391150398506,1,M,7993152,9586944,0.1936442082948394,0.1614516149067223,,,,,,,,300000000,,FLAT,100,2.0057493899e-06,39479.0,0.93392,0.2881907936511561,base,0.1,constant,0,0.002,0.0015,1,FLAT_seed4_M_base
FLAT,0.5,16,5,0.0003,35712,1001639,16426,197112,11.6030143236351,,16.98974609375,203.876953125,2710.6604764398576,0.00025,5.080201625823975,4.039517402648926,51a86202db31,234eded19365,11.653697233576777,12.304108669424055,0.0012784609765006,1,M,7993152,9586944,2.5506452664105475e-05,2.1266104519333797e-05,,,,,,,,300000000,,FLAT,100,2.0057493899e-06,39479.0,0.00532,10.835018239974977,base,0.1,constant,0,0.0005,0.0,1,FLAT_seed5_M_base
FLAT,0.5,16,5,0.0003,80640,2261912,28383,340596,10.542665161206722,,51.070556640625,612.8466796875,10342.144704012511,0.0003,5.033689498901367,8.752817869186401,51a86202db31,234eded19365,10.6292537419796,12.551184664130211,0.0020434767290279,1,M,7993152,9586944,7.667146573560718e-05,6.392513398299813e-05,,,,,,,,300000000,,FLAT,100,2.0057493899e-06,39479.0,0.016785,8.367929543972016,base,0.1,constant,0,0.0005,0.001,1,FLAT_seed5_M_base
FLAT,0.5,16,5,0.0003,182016,5104940,48309,579708,7.729762416793145,,1426.205810546875,17114.4697265625,32127.17483183441,0.0003,4.909187316894531,18.05679655075073,51a86202db31,234eded19365,7.858183428682611,12.569305805635452,0.0297667101368275,1,M,7993152,9586944,0.0021411415329725,0.0017851851149399,,,,,,,,300000000,,FLAT,100,2.0057493899e-06,39479.0,0.33964,2.4486884911060334,base,0.1,constant,0,0.0,0.0005,1,FLAT_seed5_M_base
FLAT,0.5,16,5,0.0003,411008,11527225,123046,1476552,7.314277510438264,,3613.95947265625,43367.513671875,82069.24690026692,0.00015,5.065196514129639,38.1147301197052,51a86202db31,234eded19365,7.479560561068356,12.356636933755874,0.0296149407538644,1,M,7993152,9586944,0.0054255835084676,0.004523601438777,,,,,,,,300000000,,FLAT,100,2.0057493899e-06,39479.0,0.489695,3.168906900502741,base,0.1,constant,0,0.0,0.0,1,FLAT_seed5_M_base
FLAT,0.5,16,5,0.0003,928256,26033459,274011,3288132,6.81359443387501,,19864.102783203125,238369.2333984375,302627.91389540525,0.0002,5.023336410522461,82.04758095741272,51a86202db31,234eded19365,7.116498305709958,12.44244641714096,0.072737955775498,1,M,7993152,9586944,0.0298216815341979,0.0248639434420851,,,,,,,,300000000,,FLAT,100,2.0057493899e-06,39479.0,0.57127,4.342076140254736,base,0.1,constant,0,0.0005,0.0,1,FLAT_seed5_M_base
FLAT,0.5,16,5,0.0003,2096512,58799778,453304,5439648,2.94557955723973,,69409.330078125,832911.9609375,969682.8033262884,0.00025,4.898308753967285,177.84074139595032,51a86202db31,234eded19365,3.110458116031485,12.960419096660614,0.1533628646559483,1,M,7993152,9586944,0.1042031930504386,0.0868798191517025,,,,,,,,300000000,,FLAT,100,2.0057493899e-06,39479.0,0.837335,1.7298837258778512,base,0.1,constant,0,0.0005,0.0,1,FLAT_seed5_M_base
FLAT,0.5,16,5,0.0003,4735616,132818051,647498,7769976,1.6417562114318691,,100246.91943359376,1202963.033203125,1376019.4269047454,5e-05,4.884277820587158,390.2702112197876,51a86202db31,234eded19365,1.774537734811208,13.072201161813735,0.1550661160343352,1,M,7993152,9586944,0.1504992064711299,0.1254793011415446,,,,,,,,300000000,,FLAT,100,2.0057493899e-06,39479.0,0.910945,0.6865466127246618,base,0.1,constant,0,0.978,0.9985,1,FLAT_seed5_M_base
FLAT,0.5,16,5,0.0003,10696448,300001065,845833,10149996,1.078747914587506,,128837.49780273438,1546049.9736328125,1756859.781337242,0.0004,4.8122639656066895,871.459892988205,51a86202db31,234eded19365,1.1676621047616378,13.045648686647414,0.152564395099269,1,M,7993152,9586944,0.1934218157784079,0.1612661942776355,,,,,,,,300000000,,FLAT,100,2.0057493899e-06,39479.0,0.935225,0.3055664284131489,base,0.1,constant,0,0.0035,0.0015,1,FLAT_seed5_M_base
RAW,0.5,16,1,0.0003,35712,1002054,16521,198252,11.71318638496399,,4.966552734375,59.5986328125,2088.9403407282825,0.00015,5.0956807136535645,4.021015405654907,51a86202db31,d988bcc5c005,11.747832712960244,12.327210220098497,0.0005447612130016,1,M,7993152,9586944,7.456211618708114e-06,6.216645555924808e-06,,,,,,,,300000000,,RAW,RAW,,,0.003585,11.07513045692444,base,0.1,constant,0,0.0,0.0005,1,RAW_seed1_M_base
RAW,0.5,16,1,0.0003,80640,2262035,28614,343368,10.58947068722725,,34.01416015625,408.169921875,10142.233192442513,0.00035,5.04025411605835,8.726515054702759,51a86202db31,d988bcc5c005,10.675746016025544,12.557208549070358,0.0014328650311036,1,M,7993152,9586944,5.1064951833144174e-05,4.257560301541346e-05,,,,,,,,300000000,,RAW,RAW,,,0.01419,8.480376098632812,base,0.1,constant,0,0.0005,0.001,1,RAW_seed1_M_base
RAW,0.5,16,1,0.0003,182016,5105143,48475,581700,8.103994942779764,,1189.165283203125,14269.9833984375,28820.042935139536,0.00015,4.945407390594482,17.981792449951172,51a86202db31,d988bcc5c005,8.239999958300366,12.591042430019378,0.0247756575554409,1,M,7993152,9586944,0.0017852761211644,0.0014884809380796,,,,,,,,300000000,,RAW,RAW,,,0.307595,3.1348015206009148,base,0.1,constant,0,0.0005,0.0,1,RAW_seed1_M_base
RAW,0.5,16,1,0.0003,410880,11524536,80829,969948,4.521356435622902,,6279.266357421875,75351.1962890625,108976.88888537696,0.0002,4.836658477783203,37.7579333782196,51a86202db31,d988bcc5c005,4.61353013560622,12.671211698889731,0.0779299508839649,1,M,7993152,9586944,0.0094269690216153,0.0078597722370196,,,,,,,,300000000,,RAW,RAW,,,0.624305,0.0454825981743633,base,0.1,constant,0,0.0,0.0005,1,RAW_seed1_M_base
RAW,0.5,16,1,0.0003,928128,26032025,132442,1589304,3.015825907241171,,16083.66552734375,193003.986328125,253079.86933829615,0.0002,4.7012553215026855,80.4341037273407,51a86202db31,d988bcc5c005,3.1044614442845586,12.74778550553322,0.1216834538892496,1,M,7993152,9586944,0.0241461674103188,0.0201319613766519,,,,,,,,300000000,,RAW,RAW,,,0.7548,0.0106385604070965,base,0.1,constant,0,0.0,0.0,1,RAW_seed1_M_base
RAW,0.5,16,1,0.0003,2096512,58801209,212985,2555820,2.385398501007133,,27664.00170898437,331968.0205078125,388444.1572068351,0.00015,4.70680570602417,174.93389344215393,51a86202db31,d988bcc5c005,2.4731019225049606,12.534472675454616,0.1301312298988191,1,M,7993152,9586944,0.0415315535733353,0.0346270949854106,,,,,,,,300000000,,RAW,RAW,,,0.811465,0.0054163015124504,base,0.1,constant,0,0.001,0.0005,1,RAW_seed1_M_base
RAW,0.5,16,1,0.0003,4735616,132815933,324075,3888900,2.028290892130033,,36388.880126953125,436666.5615234375,480995.242623141,0.00025,4.683674335479736,386.3054487705231,51a86202db31,d988bcc5c005,2.12270534021047,12.410140757799148,0.1125295070585512,1,M,7993152,9586944,0.0546300835419415,0.0455480455005721,,,,,,,,300000000,,RAW,RAW,,,0.841225,0.0034560955737251,base,0.1,constant,0,0.87,1.0,1,RAW_seed1_M_base
RAW,0.5,16,1,0.0003,10696320,300001987,488690,5864280,1.7852704860733004,,45256.69091796875,543080.291015625,585935.3167529401,0.00035,4.703081607818604,861.199695110321,51a86202db31,d988bcc5c005,1.895335809715724,12.311540679812431,0.0928523194663283,1,M,7993152,9586944,0.0679431957525172,0.0566479047979862,,,,,,,,300000000,,RAW,RAW,,,0.861415,0.0030048525010934,base,0.1,constant,0,0.0005,0.001,1,RAW_seed1_M_base
RAW,0.5,16,2,0.0003,35712,1002175,16504,198048,11.67003039050579,,12.970703125,155.6484375,2540.7874864799496,0.00025,5.0644850730896,4.228460788726807,51a86202db31,a42e4f1eaf9d,11.70742946293831,12.411796338796616,0.0010300533204071,1,M,7993152,9586944,1.9472723338677908e-05,1.623545913066771e-05,,,,,,,,300000000,,RAW,RAW,,,0.00511,10.865325258255004,base,0.1,constant,0,0.0,0.0,1,RAW_seed2_M_base
RAW,0.5,16,2,0.0003,80640,2261705,28300,339600,10.574155812871457,,32.0908203125,385.08984375,10245.721044678688,0.00025,5.033311367034912,9.142152070999146,51a86202db31,a42e4f1eaf9d,10.663709042110444,12.59540130405426,0.0013780918727915,1,M,7993152,9586944,4.817747038339819e-05,4.0168154080174034e-05,,,,,,,,300000000,,RAW,RAW,,,0.012515,8.392505854606629,base,0.1,constant,0,0.0005,0.001,1,RAW_seed2_M_base
RAW,0.5,16,2,0.0003,182016,5104542,48143,577716,7.842377383706831,,1357.246337890625,16286.9560546875,31208.612306772546,0.0003,4.935449600219727,18.911849975585938,51a86202db31,a42e4f1eaf9d,7.973540082260072,12.546235916256904,0.0284361174002451,1,M,7993152,9586944,0.0020376137041667,0.0016988683833646,,,,,,,,300000000,,RAW,RAW,,,0.33337,2.6504911056160925,base,0.1,constant,0,0.0005,0.0005,1,RAW_seed2_M_base
RAW,0.5,16,2,0.0003,411008,11527477,80709,968508,4.504765408040116,,6224.295654296875,74691.5478515625,110083.75204391513,0.0001,4.795222759246826,39.4304473400116,51a86202db31,a42e4f1eaf9d,4.6011843727601445,12.69104315135479,0.0773643583739112,1,M,7993152,9586944,0.0093444423240747,0.0077909652806527,,,,,,,,300000000,,RAW,RAW,,,0.623425,0.0409953566328622,base,0.1,constant,0,0.0005,0.0,1,RAW_seed2_M_base
RAW,0.5,16,2,0.0003,928256,26034033,132534,1590408,3.0179005564398964,,15967.64306640625,191611.716796875,249301.3649683184,0.00015,4.743059158325195,83.74775218963623,51a86202db31,a42e4f1eaf9d,3.085955623923795,12.71934613814354,0.120723738814191,1,M,7993152,9586944,0.0239719846184427,0.0199867357936872,,,,,,,,300000000,,RAW,RAW,,,0.754575,0.0109637067783623,base,0.1,constant,0,0.0,0.0,1,RAW_seed2_M_base
RAW,0.5,16,2,0.0003,2096512,58800742,212453,2549436,2.389307072760656,,27441.131591796875,329293.5791015625,387972.3660770948,0.00015,4.722383499145508,182.4730281829834,51a86202db31,a42e4f1eaf9d,2.480083719156505,12.551263080191612,0.1294074454114557,1,M,7993152,9586944,0.0411969619871563,0.0343481279437495,,,,,,,,300000000,,RAW,RAW,,,0.810585,0.0053513934797374,base,0.1,constant,0,0.0005,0.0,1,RAW_seed2_M_base
RAW,0.5,16,2,0.0003,4735360,132815534,323533,3882396,2.058209177352014,,36332.01245117188,435984.1494140625,479471.787219132,0.00025,4.70921802520752,402.9957368373871,51a86202db31,a42e4f1eaf9d,2.1316950777538364,12.443114657783507,0.1125418427177444,1,M,7993152,9586944,0.0545447089476169,0.0454768640991396,,,,,,,,300000000,,RAW,RAW,,,0.84074,0.0037672459812602,base,0.1,constant,0,0.8575,1.0,1,RAW_seed2_M_base
RAW,0.5,16,2,0.0003,10696192,300002541,488195,5858340,1.7961450376651908,,45542.811767578125,546513.7412109375,594853.4274518159,0.00045,4.669638156890869,899.5820121765137,51a86202db31,a42e4f1eaf9d,1.909895034210972,12.371057713127136,0.0935322975450383,1,M,7993152,9586944,0.0683727447208482,0.0570060429278545,,,,,,,,300000000,,RAW,RAW,,,0.861905,0.0033037360099842,base,0.1,constant,0,0.0005,0.001,1,RAW_seed2_M_base
RAW,0.5,16,3,0.0003,35712,1001638,16497,197964,11.773499447464944,,4.972412109375,59.6689453125,1752.7397643548966,0.0,5.071120262145996,3.928370237350464,51a86202db31,b88237f973dd,11.797537045674323,12.328164320755004,0.000545553737043,1,M,7993152,9586944,7.465008211091194e-06,6.223979749177632e-06,,,,,,,,300000000,,RAW,RAW,,,0.001715,11.179803254127505,base,0.1,constant,0,0.0,0.0005,1,RAW_seed3_M_base
RAW,0.5,16,3,0.0003,80640,2261581,28569,342828,10.68446743854046,,35.025146484375,420.3017578125,9167.621319885371,0.0001,5.05724573135376,8.486092329025269,51a86202db31,b88237f973dd,10.774635113523006,12.57563392455578,0.0014701249606216,1,M,7993152,9586944,5.258273054390809e-05,4.384105694291111e-05,,,,,,,,300000000,,RAW,RAW,,,0.01232,8.636877965450287,base,0.1,constant,0,0.0015,0.0005,1,RAW_seed3_M_base
RAW,0.5,16,3,0.0003,182016,5104936,48307,579684,8.262626941627563,,1124.206298828125,13490.4755859375,26988.51210212085,0.00015,4.967577934265137,17.593658924102783,51a86202db31,b88237f973dd,8.403113124566078,12.585732304573058,0.0235162605833523,1,M,7993152,9586944,0.0016877541658081,0.0014071716269478,,,,,,,,300000000,,RAW,RAW,,,0.29693,3.4702979194968937,base,0.1,constant,0,0.0,0.0,1,RAW_seed3_M_base
RAW,0.5,16,3,0.0003,410880,11524772,80770,969240,4.601340278177296,,5911.28076171875,70935.369140625,104560.10922722136,0.0003,4.789165019989014,36.69757962226868,51a86202db31,b88237f973dd,4.6961383870159485,12.668718458127977,0.0734307292311501,1,M,7993152,9586944,0.0088745177297547,0.0073991638149367,,,,,,,,300000000,,RAW,RAW,,,0.61501,0.04669721584348,base,0.1,constant,0,0.0,0.0,1,RAW_seed3_M_base
RAW,0.5,16,3,0.0003,928128,26033446,132707,1592484,3.0350665975192794,,15649.600830078123,187795.2099609375,249051.2411746765,0.0002,4.739059925079346,78.05033588409424,51a86202db31,b88237f973dd,3.110745341204553,12.73803642539978,0.1181701040638398,1,M,7993152,9586944,0.0234945125478581,0.0195886415901602,,,,,,,,300000000,,RAW,RAW,,,0.75208,0.0109870094635989,base,0.1,constant,0,0.0,0.0005,1,RAW_seed3_M_base
RAW,0.5,16,3,0.0003,2096512,58801633,213041,2556492,2.3867647216692056,,27295.98803710937,327551.8564453125,388625.19841420825,0.00035,4.7274017333984375,169.63716292381287,51a86202db31,b88237f973dd,2.482075442115681,12.56318302373886,0.1283696565449843,1,M,7993152,9586944,0.0409790601311363,0.0341664514203183,,,,,,,,300000000,,RAW,RAW,,,0.81036,0.0053129190865438,base,0.1,constant,0,0.0,0.0,1,RAW_seed3_M_base
RAW,0.5,16,3,0.0003,4735488,132816446,324142,3889704,2.014299341294597,,35938.86376953125,431266.365234375,476217.5013737258,0.00025,4.670777797698975,376.5366849899292,51a86202db31,b88237f973dd,2.1132948831201577,12.395755353355408,0.1111179668170123,1,M,7993152,9586944,0.0539544806897673,0.0449847589841324,,,,,,,,300000000,,RAW,RAW,,,0.84101,0.0028104201810783,base,0.1,constant,0,0.843,0.9995,1,RAW_seed3_M_base
RAW,0.5,16,3,0.0003,10696320,300000624,488867,5866404,1.7913577882391294,,44867.647705078125,538411.7724609375,585527.7813175994,0.00015,4.675797939300537,842.4359745979309,51a86202db31,b88237f973dd,1.9040013504584328,12.351372325849534,0.0920229837563181,1,M,7993152,9586944,0.0673591309737307,0.0561609385077181,,,,,,,,300000000,,RAW,RAW,,,0.86127,0.0032309454602655,base,0.1,constant,0,0.0005,0.0015,1,RAW_seed3_M_base
RAW,0.5,16,4,0.0003,35712,1001748,16408,196896,11.616280375003814,,13.994140625,167.9296875,2679.1157501750945,0.00015,5.108436584472656,4.000809907913208,51a86202db31,28ff4720265b,11.65523464849472,12.34698803281784,0.0010970258410531,1,M,7993152,9586944,2.1009194808255863e-05,1.7516498218827606e-05,,,,,,,,300000000,,RAW,RAW,,,0.005965,10.836380052566527,base,0.1,constant,0,0.0,0.0,1,RAW_seed4_M_base
RAW,0.5,16,4,0.0003,80640,2261482,28466,341592,10.55959684604168,,30.05029296875,360.603515625,10154.233611417863,0.0004,5.086818218231201,8.671711206436157,51a86202db31,28ff4720265b,10.644230757713318,12.60682897105217,0.0012997962481556,1,M,7993152,9586944,4.5114057085990607e-05,3.761402127987813e-05,,,,,,,,300000000,,RAW,RAW,,,0.012115,8.3544672870636,base,0.1,constant,0,0.0005,0.0,1,RAW_seed4_M_base
RAW,0.5,16,4,0.0003,182016,5104508,48203,578436,8.119118189596422,,1196.231689453125,14354.7802734375,28021.97132871466,0.0001,4.894368171691895,18.0065975189209,51a86202db31,28ff4720265b,8.25652805005908,12.579347749447823,0.0250606808704852,1,M,7993152,9586944,0.0017958848115783,0.0014973259751426,,,,,,,,300000000,,RAW,RAW,,,0.306205,3.2373116633445025,base,0.1,constant,0,0.0005,0.0,1,RAW_seed4_M_base
RAW,0.5,16,4,0.0003,411008,11526770,80664,967968,4.541075558697527,,6121.306640625,73455.6796875,106909.89488994736,0.00015,4.749598026275635,37.6291401386261,51a86202db31,28ff4720265b,4.634265788814282,12.647290780103209,0.0761306158881285,1,M,7993152,9586944,0.0091898264523807,0.0076620536938048,,,,,,,,300000000,,RAW,RAW,,,0.62094,0.042234316246584,base,0.1,constant,0,0.0,0.0005,1,RAW_seed4_M_base
RAW,0.5,16,4,0.0003,928256,26033375,132421,1589052,3.0276919181764352,,16160.670654296877,193928.0478515625,250968.85528174837,0.0003,4.696655750274658,80.570476770401,51a86202db31,28ff4720265b,3.10126497596716,12.730780420875549,0.1222842298426986,1,M,7993152,9586944,0.0242617740600407,0.0202283488723374,,,,,,,,300000000,,RAW,RAW,,,0.7542,0.0111415342971449,base,0.1,constant,0,0.0,0.0,1,RAW_seed4_M_base
RAW,0.5,16,4,0.0003,2096640,58802527,212395,2548740,2.3828972817401293,,28151.145751953125,337813.7490234375,394214.9096944559,0.00025,4.701430797576904,174.09798669815063,51a86202db31,28ff4720265b,2.477317674252485,12.574558790159225,0.1327856117140234,1,M,7993152,9586944,0.0422628956666203,0.0352368543118054,,,,,,,,300000000,,RAW,RAW,,,0.812495,0.0053776533823693,base,0.1,constant,0,0.0005,0.0005,1,RAW_seed4_M_base
RAW,0.5,16,4,0.0003,4735616,132815513,323568,3882816,2.02755121151158,,36552.00390625,438624.046875,481306.2432134191,0.00015,4.76071310043335,382.0240364074707,51a86202db31,28ff4720265b,2.1071041329302966,12.448474820637704,0.1132095880927656,1,M,7993152,9586944,0.0548749788412631,0.0457522279127738,,,,,,,,300000000,,RAW,RAW,,,0.84229,0.0032641649367287,base,0.1,constant,0,0.8735,0.999,1,RAW_seed4_M_base
RAW,0.5,16,4,0.0003,10696576,300003304,488499,5861988,1.810233809180981,,46018.737548828125,552224.8505859375,609050.8927647689,0.0001,4.694478511810303,848.9523906707764,51a86202db31,28ff4720265b,1.926845711289752,12.448076336503028,0.0944485045005209,1,M,7993152,9586944,0.0690872450049664,0.057601760330084,,,,,,,,300000000,,RAW,RAW,,,0.86056,0.0035669463266967,base,0.1,constant,0,0.0,0.0005,1,RAW_seed4_M_base
RAW,0.5,16,5,0.0003,35712,1001639,16426,197112,11.6030143236351,,16.98974609375,203.876953125,2710.6604764398576,0.00025,5.080201625823975,3.958020687103272,51a86202db31,76ac27c0bb9b,11.653697233576777,12.304108669424055,0.0012784609765006,1,M,7993152,9586944,2.5506452664105475e-05,2.1266104519333797e-05,,,,,,,,300000000,,RAW,RAW,,,0.00532,10.835018239974977,base,0.1,constant,0,0.0005,0.0,1,RAW_seed5_M_base
RAW,0.5,16,5,0.0003,80640,2261912,28383,340596,10.542665161206722,,51.070556640625,612.8466796875,10342.144704012511,0.0003,5.033689498901367,8.573385000228882,51a86202db31,76ac27c0bb9b,10.6292537419796,12.551184664130211,0.0020434767290279,1,M,7993152,9586944,7.667146573560718e-05,6.392513398299813e-05,,,,,,,,300000000,,RAW,RAW,,,0.016785,8.367929543972016,base,0.1,constant,0,0.0005,0.001,1,RAW_seed5_M_base
RAW,0.5,16,5,0.0003,182016,5104940,48309,579708,7.729762416793145,,1426.205810546875,17114.4697265625,32127.17483183441,0.0003,4.909187316894531,17.765336990356445,51a86202db31,76ac27c0bb9b,7.858183428682611,12.569305805635452,0.0297667101368275,1,M,7993152,9586944,0.0021411415329725,0.0017851851149399,,,,,,,,300000000,,RAW,RAW,,,0.33964,2.4486884911060334,base,0.1,constant,0,0.0,0.0005,1,RAW_seed5_M_base
RAW,0.5,16,5,0.0003,411008,11527225,80933,971196,4.453290640015261,,6416.240966796875,76994.8916015625,112291.64815875325,0.0003,4.809718608856201,36.9148313999176,51a86202db31,76ac27c0bb9b,4.544968341154628,12.661701162528992,0.0795225680501155,1,M,7993152,9586944,0.0096326069617545,0.0080312236726909,,,,,,,,300000000,,RAW,RAW,,,0.62777,0.040354391664965,base,0.1,constant,0,0.0005,0.0,1,RAW_seed5_M_base
RAW,0.5,16,5,0.0003,928256,26033459,132559,1590708,2.992450307623757,,16576.636962890625,198919.6435546875,254966.67109461944,0.00015,4.728888511657715,78.52967023849487,51a86202db31,76ac27c0bb9b,3.067329566452304,12.716944285464288,0.1252951515928756,1,M,7993152,9586944,0.0248862580812534,0.020749014863828,,,,,,,,300000000,,RAW,RAW,,,0.757505,0.0104956002576509,base,0.1,constant,0,0.001,0.0,1,RAW_seed5_M_base
RAW,0.5,16,5,0.0003,2096512,58799778,212931,2555172,2.3703931231305977,,28081.014892578125,336972.1787109375,394565.81490160513,0.00015,4.702906608581543,170.83006119728088,51a86202db31,76ac27c0bb9b,2.4640465290539764,12.554128185153008,0.1321226124894919,1,M,7993152,9586944,0.0421576092523872,0.0351490713527624,,,,,,,,300000000,,RAW,RAW,,,0.81223,0.0051537430728785,base,0.1,constant,0,0.0,0.0005,1,RAW_seed5_M_base
RAW,0.5,16,5,0.0003,4735616,132818051,324013,3888156,2.0309062375283804,,36466.89526367188,437602.7431640625,482854.0614079591,0.00025,4.710521221160889,376.5451190471649,51a86202db31,76ac27c0bb9b,2.108873753118355,12.427362676143646,0.1127917707005583,1,M,7993152,9586944,0.0547472065042754,0.0456456972278196,,,,,,,,300000000,,RAW,RAW,,,0.842185,0.0035699268235475,base,0.1,constant,0,0.867,0.9985,1,RAW_seed5_M_base
RAW,0.5,16,5,0.0003,10696448,300001065,489052,5868624,1.7726879892464067,,45309.6025390625,543715.23046875,592777.4510546472,0.00025,4.662831783294678,896.3847522735596,51a86202db31,76ac27c0bb9b,1.8864004388786444,12.333043373918532,0.0928919624089053,1,M,7993152,9586944,0.0680226311808845,0.0567141343966075,,,,,,,,300000000,,RAW,RAW,,,0.86194,0.0029795794766978,base,0.1,constant,0,0.001,0.001,1,RAW_seed5_M_base
FLAT,0.5,16,1,0.0003,71296,2000003,26361,316332,10.74069782622814,,29.564208984375,354.7705078125,8893.864156496405,0.0004,5.048622131347656,6.900096416473389,51a86202db31,7ed4101a920b,10.825730877175332,12.484720541262629,0.0013656538067599,1,M,7993152,9586944,4.4384306442877605e-05,3.700558883127929e-05,,,,,,,,600000000,,FLAT,100,2.0057493899e-06,39479.0,0.011355,8.861061018943786,base,0.1,constant,0,0.0,0.0,2,FLAT_seed1_M_base_2B
FLAT,0.5,16,1,0.0003,161152,4519987,44862,538344,8.838149239931404,,788.04736328125,9456.568359375,22635.349906379797,0.0001,4.949586391448975,14.968751192092896,51a86202db31,7ed4101a920b,8.973875638208538,12.628154567623138,0.0178101734207124,1,M,7993152,9586944,0.0011830837646243,0.0009864007090658,,,,,,,,600000000,,FLAT,100,2.0057493899e-06,39479.0,0.23512,4.639718019425869,base,0.1,constant,0,0.0,0.0005,2,FLAT_seed1_M_base_2B
FLAT,0.5,16,1,0.0003,363904,10206679,101308,1215696,7.266249359592833,,3213.2666015625,38559.19921875,65864.06258346878,0.00025,5.080257415771484,32.03785729408264,51a86202db31,7ed4101a920b,7.390367741573415,12.348631612324716,0.0319619378528842,1,M,7993152,9586944,0.0048240292714,0.0040220532443654,,,,,,,,600000000,,FLAT,100,2.0057493899e-06,39479.0,0.48457,2.7643186151012777,base,0.1,constant,0,0.0005,0.0005,2,FLAT_seed1_M_base_2B
FLAT,0.5,16,1,0.0003,821888,23052019,250003,3000036,7.499343103259504,,13555.964111328123,162671.5693359375,229780.2466725794,0.00035,5.034033298492432,69.49461054801941,51a86202db31,7ed4101a920b,7.767231343907118,12.367645055556295,0.0544673463918433,1,M,7993152,9586944,0.0203513669370903,0.0169680316622207,,,,,,,,600000000,,FLAT,100,2.0057493899e-06,39479.0,0.517465,5.049146035283804,base,0.1,constant,0,0.0,0.0005,2,FLAT_seed1_M_base_2B
FLAT,0.5,16,1,0.0003,1856256,52063547,424209,5090508,3.4719416159171983,,61036.433349609375,732437.2001953125,856903.9842400074,0.00015,4.934262275695801,151.9483745098114,51a86202db31,7ed4101a920b,3.667050864250148,12.91544018344879,0.144127069439828,1,M,7993152,9586944,0.0916330879476973,0.0763994449321194,,,,,,,,600000000,,FLAT,100,2.0057493899e-06,39479.0,0.800285,2.202778865464032,base,0.1,constant,0,0.0,0.0,2,FLAT_seed1_M_base_2B
FLAT,0.5,16,1,0.0003,4193152,117601921,615228,7382736,2.173157576361236,,90101.7978515625,1081221.57421875,1224458.9071498392,0.0002,4.838970184326172,336.301438331604,51a86202db31,7ed4101a920b,2.374610802089963,12.98063702454567,0.1466968343443406,1,M,7993152,9586944,0.1352684866018749,0.1127806289698521,,,,,,,,600000000,,FLAT,100,2.0057493899e-06,39479.0,0.891145,1.1708594255670906,base,0.1,constant,0,1.0,0.999,2,FLAT_seed1_M_base_2B
FLAT,0.5,16,1,0.0003,9470848,265631138,819433,9833196,1.1182216272849823,,126634.94311523438,1519619.3173828125,1712356.5738289133,0.0004,4.84658670425415,745.798196554184,51a86202db31,7ed4101a920b,1.2106934268461214,13.038427178001404,0.1547838566423368,1,M,7993152,9586944,0.1901151532440284,0.1585092514760503,,,,,,,,600000000,,FLAT,100,2.0057493899e-06,39479.0,0.93371,0.3248077656235545,base,0.1,constant,0,0.0045,0.003,2,FLAT_seed1_M_base_2B
FLAT,0.5,16,1,0.0003,21392768,600000139,953651,11443812,0.8881762584416236,,135910.17504882812,1630922.1005859375,1911285.1573073177,5e-05,4.823159217834473,1673.4449126720428,51a86202db31,7ed4101a920b,0.9479899515563786,12.928785507130623,0.1427597727051091,1,M,7993152,9586944,0.2040399207454002,0.1701190807608699,,,,,,,,600000000,,FLAT,100,2.0057493899e-06,39479.0,0.938685,0.1670311309807002,base,0.1,constant,0,0.002,0.0,2,FLAT_seed1_M_base_2B
FLAT,0.5,16,2,0.0003,71424,2003224,26151,313812,10.703834317846296,,31.615478515625,379.3857421875,9147.555936265468,0.0004,5.045831203460693,7.382609367370605,51a86202db31,9c803286efc1,10.791573470089435,12.51107513551712,0.0014530993078658,1,M,7993152,9586944,4.7463846826320834e-05,3.9573167652538704e-05,,,,,,,,600000000,,FLAT,100,2.0057493899e-06,39479.0,0.011175,8.708728665351869,base,0.1,constant,0,0.0005,0.0,2,FLAT_seed2_M_base_2B
FLAT,0.5,16,2,0.0003,161152,4519386,44520,534240,8.539128088669777,,943.130859375,11317.5703125,24978.40682057309,0.00015,4.984240531921387,15.43228244781494,51a86202db31,9c803286efc1,8.67018663035035,12.576998913383484,0.0214285714285714,1,M,7993152,9586944,0.0014159083065729,0.0011805190801677,,,,,,,,600000000,,FLAT,100,2.0057493899e-06,39479.0,0.262795,4.061849150747061,base,0.1,constant,0,0.0,0.0,2,FLAT_seed2_M_base_2B
FLAT,0.5,16,2,0.0003,363904,10206539,101307,1215684,7.019264035417726,,3434.266845703125,41211.2021484375,68961.38174592209,0.00025,5.083125114440918,32.55911087989807,51a86202db31,9c803286efc1,7.157328614458162,12.36288199429512,0.0341437413011934,1,M,7993152,9586944,0.0051558136450348,0.0042986797616046,,,,,,,,600000000,,FLAT,100,2.0057493899e-06,39479.0,0.50228,2.371016848746687,base,0.1,constant,0,0.0,0.0,2,FLAT_seed2_M_base_2B
FLAT,0.5,16,2,0.0003,821888,23050536,250361,3004332,7.391521392867267,,13539.876708984377,162478.5205078125,232798.8151094208,0.0004,5.06171178817749,70.07347297668457,51a86202db31,9c803286efc1,7.633508672700525,12.40132317225933,0.0543255539001681,1,M,7993152,9586944,0.0203272151596532,0.0169478950234623,,,,,,,,600000000,,FLAT,100,2.0057493899e-06,39479.0,0.524615,4.8526939841210845,base,0.1,constant,0,0.0,0.0005,2,FLAT_seed2_M_base_2B
FLAT,0.5,16,2,0.0003,1856384,52065507,423753,5085036,3.343060872665867,,61695.544677734375,740346.5361328125,868958.5239635534,0.0002,4.905014514923096,152.8378176689148,51a86202db31,9c803286efc1,3.5554652697519584,12.939194460368157,0.1458373156060252,1,M,7993152,9586944,0.0926226019638826,0.0772244561074741,,,,,,,,600000000,,FLAT,100,2.0057493899e-06,39479.0,0.809885,1.9868185531198976,base,0.1,constant,0,0.0,0.0,2,FLAT_seed2_M_base_2B
FLAT,0.5,16,2,0.0003,4192896,117601844,614714,7376568,2.218832312654441,,89883.92333984375,1078607.080078125,1220779.8372102971,0.0003,4.868297576904297,338.761255979538,51a86202db31,9c803286efc1,2.4228735943085327,12.978098843336106,0.1464648600812735,1,M,7993152,9586944,0.1349413948437518,0.1125079149391218,,,,,,,,600000000,,FLAT,100,2.0057493899e-06,39479.0,0.887285,1.3017799810860309,base,0.1,constant,0,1.0,1.0,2,FLAT_seed2_M_base_2B
FLAT,0.5,16,2,0.0003,9470720,265632627,818875,9826500,1.1297718392094738,,127056.07934570312,1524672.9521484375,1721739.8965514617,0.0001,4.878303527832031,749.8854143619537,51a86202db31,9c803286efc1,1.2228533558149124,13.05872333753109,0.1554034498549839,1,M,7993152,9586944,0.1907473987919205,0.1590363886707211,,,,,,,,600000000,,FLAT,100,2.0057493899e-06,39479.0,0.93302,0.340737259298563,base,0.1,constant,0,0.0075,0.003,2,FLAT_seed2_M_base_2B
FLAT,0.5,16,2,0.0003,21392896,600001472,953514,11442168,0.8877503772595479,,135887.20849609375,1630646.501953125,1911794.3329085864,0.0001,4.848895072937012,1665.1516392230988,51a86202db31,9c803286efc1,0.9464440485374443,12.94030791466236,0.1427561629928873,1,M,7993152,9586944,0.2040054414019807,0.1700903334736413,,,,,,,,600000000,,FLAT,100,2.0057493899e-06,39479.0,0.93856,0.1679366935277357,base,0.1,constant,0,0.001,0.0,2,FLAT_seed2_M_base_2B
RAW,0.5,16,1,0.0003,71296,2000003,26361,316332,10.74069782622814,,29.564208984375,354.7705078125,8893.864156496405,0.0004,5.048622131347656,6.862249135971069,51a86202db31,755ac9a6520d,10.825730877175332,12.484720541262629,0.0013656538067599,1,M,7993152,9586944,4.4384306442877605e-05,3.700558883127929e-05,,,,,,,,600000000,,RAW,RAW,,,0.011355,8.861061018943786,base,0.1,constant,0,0.0,0.0,2,RAW_seed1_M_base_2B
RAW,0.5,16,1,0.0003,161152,4519987,44862,538344,8.838149239931404,,788.04736328125,9456.568359375,22635.349906379797,0.0001,4.949586391448975,15.225598573684692,51a86202db31,755ac9a6520d,8.973875638208538,12.628154567623138,0.0178101734207124,1,M,7993152,9586944,0.0011830837646243,0.0009864007090658,,,,,,,,600000000,,RAW,RAW,,,0.23512,4.639718019425869,base,0.1,constant,0,0.0,0.0005,2,RAW_seed1_M_base_2B
RAW,0.5,16,1,0.0003,363904,10206679,74972,899664,4.8935257671888985,,5239.6962890625,62876.35546875,92818.68718209997,0.00025,4.854061126708984,33.116809368133545,51a86202db31,755ac9a6520d,4.991695326554962,12.639836356961728,0.0701328495971829,1,M,7993152,9586944,0.0078662779675339,0.006558539975695,,,,,,,,600000000,,RAW,RAW,,,0.59152,0.0707764931237325,base,0.1,constant,0,0.0,0.0,2,RAW_seed1_M_base_2B
RAW,0.5,16,1,0.0003,821888,23052019,123169,1478028,3.1584637126318555,,14445.929443359377,173351.1533203125,230373.2797037735,0.00025,4.733428478240967,71.25269436836243,51a86202db31,755ac9a6520d,3.243846714112623,12.756433783006669,0.1175295731880586,1,M,7993152,9586944,0.021687458629626,0.0180820033287262,,,,,,,,600000000,,RAW,RAW,,,0.743035,0.011899857301847,base,0.1,constant,0,0.0005,0.0,2,RAW_seed1_M_base_2B
RAW,0.5,16,1,0.0003,1856256,52063547,198855,2386260,2.458630930068967,,25960.451416015625,311525.4169921875,369246.4257533851,0.0004,4.711439609527588,155.02134323120117,51a86202db31,755ac9a6520d,2.545765614260229,12.56976568785906,0.1307937944733599,1,M,7993152,9586944,0.0389740389013229,0.0324947571397295,,,,,,,,600000000,,RAW,RAW,,,0.804465,0.0057504129158332,base,0.1,constant,0,0.0,0.0,2,RAW_seed1_M_base_2B
RAW,0.5,16,1,0.0003,4193152,117601921,303663,3643956,2.114833527135291,,33635.863525390625,403630.3623046875,456127.1277747365,0.0003,4.6868205070495605,341.7659056186676,51a86202db31,755ac9a6520d,2.196045349370747,12.465872808122636,0.1110112196744417,1,M,7993152,9586944,0.0504970207378375,0.0421020882467538,,,,,,,,600000000,,RAW,RAW,,,0.833345,0.0035131508657359,base,0.1,constant,0,1.0,1.0,2,RAW_seed1_M_base_2B
RAW,0.5,16,1,0.0003,9470848,265631138,461625,5539500,1.8162576005465332,,44506.298583984375,534075.5830078125,579339.5300521944,0.0003,4.698554039001465,761.4211461544037,51a86202db31,755ac9a6520d,1.9286291657687575,12.336765553689004,0.0966563769293257,1,M,7993152,9586944,0.066816642922318,0.0557086369762681,,,,,,,,600000000,,RAW,RAW,,,0.85971,0.003022389213962,base,0.1,constant,0,0.002,0.0005,2,RAW_seed1_M_base_2B
RAW,0.5,16,1,0.0003,21392768,600000139,654324,7851888,1.6329237319785792,,46430.2529296875,557163.03515625,626503.9515229058,0.00035,4.687880039215088,1707.384405374527,51a86202db31,755ac9a6520d,1.721234531483944,12.244145080399512,0.0712032571019861,1,M,7993152,9586944,0.0697050469146902,0.058116855085025,,,,,,,,600000000,,RAW,RAW,,,0.86797,0.0024681248511478,base,0.1,constant,0,0.0005,0.001,2,RAW_seed1_M_base_2B
RAW,0.5,16,2,0.0003,71424,2003224,26151,313812,10.703834317846296,,31.615478515625,379.3857421875,9147.555936265468,0.0004,5.045831203460693,6.6049981117248535,51a86202db31,7c8ce8ca3e98,10.791573470089435,12.51107513551712,0.0014530993078658,1,M,7993152,9586944,4.7463846826320834e-05,3.9573167652538704e-05,,,,,,,,600000000,,RAW,RAW,,,0.011175,8.708728665351869,base,0.1,constant,0,0.0005,0.0,2,RAW_seed2_M_base_2B
RAW,0.5,16,2,0.0003,161152,4519386,44520,534240,8.539128088669777,,943.130859375,11317.5703125,24978.40682057309,0.00015,4.984240531921387,14.80373215675354,51a86202db31,7c8ce8ca3e98,8.67018663035035,12.576998913383484,0.0214285714285714,1,M,7993152,9586944,0.0014159083065729,0.0011805190801677,,,,,,,,600000000,,RAW,RAW,,,0.262795,4.061849150747061,base,0.1,constant,0,0.0,0.0,2,RAW_seed2_M_base_2B
RAW,0.5,16,2,0.0003,363904,10206539,74880,898560,4.858395778011424,,5171.71875,62060.625,93740.61029087976,0.00025,4.793885707855225,32.06807923316956,51a86202db31,7c8ce8ca3e98,4.957223818855796,12.649356486320496,0.0693108974358974,1,M,7993152,9586944,0.0077642243010016,0.0064734523326724,,,,,,,,600000000,,RAW,RAW,,,0.592645,0.0636351290508173,base,0.1,constant,0,0.0005,0.0,2,RAW_seed2_M_base_2B
RAW,0.5,16,2,0.0003,821888,23050536,123139,1477668,3.157996896802832,,14391.936767578123,172703.2412109375,227096.3055499236,0.0004,4.767887592315674,70.10663270950317,51a86202db31,7c8ce8ca3e98,3.227014705001057,12.736161137914658,0.1171196777625285,1,M,7993152,9586944,0.021606400229964,0.0180144205714498,,,,,,,,600000000,,RAW,RAW,,,0.74292,0.0126905229340773,base,0.1,constant,0,0.0,0.0,2,RAW_seed2_M_base_2B
RAW,0.5,16,2,0.0003,1856384,52065507,198308,2379696,2.4690778492096115,,25635.5849609375,307627.01953125,367323.32144908846,0.0002,4.681783199310303,153.28061437606812,51a86202db31,7c8ce8ca3e98,2.5506433353273343,12.57368927783966,0.1295157028460778,1,M,7993152,9586944,0.0384863217328095,0.0320881210457941,,,,,,,,600000000,,RAW,RAW,,,0.80294,0.0062914240916725,base,0.1,constant,0,0.0,0.0,2,RAW_seed2_M_base_2B
RAW,0.5,16,2,0.0003,4192896,117601844,303179,3638148,2.158160055223036,,33755.981689453125,405071.7802734375,460321.7916686575,0.00015,4.7055206298828125,337.8518500328064,51a86202db31,7c8ce8ca3e98,2.2231095413043445,12.52971437072754,0.1115842456106788,1,M,7993152,9586944,0.0506773523477893,0.0422524404308023,,,,,,,,600000000,,RAW,RAW,,,0.831785,0.0047425722018815,base,0.1,constant,0,1.0,0.998,2,RAW_seed2_M_base_2B
RAW,0.5,16,2,0.0003,9470720,265632627,461167,5534004,1.8290629706392485,,44717.41040039063,536608.9248046875,582481.1256431954,0.00025,4.719891548156738,755.8835253715515,51a86202db31,7c8ce8ca3e98,1.9491480775945835,12.400934047198296,0.0972099044380885,1,M,7993152,9586944,0.0671335819467323,0.0559728861256191,,,,,,,,600000000,,RAW,RAW,,,0.85886,0.0035818422787124,base,0.1,constant,0,0.0025,0.001,2,RAW_seed2_M_base_2B
RAW,0.5,16,2,0.0003,21392896,600001472,653334,7840008,1.5769114337625298,,46413.49462890625,556961.935546875,619307.6570908754,0.0002,4.705989837646484,1698.1290819644928,51a86202db31,7c8ce8ca3e98,1.652027280841483,12.210698145484924,0.0712851313417027,1,M,7993152,9586944,0.0696798879274252,0.0580958786811391,,,,,,,,600000000,,RAW,RAW,,,0.870845,0.0012454043820907,base,0.1,constant,0,0.0005,0.0005,2,RAW_seed2_M_base_2B
FLAT,0.5,16,1,0.0003,142720,4002885,41520,498240,9.434513362424374,,473.86328125,5686.359375,18229.62729401684,0.0002,4.992532730102539,11.93017053604126,51a86202db31,b3294311be1c,9.564531300278306,12.622002338194848,0.0116570327552986,1,M,7993152,9586944,0.0007114038835993,0.0005931357662045,,,,,,,,1200000000,,FLAT,100,2.0057493899e-06,39479.0,0.159675,5.967686245799064,base,0.1,constant,0,0.0,0.0,4,FLAT_seed1_M_base_4B
FLAT,0.5,16,1,0.0003,322176,9036376,79307,951684,6.3309858360874935,,3625.637939453125,43507.6552734375,60418.8456785019,0.00025,5.068273544311523,28.206859827041622,51a86202db31,b3294311be1c,6.408524408473689,12.365753999638557,0.0459606339919553,1,M,7993152,9586944,0.0054431162166611,0.004538219402704,,,,,,,,1200000000,,FLAT,100,2.0057493899e-06,39479.0,0.52399,1.0230901697371155,base,0.1,constant,0,0.0005,0.0005,4,FLAT_seed1_M_base_4B
FLAT,0.5,16,1,0.0003,727680,20409667,226789,2721468,7.685976117061674,,9835.631591796877,118027.5791015625,188518.3191461973,0.00015,5.0776801109313965,64.07295989990234,51a86202db31,b3294311be1c,7.955792344096303,12.360076117897034,0.0436132263910507,1,M,7993152,9586944,0.0147660871583028,0.0123112828344008,,,,,,,,1200000000,,FLAT,100,2.0057493899e-06,39479.0,0.4988,5.003482950985432,base,0.1,constant,0,0.0,0.0,4,FLAT_seed1_M_base_4B
FLAT,0.5,16,1,0.0003,1643648,46100911,395813,4749756,4.138202270385735,,52750.36596679688,633004.3916015625,740057.6963802681,0.00025,5.013763904571533,142.0376317501068,51a86202db31,b3294311be1c,4.337663039106671,12.83308466937542,0.1335150689845962,1,M,7993152,9586944,0.0791933384479067,0.0660277552055756,,,,,,,,1200000000,,FLAT,100,2.0057493899e-06,39479.0,0.75131,2.752095063231885,base,0.1,constant,0,0.0,0.0,4,FLAT_seed1_M_base_4B
FLAT,0.5,16,1,0.0003,3712640,104125873,589066,7068792,2.2745334532602737,,87517.18505859375,1050206.220703125,1203789.5616912828,0.0003,4.852450370788574,314.65488743782043,51a86202db31,b3294311be1c,2.478115808359878,13.02436836335659,0.1488135455110293,1,M,7993152,9586944,0.1313882459264036,0.1095454631531304,,,,,,,,1200000000,,FLAT,100,2.0057493899e-06,39479.0,0.882335,1.3060805797819048,base,0.1,constant,0,1.0,0.9985,4,FLAT_seed1_M_base_4B
FLAT,0.5,16,1,0.0003,8385920,235199039,791859,9502308,1.1764161344470925,,123120.67504882812,1477448.1005859375,1671127.0589755953,0.0003,4.765639305114746,702.2433581352234,51a86202db31,b3294311be1c,1.2744895063415915,13.056494488930705,0.1557272191135038,1,M,7993152,9586944,0.1848392349583665,0.1541104340012768,,,,,,,,1200000000,,FLAT,100,2.0057493899e-06,39479.0,0.931205,0.3504049568325281,base,0.1,constant,0,0.0115,0.004,4,FLAT_seed1_M_base_4B
FLAT,0.5,16,1,0.0003,18941952,531262451,939971,11279652,0.9134294284908824,,136426.51489257812,1637118.1787109375,1900722.9044621785,0.00035,4.79398775100708,1572.0766596794128,51a86202db31,b3294311be1c,0.97877616115605,12.948307355713844,0.1453832086309045,1,M,7993152,9586944,0.204815094059382,0.1707653845386952,,,,,,,,1200000000,,FLAT,100,2.0057493899e-06,39479.0,0.938395,0.1932092250529676,base,0.1,constant,0,0.001,0.0,4,FLAT_seed1_M_base_4B
FLAT,0.5,16,1,0.0003,42785664,1200003317,992827,11913924,0.8063140694011602,,125868.61059570312,1510423.3271484375,1799345.9441687958,0.0,4.816588401794434,3504.390372991562,51a86202db31,b3294311be1c,0.8579072319681837,12.581407766012166,0.1270221297366006,1,M,7993152,9586944,0.1889646696507757,0.1575500312871794,,,,,,,,1200000000,,FLAT,100,2.0057493899e-06,39479.0,0.936435,0.0833509476094041,base,0.1,constant,0,0.0,0.0,4,FLAT_seed1_M_base_4B
FLAT,0.5,16,2,0.0003,142720,4002719,41130,493560,9.167927372972668,,615.95849609375,7391.501953125,20255.540711083173,0.0003,4.978055477142334,11.947671175003052,51a86202db31,1415ff0a3fb8,9.302052630242107,12.59394655444622,0.0152200340384147,1,M,7993152,9586944,0.000924729312432,0.0007709966755959,,,,,,,,1200000000,,FLAT,100,2.0057493899e-06,39479.0,0.19389,5.399771235227584,base,0.1,constant,0,0.001,0.0015,4,FLAT_seed2_M_base_4B
FLAT,0.5,16,2,0.0003,322176,9035748,79278,951336,6.388550273925652,,3704.64501953125,44455.740234375,60217.10349489299,0.00025,5.090569972991943,27.51598024368286,51a86202db31,1415ff0a3fb8,6.46595258525487,12.375009149098396,0.0469739398067559,1,M,7993152,9586944,0.0055617283687805,0.004637112747751,,,,,,,,1200000000,,FLAT,100,2.0057493899e-06,39479.0,0.5308,1.2244220387488605,base,0.1,constant,0,0.0,0.0,4,FLAT_seed2_M_base_4B
FLAT,0.5,16,2,0.0003,727680,20408666,226967,2723604,7.65833814271301,,10168.588134765623,122023.0576171875,189322.1529906366,0.0005,5.018231391906738,61.9531683921814,51a86202db31,1415ff0a3fb8,7.896847793710083,12.373628014159202,0.0450461961430516,1,M,7993152,9586944,0.0152659498552245,0.0127280453100787,,,,,,,,1200000000,,FLAT,100,2.0057493899e-06,39479.0,0.50655,4.971633290231228,base,0.1,constant,0,0.0,0.0,4,FLAT_seed2_M_base_4B
FLAT,0.5,16,2,0.0003,1643648,46099227,395664,4747968,4.002142351483917,,53015.40234375,636184.828125,744938.5772908678,0.00025,4.970546245574951,137.79423022270203,51a86202db31,1415ff0a3fb8,4.20243679381229,12.847979027485849,0.1342351085769744,1,M,7993152,9586944,0.0795912336115965,0.0663595018522065,,,,,,,,1200000000,,FLAT,100,2.0057493899e-06,39479.0,0.763925,2.457617776233703,base,0.1,constant,0,0.0,0.0,4,FLAT_seed2_M_base_4B
FLAT,0.5,16,2,0.0003,3712512,104128093,588466,7061592,2.22787721213324,,87744.33154296875,1052931.978515625,1204535.8323293668,0.00045,4.821067333221436,305.38819456100464,51a86202db31,1415ff0a3fb8,2.428332470598414,13.02115180338621,0.14935102452818,1,M,7993152,9586944,0.1317292575589235,0.1098297829335005,,,,,,,,1200000000,,FLAT,100,2.0057493899e-06,39479.0,0.88517,1.2531293756626547,base,0.1,constant,0,1.0,0.999,4,FLAT_seed2_M_base_4B
FLAT,0.5,16,2,0.0003,8385664,235197597,791567,9498804,1.1650610508094612,,123357.74633789062,1480292.9560546875,1679870.4246414483,0.00015,4.865901470184326,677.1384279727936,51a86202db31,1415ff0a3fb8,1.2628874229100346,13.067057856464386,0.1560840712157025,1,M,7993152,9586944,0.1851951465522847,0.1544071766826517,,,,,,,,1200000000,,FLAT,100,2.0057493899e-06,39479.0,0.93184,0.3533260688539594,base,0.1,constant,0,0.008,0.0035,4,FLAT_seed2_M_base_4B
FLAT,0.5,16,2,0.0003,18941824,531260667,939907,11278884,0.9110551918937266,,136351.53051757812,1636218.3662109375,1894766.5725156036,0.0003,4.810380458831787,1541.0099892616272,51a86202db31,1415ff0a3fb8,0.97719346855239,12.95478148946762,0.1453133129128733,1,M,7993152,9586944,0.2047025211344582,0.1706715264229078,,,,,,,,1200000000,,FLAT,100,2.0057493899e-06,39479.0,0.938675,0.1796084343465045,base,0.1,constant,0,0.0005,0.0015,4,FLAT_seed2_M_base_4B
FLAT,0.5,16,2,0.0003,42785280,1200000927,992759,11913108,0.7693840867844836,,127842.62719726562,1534111.5263671875,1807542.667277701,0.0,4.775986194610596,3513.2755801677704,51a86202db31,1415ff0a3fb8,0.8236966072433186,12.483795053106846,0.1290192282316252,1,M,7993152,9586944,0.1919282313619442,0.160020912437497,,,,,,,,1200000000,,FLAT,100,2.0057493899e-06,39479.0,0.93714,0.0564187217671424,base,0.1,constant,0,0.0,0.0005,4,FLAT_seed2_M_base_4B
RAW,0.5,16,1,0.0003,142720,4002885,41520,498240,9.434513362424374,,473.86328125,5686.359375,18229.62729401684,0.0002,4.992532730102539,12.96161961555481,51a86202db31,1ef529a41949,9.564531300278306,12.622002338194848,0.0116570327552986,1,M,7993152,9586944,0.0007114038835993,0.0005931357662045,,,,,,,,1200000000,,RAW,RAW,,,0.159675,5.967686245799064,base,0.1,constant,0,0.0,0.0,4,RAW_seed1_M_base_4B
RAW,0.5,16,1,0.0003,322176,9036376,69472,833664,5.309966705421759,,4163.0390625,49956.46875,77556.42558380768,0.00025,4.838824272155762,29.43616342544556,51a86202db31,1ef529a41949,5.406830819825605,12.617464253842831,0.0601681252878857,1,M,7993152,9586944,0.0062499085154392,0.0052108856325853,,,,,,,,1200000000,,RAW,RAW,,,0.552065,0.111873907781206,base,0.1,constant,0,0.0005,0.0005,4,RAW_seed1_M_base_4B
RAW,0.5,16,1,0.0003,727680,20409667,114518,1374216,3.3232810168742235,,12904.04150390625,154848.498046875,207902.05440604716,0.0003,4.73983097076416,64.7894082069397,51a86202db31,1ef529a41949,3.4036673313624632,12.758034230291845,0.1129254789640056,1,M,7993152,9586944,0.0193726452401849,0.0161520186252131,,,,,,,,1200000000,,RAW,RAW,,,0.728845,0.0144405868354951,base,0.1,constant,0,0.0,0.0005,4,RAW_seed1_M_base_4B
RAW,0.5,16,1,0.0003,1643648,46100911,185305,2223660,2.539039506494565,,24038.75952148437,288465.1142578125,350635.8583968385,0.00045,4.776302814483643,143.19039964675903,51a86202db31,1ef529a41949,2.6231157138120573,12.6093574311018,0.1299695097272065,1,M,7993152,9586944,0.0360890314931847,0.0300893709463424,,,,,,,,1200000000,,RAW,RAW,,,0.797445,0.0060665110347908,base,0.1,constant,0,0.0005,0.0,4,RAW_seed1_M_base_4B
RAW,0.5,16,1,0.0003,3712640,104125873,287630,3451560,2.166559251191797,,32296.77783203125,387561.333984375,442812.8998531347,0.0004,4.693284034729004,314.49925565719604,51a86202db31,1ef529a41949,2.249017488723704,12.554144915056227,0.1125299864409136,1,M,7993152,9586944,0.0484866713387128,0.0404259515841935,,,,,,,,1200000000,,RAW,RAW,,,0.82926,0.0036018098873901,base,0.1,constant,0,1.0,0.999,4,RAW_seed1_M_base_4B
RAW,0.5,16,1,0.0003,8385920,235199039,435191,5222292,1.8470782534370376,,43652.752197265625,523833.0263671875,570065.0549696335,0.0001,4.611034393310547,699.2812240123749,51a86202db31,1ef529a41949,1.963954615563862,12.368452847242356,0.1005512522088002,1,M,7993152,9586944,0.0655352264497394,0.0546402509879256,,,,,,,,1200000000,,RAW,RAW,,,0.8569,0.0031445229205419,base,0.1,constant,0,0.0025,0.0,4,RAW_seed1_M_base_4B
RAW,0.5,16,1,0.0003,18941952,531262451,624252,7491024,1.6494634009035456,,46532.5947265625,558391.13671875,618429.7869774995,0.00015,4.656242370605469,1568.9410107135773,51a86202db31,1ef529a41949,1.7402902324568337,12.249532682585716,0.0747855032903378,1,M,7993152,9586944,0.0698586911294505,0.0582449565491099,,,,,,,,1200000000,,RAW,RAW,,,0.86739,0.0025932897943421,base,0.1,constant,0,0.0,0.0005,4,RAW_seed1_M_base_4B
RAW,0.5,16,1,0.0003,42785664,1200003317,816495,9797940,1.5538686138161948,,44639.66040039063,535675.9248046875,621349.9652743563,0.00025,4.654414176940918,3465.4804577827454,51a86202db31,1ef529a41949,1.6095990068339472,12.149521855354308,0.0549164416193608,1,M,7993152,9586944,0.0670168570302038,0.0558755662706163,,,,,,,,1200000000,,RAW,RAW,,,0.86884,0.0016961132429714,base,0.1,constant,0,0.0005,0.0,4,RAW_seed1_M_base_4B
RAW,0.5,16,2,0.0003,142720,4002719,41130,493560,9.167927372972668,,615.95849609375,7391.501953125,20255.540711083173,0.0003,4.978055477142334,11.901339530944824,51a86202db31,d4de9a102864,9.302052630242107,12.59394655444622,0.0152200340384147,1,M,7993152,9586944,0.000924729312432,0.0007709966755959,,,,,,,,1200000000,,RAW,RAW,,,0.19389,5.399771235227584,base,0.1,constant,0,0.001,0.0015,4,RAW_seed2_M_base_4B
RAW,0.5,16,2,0.0003,322176,9035748,69335,832020,5.2548072610744505,,4253.072509765625,51036.8701171875,78713.81160199449,0.00015,4.862600326538086,27.341508388519287,51a86202db31,d4de9a102864,5.355490397875793,12.631877823209765,0.0615850580514891,1,M,7993152,9586944,0.0063850743883248,0.0053235807069685,,,,,,,,1200000000,,RAW,RAW,,,0.557265,0.1137715780688449,base,0.1,constant,0,0.0,0.0,4,RAW_seed2_M_base_4B
RAW,0.5,16,2,0.0003,727680,20408666,114343,1372116,3.3326545320781107,,12686.084228515623,152233.0107421875,204861.7384266669,0.00025,4.7023797035217285,60.90557980537415,51a86202db31,d4de9a102864,3.4043289466650744,12.757796923422813,0.1111917651277297,1,M,7993152,9586944,0.0190454292301944,0.0158792009990031,,,,,,,,1200000000,,RAW,RAW,,,0.726695,0.0151763465759577,base,0.1,constant,0,0.0,0.0,4,RAW_seed2_M_base_4B
RAW,0.5,16,2,0.0003,1643648,46099227,184876,2218512,2.544425364782065,,23858.8642578125,286306.37109375,348223.99192715675,0.0003,4.709774017333984,135.1395218372345,51a86202db31,d4de9a102864,2.6188518517868524,12.600484309840205,0.1292974750643674,1,M,7993152,9586944,0.0358189574142653,0.0298641956283201,,,,,,,,1200000000,,RAW,RAW,,,0.796295,0.0068856914378702,base,0.1,constant,0,0.0,0.0,4,RAW_seed2_M_base_4B
RAW,0.5,16,2,0.0003,3712512,104128093,286935,3443220,2.2156759357710056,,32039.947509765625,384479.3701171875,442855.07690721645,5e-05,4.684320449829102,300.5301740169525,51a86202db31,d4de9a102864,2.2862895530994725,12.53514815542698,0.1119068778643246,1,M,7993152,9586944,0.0481010958026555,0.0401044764752133,,,,,,,,1200000000,,RAW,RAW,,,0.826405,0.0044412515555741,base,0.1,constant,0,1.0,0.999,4,RAW_seed2_M_base_4B
RAW,0.5,16,2,0.0003,8385664,235197597,434972,5219664,1.8471038080126447,,43113.8056640625,517365.66796875,568809.5335546449,0.0004,4.694250106811523,670.9760563373566,51a86202db31,d4de9a102864,1.974351053827703,12.40361176879406,0.0993627176002133,1,M,7993152,9586944,0.0647261140497203,0.0539656503645739,,,,,,,,1200000000,,RAW,RAW,,,0.8566,0.0031949180553201,base,0.1,constant,0,0.003,0.0015,4,RAW_seed2_M_base_4B
RAW,0.5,16,2,0.0003,18941824,531260667,623811,7485732,1.679154327957995,,47086.702392578125,565040.4287109375,641847.127915586,0.00025,4.663838863372803,1501.1185989379885,51a86202db31,d4de9a102864,1.7679324404353345,12.388382031393052,0.0757264620213494,1,M,7993152,9586944,0.0706905647122608,0.0589385343975032,,,,,,,,1200000000,,RAW,RAW,,,0.86702,0.0035214608858805,base,0.1,constant,0,0.0,0.001,4,RAW_seed2_M_base_4B
RAW,0.5,16,2,0.0003,42785280,1200000927,815800,9789600,1.559884707595801,,44065.830078125,528789.9609375,623799.0319866543,0.0002,4.6252312660217285,3387.256099462509,51a86202db31,d4de9a102864,1.6357328727458458,12.18980686676502,0.0542596224564844,1,M,7993152,9586944,0.066155374117432,0.0551573015277339,,,,,,,,1200000000,,RAW,RAW,,,0.86752,0.0018715972368663,base,0.1,constant,0,0.0,0.0,4,RAW_seed2_M_base_4B
FLAT,0.5,16,1,0.0003,35712,1002054,16521,198252,11.728942900824547,,6.966552734375,83.5986328125,2039.167009937477,0.00035,,3.966685295104981,51a86202db31,0e68be0fff18,11.758497090177537,12.322383344221116,0.0006658192603353,0,M,7993152,9586944,1.0458781818799391e-05,8.720050186222013e-06,,,,,,,,300000000,,FLAT,100,2.0057493899e-06,39479.0,0.002795,11.129192646980286,cosine,0.1,cosine,1,0.0,,1,FLAT_seed1_M_cosine
FLAT,0.5,16,1,0.0003,80640,2262035,28614,343368,10.608668581268788,,29.01416015625,348.169921875,10012.812619137048,0.00025,5.077767848968506,8.324174404144287,51a86202db31,0e68be0fff18,10.702018721766471,12.571378704094888,0.0012581253931641,0,M,7993152,9586944,4.355852633291598e-05,3.631709143967045e-05,,,,,,,,300000000,,FLAT,100,2.0057493899e-06,39479.0,0.011485,8.494578298091888,cosine,0.1,cosine,1,0.0005,,1,FLAT_seed1_M_cosine
FLAT,0.5,16,1,0.0003,182016,5105143,48475,581700,8.016973545479626,,1277.165283203125,15325.9833984375,30093.839854233265,5e-05,5.0618977546691895,16.926197290420532,51a86202db31,0e68be0fff18,8.168892019321918,12.67415356543064,0.0265910263022176,0,M,7993152,9586944,0.0019173892099684,0.0015986307418127,,,,,,,,300000000,,FLAT,100,2.0057493899e-06,39479.0,0.32099,2.9202720804959537,cosine,0.1,cosine,1,0.0005,,1,FLAT_seed1_M_cosine
FLAT,0.5,16,1,0.0003,410880,11524536,123026,1476312,8.82710238548845,,2352.96435546875,28235.572265625,61320.69030588341,0.00015,5.0017348527908325,35.191914319992065,51a86202db31,0e68be0fff18,8.978918871175349,12.388167941093444,0.0193698892916944,0,M,7993152,9586944,0.0035324703278037,0.0029452109312023,,,,,,,,300000000,,FLAT,100,2.0057493899e-06,39479.0,0.37084,5.90372915917635,cosine,0.1,cosine,1,0.0005,,1,FLAT_seed1_M_cosine
FLAT,0.5,16,1,0.0003,928128,26032025,273807,3285684,7.669879514838829,,15070.152587890623,180841.8310546875,261492.8585288096,0.0002,5.053483247756958,75.2570858001709,51a86202db31,0e68be0fff18,7.918441742033809,12.466045135712625,0.0552834660910787,0,M,7993152,9586944,0.0226245955356144,0.0188633448839053,,,,,,,,300000000,,FLAT,100,2.0057493899e-06,39479.0,0.46558,5.61152199792862,cosine,0.1,cosine,1,0.0005,,1,FLAT_seed1_M_cosine
FLAT,0.5,16,1,0.0003,2096512,58801209,452941,5435292,3.63552801940074,,60530.41870117188,726365.0244140625,863125.0932205574,0.00015,4.963261723518372,164.28800439834595,51a86202db31,0e68be0fff18,3.8453123136351817,13.02607297654152,0.1338827794348491,0,M,7993152,9586944,0.0908734156955932,0.075766065225171,,,,,,,,300000000,,FLAT,100,2.0057493899e-06,39479.0,0.782445,2.4438089728169143,cosine,0.1,cosine,1,0.0,,1,FLAT_seed1_M_cosine
FLAT,0.5,16,1,0.0003,4735616,132815933,646872,7762464,1.9436169199320956,,95738.072265625,1148856.8671875,1322129.6909756656,0.0002,4.92281985282898,379.4114725589752,51a86202db31,0e68be0fff18,2.111246352667804,13.201086267852784,0.1482457116709333,0,M,7993152,9586944,0.1437301413994754,0.1198355667027469,,,,,,,,300000000,,FLAT,100,2.0057493899e-06,39479.0,0.90365,0.9778823387604206,cosine,0.1,cosine,1,0.7985,,1,FLAT_seed1_M_cosine
FLAT,0.5,16,1,0.0003,10696320,300001987,845276,10143312,0.8102419207789656,,170926.6337890625,2051119.60546875,2266950.757503736,0.00025,4.831302881240845,834.1477172374725,51a86202db31,0e68be0fff18,0.8717209012601106,13.05703466141224,0.2024581320184176,0,M,7993152,9586944,0.256609608508477,0.2139492632343268,,,,,,,,300000000,,FLAT,100,2.0057493899e-06,39479.0,0.949905,0.1813773804102093,cosine,0.1,cosine,0,0.0675,,1,FLAT_seed1_M_cosine
FLAT,0.5,16,2,0.0003,35712,1002175,16504,198048,11.679799803323746,,19.970703125,239.6484375,2226.32171786232,0.00035,,4.00872802734375,51a86202db31,fabec491e5ac,11.715444132490155,12.234871322536469,0.0014541929229277,0,M,7993152,9586944,2.9981719038997383e-05,2.4997375336707923e-05,,,,,,,,300000000,,FLAT,100,2.0057493899e-06,39479.0,0.00548,11.06238505744934,cosine,0.1,cosine,1,0.0005,,1,FLAT_seed2_M_cosine
FLAT,0.5,16,2,0.0003,80640,2261705,28300,339600,10.566454398152828,,34.0908203125,409.08984375,10490.579655351636,0.00015,5.0927605628967285,8.379125356674194,51a86202db31,fabec491e5ac,10.648474859116078,12.598231330013276,0.0014487632508833,0,M,7993152,9586944,5.1180040583489465e-05,4.267155871047124e-05,,,,,,,,300000000,,FLAT,100,2.0057493899e-06,39479.0,0.014175,8.387007349014283,cosine,0.1,cosine,1,0.0005,,1,FLAT_seed2_M_cosine
FLAT,0.5,16,2,0.0003,182016,5104542,48143,577716,7.86541588165503,,1295.246337890625,15542.9560546875,31131.034414192956,0.00025,5.041224241256714,17.000428199768066,51a86202db31,fabec491e5ac,8.001322190673202,12.61854841837883,0.0271482873938059,0,M,7993152,9586944,0.0019445340279638,0.0016212628398254,,,,,,,,300000000,,FLAT,100,2.0057493899e-06,39479.0,0.32596,2.675041403509677,cosine,0.1,cosine,1,0.0,,1,FLAT_seed2_M_cosine
FLAT,0.5,16,2,0.0003,411008,11527477,123277,1479324,8.75752110427007,,2386.903076171875,28642.8369140625,62746.38221379056,0.00035,4.995346307754517,35.381531715393066,51a86202db31,fabec491e5ac,8.926356782934963,12.372284125614168,0.0196062525856404,0,M,7993152,9586944,0.0035834220235099,0.0029876921064796,,,,,,,,300000000,,FLAT,100,2.0057493899e-06,39479.0,0.365205,5.807985428571701,cosine,0.1,cosine,1,0.0,,1,FLAT_seed2_M_cosine
FLAT,0.5,16,2,0.0003,928256,26034033,274385,3292620,7.5386115682072194,,15123.011474609377,181476.1376953125,262047.48234440252,0.0002,5.069254279136658,75.63776063919067,51a86202db31,fabec491e5ac,7.77229512668103,12.47886100745201,0.055360169105454,0,M,7993152,9586944,0.0227039517946502,0.0189295084747874,,,,,,,,300000000,,FLAT,100,2.0057493899e-06,39479.0,0.47173,5.420688670694828,cosine,0.1,cosine,1,0.0,,1,FLAT_seed2_M_cosine
FLAT,0.5,16,2,0.0003,2096512,58800742,452540,5430480,3.508442994388435,,60153.5166015625,721842.19921875,865586.6480811175,0.00025,4.967068076133728,164.08434677124023,51a86202db31,fabec491e5ac,3.734603563734256,13.047550729703904,0.1331683387103902,0,M,7993152,9586944,0.0903075781892737,0.0752942959945056,,,,,,,,300000000,,FLAT,100,2.0057493899e-06,39479.0,0.792285,2.2192200744897126,cosine,0.1,cosine,1,0.0,,1,FLAT_seed2_M_cosine
FLAT,0.5,16,2,0.0003,4735360,132815534,646345,7756140,1.995234525937364,,95118.20092773438,1141418.4111328125,1314475.1403427755,0.0001,4.905709505081177,360.5169529914856,51a86202db31,fabec491e5ac,2.1663051051152404,13.179458845758438,0.1474073443749081,0,M,7993152,9586944,0.1427995377959549,0.119059672314015,,,,,,,,300000000,,FLAT,100,2.0057493899e-06,39479.0,0.899915,1.0929598798947409,cosine,0.1,cosine,1,0.776,,1,FLAT_seed2_M_cosine
FLAT,0.5,16,2,0.0003,10696192,300002541,845007,10140084,0.803258308235514,,170747.69946289062,2048972.3935546875,2263235.9969471567,0.0004,4.805420637130737,799.8614704608917,51a86202db31,fabec491e5ac,0.8664244978085067,13.046528411197665,0.2023107500884608,0,M,7993152,9586944,0.2563409770707084,0.2137252907239979,,,,,,,,300000000,,FLAT,100,2.0057493899e-06,39479.0,0.949915,0.1695810520499944,cosine,0.1,cosine,0,0.0685,,1,FLAT_seed2_M_cosine
RAW,0.5,16,1,0.0003,35712,1002054,16521,198252,11.728942900824547,,6.966552734375,83.5986328125,2039.167009937477,0.00035,,4.005481243133545,51a86202db31,82267e00d992,11.758497090177537,12.322383344221116,0.0006658192603353,0,M,7993152,9586944,1.0458781818799391e-05,8.720050186222013e-06,,,,,,,,300000000,,RAW,RAW,,,0.002795,11.129192646980286,cosine,0.1,cosine,1,0.0,,1,RAW_seed1_M_cosine
RAW,0.5,16,1,0.0003,80640,2262035,28614,343368,10.608668581268788,,29.01416015625,348.169921875,10012.812619137048,0.00025,5.077767848968506,8.366317749023438,51a86202db31,82267e00d992,10.702018721766471,12.571378704094888,0.0012581253931641,0,M,7993152,9586944,4.355852633291598e-05,3.631709143967045e-05,,,,,,,,300000000,,RAW,RAW,,,0.011485,8.494578298091888,cosine,0.1,cosine,1,0.0005,,1,RAW_seed1_M_cosine
RAW,0.5,16,1,0.0003,182016,5105143,48475,581700,8.016973545479626,,1277.165283203125,15325.9833984375,30093.839854233265,5e-05,5.0618977546691895,16.946289777755737,51a86202db31,82267e00d992,8.168892019321918,12.67415356543064,0.0265910263022176,0,M,7993152,9586944,0.0019173892099684,0.0015986307418127,,,,,,,,300000000,,RAW,RAW,,,0.32099,2.9202720804959537,cosine,0.1,cosine,1,0.0005,,1,RAW_seed1_M_cosine
RAW,0.5,16,1,0.0003,410880,11524536,80829,969948,4.691192709138962,,5918.266357421875,71019.1962890625,103647.0885018792,0.00015,4.8624924421310425,34.95773911476135,51a86202db31,82267e00d992,4.795892454190706,12.73755643055439,0.0734637320763587,0,M,7993152,9586944,0.0088850051004988,0.007407907701251,,,,,,,,300000000,,RAW,RAW,,,0.613025,0.101973621206358,cosine,0.1,cosine,1,0.0,,1,RAW_seed1_M_cosine
RAW,0.5,16,1,0.0003,928128,26032025,132442,1589304,3.220333708867704,,14561.66552734375,174739.986328125,229915.72965432465,0.00025,4.752543210983276,75.48705673217773,51a86202db31,82267e00d992,3.3140732749549997,12.784835162514447,0.1101916310535932,0,M,7993152,9586944,0.0218612114880493,0.0182268704529957,,,,,,,,300000000,,RAW,RAW,,,0.74071,0.0292251976652187,cosine,0.1,cosine,1,0.0,,1,RAW_seed1_M_cosine
RAW,0.5,16,1,0.0003,2096512,58801209,212985,2555820,2.583308548321182,,24472.00170898437,293664.0205078125,349114.4828056808,0.0002,4.730847239494324,166.02415204048157,51a86202db31,82267e00d992,2.6738596135678283,12.627246112900972,0.1151442589853745,0,M,7993152,9586944,0.0367394515339896,0.0306316611954562,,,,,,,,300000000,,RAW,RAW,,,0.797245,0.01241252756631,cosine,0.1,cosine,1,0.0005,,1,RAW_seed1_M_cosine
RAW,0.5,16,1,0.0003,4735616,132815933,324075,3888900,2.139479247136168,,34856.880126953125,418282.5615234375,468588.47956365126,0.00025,4.736986875534058,368.2503824234009,51a86202db31,82267e00d992,2.22797400312192,12.540132107496262,0.1078022062794106,0,M,7993152,9586944,0.0523301147686716,0.0436304375537645,,,,,,,,300000000,,RAW,RAW,,,0.834945,0.0076393843656405,cosine,0.1,cosine,1,0.6085,,1,RAW_seed1_M_cosine
RAW,0.5,16,1,0.0003,10696320,300001987,488690,5864280,1.4867886647689028,,67407.69091796875,808892.291015625,849789.6989061983,0.0002,4.685698390007019,820.1722960472107,51a86202db31,82267e00d992,1.5724551768534816,12.431886304664612,0.1381796230739323,0,M,7993152,9586944,0.1011981620036282,0.0843743627808428,,,,,,,,300000000,,RAW,RAW,,,0.89059,0.0041736136622494,cosine,0.1,cosine,0,0.026,,1,RAW_seed1_M_cosine
RAW,0.5,16,2,0.0003,35712,1002175,16504,198048,11.679799803323746,,19.970703125,239.6484375,2226.32171786232,0.00035,,4.025052547454834,51a86202db31,8daa20cf6f32,11.715444132490155,12.234871322536469,0.0014541929229277,0,M,7993152,9586944,2.9981719038997383e-05,2.4997375336707923e-05,,,,,,,,300000000,,RAW,RAW,,,0.00548,11.06238505744934,cosine,0.1,cosine,1,0.0005,,1,RAW_seed2_M_cosine
RAW,0.5,16,2,0.0003,80640,2261705,28300,339600,10.566454398152828,,34.0908203125,409.08984375,10490.579655351636,0.00015,5.0927605628967285,8.373553037643433,51a86202db31,8daa20cf6f32,10.648474859116078,12.598231330013276,0.0014487632508833,0,M,7993152,9586944,5.1180040583489465e-05,4.267155871047124e-05,,,,,,,,300000000,,RAW,RAW,,,0.014175,8.387007349014283,cosine,0.1,cosine,1,0.0005,,1,RAW_seed2_M_cosine
RAW,0.5,16,2,0.0003,182016,5104542,48143,577716,7.86541588165503,,1295.246337890625,15542.9560546875,31131.034414192956,0.00025,5.041224241256714,17.02664852142334,51a86202db31,8daa20cf6f32,8.001322190673202,12.61854841837883,0.0271482873938059,0,M,7993152,9586944,0.0019445340279638,0.0016212628398254,,,,,,,,300000000,,RAW,RAW,,,0.32596,2.675041403509677,cosine,0.1,cosine,1,0.0,,1,RAW_seed2_M_cosine
RAW,0.5,16,2,0.0003,411008,11527477,80709,968508,4.643692867771743,,6085.295654296875,73023.5478515625,104825.22648259831,0.00025,4.870475053787232,35.49600434303284,51a86202db31,8daa20cf6f32,4.753682751674946,12.697338176250458,0.075642121696465,0,M,7993152,9586944,0.0091357636951683,0.0076169786588471,,,,,,,,300000000,,RAW,RAW,,,0.61767,0.0937794298166409,cosine,0.1,cosine,1,0.0,,1,RAW_seed2_M_cosine
RAW,0.5,16,2,0.0003,928256,26034033,132534,1590408,3.222397004026667,,14444.64306640625,173335.716796875,226476.99153380492,0.0004,4.773552894592285,74.57568836212158,51a86202db31,8daa20cf6f32,3.299908358661301,12.7360354678154,0.1092323479258152,0,M,7993152,9586944,0.0216855274110732,0.0180803931677159,,,,,,,,300000000,,RAW,RAW,,,0.739495,0.0277411057532299,cosine,0.1,cosine,1,0.0005,,1,RAW_seed2_M_cosine
RAW,0.5,16,2,0.0003,2096512,58800742,212453,2549436,2.5945447048628223,,24139.131591796875,289669.5791015625,349029.43074385065,0.0003,4.727760434150696,161.16157984733582,51a86202db31,8daa20cf6f32,2.6931029001531144,12.667660458254812,0.1138651842995862,0,M,7993152,9586944,0.0362397185868056,0.0302150068991289,,,,,,,,300000000,,RAW,RAW,,,0.7962,0.0163532334493938,cosine,0.1,cosine,1,0.0005,,1,RAW_seed2_M_cosine
RAW,0.5,16,2,0.0003,4735360,132815534,323533,3882396,2.1451225402726126,,34648.012451171875,415776.1494140625,464870.50490999,0.00035,4.72062611579895,354.3378264904022,51a86202db31,8daa20cf6f32,2.241525196575127,12.5249486743927,0.1073368095372033,0,M,7993152,9586944,0.0520165448391401,0.0433689974004294,,,,,,,,300000000,,RAW,RAW,,,0.83444,0.0059376365498756,cosine,0.1,cosine,1,0.65,,1,RAW_seed2_M_cosine
RAW,0.5,16,2,0.0003,10696192,300002541,488195,5858340,1.4462261977828454,,66227.81176757812,794733.7412109375,836009.9153701155,0.0002,4.667703032493591,788.6809248924255,51a86202db31,8daa20cf6f32,1.527520363947965,12.40214278664589,0.1359026618461885,0,M,7993152,9586944,0.0994268270152922,0.0828975053167033,,,,,,,,300000000,,RAW,RAW,,,0.89272,0.0032409156559151,cosine,0.1,cosine,0,0.0385,,1,RAW_seed2_M_cosine
FLAT,0.5,16,1,0.0001,35712,1002054,16521,198252,11.867213290538787,,7.966552734375,95.5986328125,743.8810879304406,0.0003,5.296614170074463,3.922572374343872,51a86202db31,0b0df03ca7aa,11.954027439866064,12.05125966448784,0.0007263482840021,1,M,7993152,9586944,1.1960066918845032e-05,9.971752501370616e-06,,,,,,,,300000000,,FLAT,100,2.0057493899e-06,39479.0,0.003335,11.66251775074005,lr3,0.1,constant,0,0.0,0.0,1,FLAT_seed1_M_lr3
FLAT,0.5,16,1,0.0001,80640,2262035,28614,343368,11.329942936410903,,24.01416015625,288.169921875,4246.861084147454,0.0003,5.08104133605957,8.590262413024902,51a86202db31,0b0df03ca7aa,11.400379283418657,12.26783824329376,0.0010833857552247,1,M,7993152,9586944,3.605210083268778e-05,3.0058579863927443e-05,,,,,,,,300000000,,FLAT,100,2.0057493899e-06,39479.0,0.011025,10.313916556835174,lr3,0.1,constant,0,0.0005,0.0005,1,FLAT_seed1_M_lr3
FLAT,0.5,16,1,0.0001,182016,5105143,48475,581700,10.009966481176615,,319.165283203125,3829.9833984375,13113.711824223996,0.00015,5.011654853820801,17.59776282310486,51a86202db31,0b0df03ca7aa,10.112896334826946,12.397074979162216,0.0068282619907168,1,M,7993152,9586944,0.0004791580841246,0.0003994999239004,,,,,,,,300000000,,FLAT,100,2.0057493899e-06,39479.0,0.120525,7.315807170629501,lr3,0.1,constant,0,0.0,0.0,1,FLAT_seed1_M_lr3
FLAT,0.5,16,1,0.0001,410880,11524536,123026,1476312,10.074614681494236,,1102.96435546875,13235.572265625,26107.29586833305,0.0005,5.096855163574219,36.890554666519165,51a86202db31,0b0df03ca7aa,10.12955381639719,12.156068514537813,0.0092094354038983,1,M,7993152,9586944,0.0016558639527466,0.0013805830372666,,,,,,,,300000000,,FLAT,100,2.0057493899e-06,39479.0,0.2742,7.8663304154872895,lr3,0.1,constant,0,0.0,0.0,1,FLAT_seed1_M_lr3
FLAT,0.5,16,1,0.0001,928128,26032025,273807,3285684,9.576699190373422,,3046.152587890625,36553.8310546875,87540.72786009492,0.00035,5.058029651641846,80.1014256477356,51a86202db31,0b0df03ca7aa,9.83416230118394,12.191790474367142,0.0113693221867958,1,M,7993152,9586944,0.0045731434926656,0.0038128762465586,,,,,,,,300000000,,FLAT,100,2.0057493899e-06,39479.0,0.32958,7.654590961456299,lr3,0.1,constant,0,0.0005,0.0,1,FLAT_seed1_M_lr3
FLAT,0.5,16,1,0.0001,2096512,58801209,452941,5435292,6.90123546095632,,31187.418701171875,374249.0244140625,380038.58652792143,0.00025,5.021744251251221,174.14367938041687,51a86202db31,0b0df03ca7aa,7.239567467649877,12.384845851373672,0.0690995074413665,1,M,7993152,9586944,0.046821207004954,0.0390373641917656,,,,,,,,300000000,,FLAT,100,2.0057493899e-06,39479.0,0.617715,5.072785089731217,lr3,0.1,constant,0,0.001,0.0,1,FLAT_seed1_M_lr3
FLAT,0.5,16,1,0.0001,4735616,132815933,646872,7762464,1.8505057937067748,,87899.072265625,1054788.8671875,1213175.760239649,0.0002,4.871596336364746,381.1653513908386,51a86202db31,0b0df03ca7aa,1.961582263612356,12.918056113886832,0.1361273946004773,1,M,7993152,9586944,0.1319615675002176,0.1100234722542971,,,,,,,,300000000,,FLAT,100,2.0057493899e-06,39479.0,0.90279,0.8027004603743553,lr3,0.1,constant,0,1.0,1.0,1,FLAT_seed1_M_lr3
FLAT,0.5,16,1,0.0001,10696320,300001987,845276,10143312,0.8357189719155245,,154099.6337890625,1849195.60546875,2067763.6498424343,0.0003,4.836279392242432,845.3585526943207,51a86202db31,0b0df03ca7aa,0.8880721064593503,13.02153769850731,0.1825510247540448,1,M,7993152,9586944,0.231347484130009,0.1928868683773212,,,,,,,,300000000,,FLAT,100,2.0057493899e-06,39479.0,0.94457,0.1466118186526,lr3,0.1,constant,0,0.05,0.042,1,FLAT_seed1_M_lr3
FLAT,0.5,16,2,0.0001,35712,1002175,16504,198048,11.86260500553131,,5.970703125,71.6484375,799.7188528629304,0.0002,5.2694993019104,4.011929512023926,51a86202db31,627b3e2b5c03,11.955318548269272,12.05378757443428,0.0006059137178865,1,M,7993152,9586944,8.963727638358435e-06,7.473542924627493e-06,,,,,,,,300000000,,FLAT,100,2.0057493899e-06,39479.0,0.00244,11.64110078048706,lr3,0.1,constant,0,0.0,0.0,1,FLAT_seed2_M_lr3
FLAT,0.5,16,2,0.0001,80640,2261705,28300,339600,11.337712876105307,,27.0908203125,325.08984375,4287.619183487892,0.0004,5.072406768798828,8.655396699905396,51a86202db31,627b3e2b5c03,11.412456475479605,12.261827729845049,0.0012014134275618,1,M,7993152,9586944,4.067104488316999e-05,3.3909642504431023e-05,,,,,,,,300000000,,FLAT,100,2.0057493899e-06,39479.0,0.01084,10.31794614315033,lr3,0.1,constant,0,0.0005,0.001,1,FLAT_seed2_M_lr3
FLAT,0.5,16,2,0.0001,182016,5104542,48143,577716,10.016702980287077,,318.246337890625,3818.9560546875,13045.922057677935,0.0002,5.0037455558776855,17.958455085754395,51a86202db31,627b3e2b5c03,10.12615793670416,12.403907532978058,0.0068545790665309,1,M,7993152,9586944,0.0004777784852192,0.0003983496779252,,,,,,,,300000000,,FLAT,100,2.0057493899e-06,39479.0,0.11791,7.333832285404205,lr3,0.1,constant,0,0.001,0.001,1,FLAT_seed2_M_lr3
FLAT,0.5,16,2,0.0001,411008,11527477,123277,1479324,10.132763640362024,,990.903076171875,11890.8369140625,25310.2601930645,0.00025,5.06870698928833,40.9191300868988,51a86202db31,627b3e2b5c03,10.187612077969312,12.154274550437927,0.0082821613115179,1,M,7993152,9586944,0.0014876280238462,0.0012403156745322,,,,,,,,300000000,,FLAT,100,2.0057493899e-06,39479.0,0.259635,8.024697471141815,lr3,0.1,constant,0,0.001,0.001,1,FLAT_seed2_M_lr3
FLAT,0.5,16,2,0.0001,928256,26034033,274385,3292620,9.577967235482932,,3072.011474609375,36864.1376953125,89829.85713232183,0.0002,5.075249195098877,89.094486951828,51a86202db31,627b3e2b5c03,9.830388024135829,12.19929631843567,0.0114401297447017,1,M,7993152,9586944,0.0046119650540002,0.0038452438749316,,,,,,,,300000000,,FLAT,100,2.0057493899e-06,39479.0,0.330305,7.680453893661499,lr3,0.1,constant,0,0.0,0.0,1,FLAT_seed2_M_lr3
FLAT,0.5,16,2,0.0001,2096512,58800742,452540,5430480,6.907751287048459,,31408.5166015625,376902.19921875,385001.3763296354,0.0001,5.033337116241455,189.54771542549133,51a86202db31,627b3e2b5c03,7.218668916919678,12.403333605480194,0.0696490917929906,1,M,7993152,9586944,0.0471531379884618,0.039314112945559,,,,,,,,300000000,,FLAT,100,2.0057493899e-06,39479.0,0.62634,5.079962830632925,lr3,0.1,constant,0,0.0,0.0005,1,FLAT_seed2_M_lr3
FLAT,0.5,16,2,0.0001,4735360,132815534,646345,7756140,1.7952443774409963,,88857.20092773438,1066286.4111328125,1224978.5957797982,0.0002,4.897632122039795,411.3520121574402,51a86202db31,627b3e2b5c03,1.913649261231413,12.938708578228953,0.1377205671893493,1,M,7993152,9586944,0.1333999917845691,0.1112227641188696,,,,,,,,300000000,,FLAT,100,2.0057493899e-06,39479.0,0.90675,0.7405938596390188,lr3,0.1,constant,0,1.0,1.0,1,FLAT_seed2_M_lr3
FLAT,0.5,16,2,0.0001,10696192,300002541,845007,10140084,0.8343454335719533,,154848.69946289062,1858184.3935546875,2080965.7596799096,0.0003,4.819079875946045,908.255497932434,51a86202db31,627b3e2b5c03,0.885071041426477,13.047547635507584,0.1834955213388764,1,M,7993152,9586944,0.2324720452650828,0.1938244756154503,,,,,,,,300000000,,FLAT,100,2.0057493899e-06,39479.0,0.94513,0.1518541885372251,lr3,0.1,constant,0,0.0535,0.0365,1,FLAT_seed2_M_lr3
RAW,0.5,16,1,0.0001,35712,1002054,16521,198252,11.867213290538787,,7.966552734375,95.5986328125,743.8810879304406,0.0003,5.296614170074463,4.023229360580444,51a86202db31,6c3f61308702,11.954027439866064,12.05125966448784,0.0007263482840021,1,M,7993152,9586944,1.1960066918845032e-05,9.971752501370616e-06,,,,,,,,300000000,,RAW,RAW,,,0.003335,11.66251775074005,lr3,0.1,constant,0,0.0,0.0,1,RAW_seed1_M_lr3
RAW,0.5,16,1,0.0001,80640,2262035,28614,343368,11.329942936410903,,24.01416015625,288.169921875,4246.861084147454,0.0003,5.08104133605957,8.68928074836731,51a86202db31,6c3f61308702,11.400379283418657,12.26783824329376,0.0010833857552247,1,M,7993152,9586944,3.605210083268778e-05,3.0058579863927443e-05,,,,,,,,300000000,,RAW,RAW,,,0.011025,10.313916556835174,lr3,0.1,constant,0,0.0005,0.0005,1,RAW_seed1_M_lr3
RAW,0.5,16,1,0.0001,182016,5105143,48475,581700,10.009966481176615,,319.165283203125,3829.9833984375,13113.711824223996,0.00015,5.011654853820801,17.977797031402588,51a86202db31,6c3f61308702,10.112896334826946,12.397074979162216,0.0068282619907168,1,M,7993152,9586944,0.0004791580841246,0.0003994999239004,,,,,,,,300000000,,RAW,RAW,,,0.120525,7.315807170629501,lr3,0.1,constant,0,0.0,0.0,1,RAW_seed1_M_lr3
RAW,0.5,16,1,0.0001,410880,11524536,80829,969948,6.270744645385016,,2955.266357421875,35463.1962890625,52192.97757084367,0.0002,4.894132614135742,37.69130301475525,51a86202db31,6c3f61308702,6.3832314416992855,12.326396918797492,0.0368060968216852,1,M,7993152,9586944,0.0044366973490636,0.0036991137414657,,,,,,,,300000000,,RAW,RAW,,,0.48856,0.639471217237413,lr3,0.1,constant,0,0.0005,0.0005,1,RAW_seed1_M_lr3
RAW,0.5,16,1,0.0001,928128,26032025,132442,1589304,3.7613073105465458,,9743.66552734375,116923.986328125,155735.46545959907,0.0002,4.7346510887146,80.38814544677734,51a86202db31,6c3f61308702,3.856857195229441,12.553391577100754,0.0738134428655562,1,M,7993152,9586944,0.0146280198760295,0.0121961686986097,,,,,,,,300000000,,RAW,RAW,,,0.693845,0.0212205466614104,lr3,0.1,constant,0,0.0,0.0,1,RAW_seed1_M_lr3
RAW,0.5,16,1,0.0001,2096512,58801209,212985,2555820,2.596897505635333,,22456.00170898437,269472.0205078125,329808.0875566963,0.00025,4.709761619567871,174.76064348220825,51a86202db31,6c3f61308702,2.667836081294398,12.578855296754837,0.10567880367162,1,M,7993152,9586944,0.0337128607722976,0.0281082293281167,,,,,,,,300000000,,RAW,RAW,,,0.7926,0.0069798651515739,lr3,0.1,constant,0,0.0,0.0,1,RAW_seed1_M_lr3
RAW,0.5,16,1,0.0001,4735616,132815933,324075,3888900,2.026469605421862,,38850.880126953125,466210.5615234375,528381.8845923578,0.00045,4.686709880828857,384.9557988643646,51a86202db31,6c3f61308702,2.098012234946341,12.602903397941589,0.1201265139242459,1,M,7993152,9586944,0.0583262474582539,0.048629736600468,,,,,,,,300000000,,RAW,RAW,,,0.844075,0.0052931120465509,lr3,0.1,constant,0,0.9995,1.0,1,RAW_seed1_M_lr3
RAW,0.5,16,1,0.0001,10696320,300001987,488690,5864280,1.5848449541667666,,61620.69091796875,739448.291015625,772509.3896301718,0.00015,4.694068908691406,856.424774646759,51a86202db31,6c3f61308702,1.654483115907366,12.449959544467928,0.1263377601342364,1,M,7993152,9586944,0.0925102251296641,0.0771307614830779,,,,,,,,300000000,,RAW,RAW,,,0.882165,0.0034345804043114,lr3,0.1,constant,0,0.017,0.0175,1,RAW_seed1_M_lr3
RAW,0.5,16,2,0.0001,35712,1002175,16504,198048,11.86260500553131,,5.970703125,71.6484375,799.7188528629304,0.0002,5.2694993019104,4.046595335006714,51a86202db31,c94dcdf9c0db,11.955318548269272,12.05378757443428,0.0006059137178865,1,M,7993152,9586944,8.963727638358435e-06,7.473542924627493e-06,,,,,,,,300000000,,RAW,RAW,,,0.00244,11.64110078048706,lr3,0.1,constant,0,0.0,0.0,1,RAW_seed2_M_lr3
RAW,0.5,16,2,0.0001,80640,2261705,28300,339600,11.337712876105307,,27.0908203125,325.08984375,4287.619183487892,0.0004,5.072406768798828,8.729862689971924,51a86202db31,c94dcdf9c0db,11.412456475479605,12.261827729845049,0.0012014134275618,1,M,7993152,9586944,4.067104488316999e-05,3.3909642504431023e-05,,,,,,,,300000000,,RAW,RAW,,,0.01084,10.31794614315033,lr3,0.1,constant,0,0.0005,0.001,1,RAW_seed2_M_lr3
RAW,0.5,16,2,0.0001,182016,5104542,48143,577716,10.016702980287077,,318.246337890625,3818.9560546875,13045.922057677935,0.0002,5.0037455558776855,18.075424194335938,51a86202db31,c94dcdf9c0db,10.12615793670416,12.403907532978058,0.0068545790665309,1,M,7993152,9586944,0.0004777784852192,0.0003983496779252,,,,,,,,300000000,,RAW,RAW,,,0.11791,7.333832285404205,lr3,0.1,constant,0,0.001,0.001,1,RAW_seed2_M_lr3
RAW,0.5,16,2,0.0001,411008,11527477,80709,968508,6.309997458089609,,2877.295654296875,34527.5478515625,51647.14296452778,0.0001,4.853096961975098,37.76787829399109,51a86202db31,c94dcdf9c0db,6.423546707097032,12.337783571195605,0.0358943860040392,1,M,7993152,9586944,0.0043196410942219,0.0036015176318504,,,,,,,,300000000,,RAW,RAW,,,0.483635,0.6577197579815984,lr3,0.1,constant,0,0.0,0.0,1,RAW_seed2_M_lr3
RAW,0.5,16,2,0.0001,928256,26034033,132534,1590408,3.769193799141176,,9703.64306640625,116443.716796875,156179.5860729522,0.0002,4.764730453491211,80.50658202171326,51a86202db31,c94dcdf9c0db,3.861249046632638,12.563626105499267,0.0734603950684352,1,M,7993152,9586944,0.0145679347517568,0.0121460724915963,,,,,,,,300000000,,RAW,RAW,,,0.694275,0.0206266775769181,lr3,0.1,constant,0,0.0,0.0,1,RAW_seed2_M_lr3
RAW,0.5,16,2,0.0001,2096512,58800742,212453,2549436,2.589739014251443,,22522.131591796875,270265.5791015625,330089.5236200078,0.0004,4.725632190704346,176.17616510391235,51a86202db31,c94dcdf9c0db,2.660960711993073,12.589837496852876,0.1062540891397156,1,M,7993152,9586944,0.0338121405800318,0.0281910042555336,,,,,,,,300000000,,RAW,RAW,,,0.79292,0.007149088222417,lr3,0.1,constant,0,0.0,0.0,1,RAW_seed2_M_lr3
RAW,0.5,16,2,0.0001,4735360,132815534,323533,3882396,2.0221325703506112,,38979.01245117188,467748.1494140625,530623.6392951446,0.0003,4.703537940979004,387.3622632026672,51a86202db31,c94dcdf9c0db,2.091453089732879,12.596378187561037,0.120723388340602,1,M,7993152,9586944,0.0585186106074377,0.048790120127338,,,,,,,,300000000,,RAW,RAW,,,0.84456,0.0052729022180428,lr3,0.1,constant,0,0.997,1.0,1,RAW_seed2_M_lr3
RAW,0.5,16,2,0.0001,10696192,300002541,488195,5858340,1.5813987130913354,,61616.811767578125,739401.7412109375,782580.7047953205,0.00025,4.667008399963379,858.3203711509705,51a86202db31,c94dcdf9c0db,1.6610120399048698,12.4794466101408,0.1264576654820307,1,M,7993152,9586944,0.0925044014189818,0.0771259059415531,,,,,,,,300000000,,RAW,RAW,,,0.882025,0.0032518796853255,lr3,0.1,constant,0,0.0185,0.0115,1,RAW_seed2_M_lr3
FLAT,0.5,16,1,0.0003,35712,1002054,16521,198252,11.701813578205108,,8.966552734375,107.5986328125,2169.6000081238744,0.0002,5.094951152801514,3.9328417778015137,51a86202db31,6cab6f1a0df1,11.738358301830292,12.321704481506348,0.000786877307669,1,M,7993152,9586944,1.3461352018890673e-05,1.1223454816519217e-05,,,,,,,,300000000,,FLAT,100,2.0057493899e-06,39479.0,0.004205,11.057464616775512,wd0,0.0,constant,0,0.0,0.0005,1,FLAT_seed1_M_wd0
FLAT,0.5,16,1,0.0003,80640,2262035,28614,343368,10.582392554249765,,36.01416015625,432.169921875,10172.886335231924,0.00025,5.040132999420166,8.471224308013916,51a86202db31,6cab6f1a0df1,10.66943341704607,12.559258230042458,0.0015027608862794,1,M,7993152,9586944,5.406752203323545e-05,4.507900764571066e-05,,,,,,,,300000000,,FLAT,100,2.0057493899e-06,39479.0,0.01442,8.463528336524963,wd0,0.0,constant,0,0.0005,0.001,1,FLAT_seed1_M_wd0
FLAT,0.5,16,1,0.0003,182016,5105143,48475,581700,7.979771596790925,,1322.165283203125,15865.9833984375,30322.301622978743,0.0001,4.938961029052734,17.422545909881592,51a86202db31,6cab6f1a0df1,8.113241980829985,12.563619841134548,0.0275193398659102,1,M,7993152,9586944,0.0019849470394704,0.0016549573459944,,,,,,,,300000000,,FLAT,100,2.0057493899e-06,39479.0,0.3268,2.8905656817555427,wd0,0.0,constant,0,0.0,0.0,1,FLAT_seed1_M_wd0
FLAT,0.5,16,1,0.0003,410880,11524536,123026,1476312,7.413500442663282,,3500.96435546875,42011.572265625,80689.84725833264,0.00025,5.092796802520752,36.75306534767151,51a86202db31,6cab6f1a0df1,7.576785986450613,12.358699783325196,0.0287012501422463,1,M,7993152,9586944,0.0052559456226561,0.0043821651889929,,,,,,,,300000000,,FLAT,100,2.0057493899e-06,39479.0,0.485705,3.1987351106405257,wd0,0.0,constant,0,0.0,0.0,1,FLAT_seed1_M_wd0
FLAT,0.5,16,1,0.0003,928128,26032025,273807,3285684,6.851513709343634,,19964.152587890625,239569.8310546875,304901.4400701918,0.0001,5.013883113861084,79.3471450805664,51a86202db31,6cab6f1a0df1,7.110951542586759,12.448354301333428,0.0731573699722797,1,M,7993152,9586944,0.0299718848152377,0.0249891760142426,,,,,,,,300000000,,FLAT,100,2.0057493899e-06,39479.0,0.563815,4.35680916634202,wd0,0.0,constant,0,0.0005,0.0005,1,FLAT_seed1_M_wd0
FLAT,0.5,16,1,0.0003,2096512,58801209,452941,5435292,2.8037661717461515,,71714.41870117188,860573.0244140625,995701.4590221532,0.00025,4.927789688110352,172.70847964286804,51a86202db31,6cab6f1a0df1,2.9740094185326527,12.970044412565231,0.1585747371070404,1,M,7993152,9586944,0.1076637882545036,0.089765103917793,,,,,,,,300000000,,FLAT,100,2.0057493899e-06,39479.0,0.84702,1.626693307539448,wd0,0.0,constant,0,0.0005,0.0,1,FLAT_seed1_M_wd0
FLAT,0.5,16,1,0.0003,4735616,132815933,646872,7762464,1.4036280721021115,,107430.072265625,1289160.8671875,1470563.200021367,0.00025,4.850846767425537,380.3476278781891,51a86202db31,6cab6f1a0df1,1.5316069317631935,13.109268869805335,0.1663203848674853,1,M,7993152,9586944,0.161283166789209,0.1344704701714644,,,,,,,,300000000,,FLAT,100,2.0057493899e-06,39479.0,0.921565,0.5047312838360667,wd0,0.0,constant,0,0.9865,0.999,1,FLAT_seed1_M_wd0
FLAT,0.5,16,1,0.0003,10696320,300001987,845276,10143312,0.9000179979894892,,149356.6337890625,1792279.60546875,2003745.7292463572,0.0002,4.836437225341797,839.9683518409729,51a86202db31,6cab6f1a0df1,0.980066402928608,13.067448505067825,0.1769398397683123,1,M,7993152,9586944,0.2242268889004925,0.1869500442965714,,,,,,,,300000000,,FLAT,100,2.0057493899e-06,39479.0,0.94332,0.191779306649696,wd0,0.0,constant,0,0.021,0.0105,1,FLAT_seed1_M_wd0
FLAT,0.5,16,2,0.0003,35712,1002175,16504,198048,11.636587370646,,15.970703125,191.6484375,2735.7022012496946,0.00035,5.063327789306641,3.9714953899383545,51a86202db31,40ac021c4ae2,11.678358161184788,12.42180704293251,0.0012118274357731,1,M,7993152,9586944,2.3976578638814827e-05,1.9990566076113515e-05,,,,,,,,300000000,,FLAT,100,2.0057493899e-06,39479.0,0.005375,10.78308157157898,wd0,0.0,constant,0,0.0,0.0,1,FLAT_seed2_M_wd0
FLAT,0.5,16,2,0.0003,80640,2261705,28300,339600,10.577868887212276,,29.0908203125,349.08984375,10281.960481040478,0.00025,5.033937454223633,8.564901351928711,51a86202db31,40ac021c4ae2,10.660882350640296,12.604984035611151,0.0012720848056537,1,M,7993152,9586944,4.367361508326128e-05,3.641304713472823e-05,,,,,,,,300000000,,FLAT,100,2.0057493899e-06,39479.0,0.010405,8.404176476001739,wd0,0.0,constant,0,0.0005,0.001,1,FLAT_seed2_M_wd0
FLAT,0.5,16,2,0.0003,182016,5104542,48143,577716,8.161468006429523,,1146.246337890625,13754.9560546875,28295.72900571828,5e-05,4.9477739334106445,17.686738967895508,51a86202db31,40ac021c4ae2,8.29842186314106,12.554900503778455,0.0240533410880086,1,M,7993152,9586944,0.001720842548057,0.0014347591948683,,,,,,,,300000000,,FLAT,100,2.0057493899e-06,39479.0,0.30114,3.26805289965868,wd0,0.0,constant,0,0.0,0.0,1,FLAT_seed2_M_wd0
FLAT,0.5,16,2,0.0003,411008,11527477,123277,1479324,7.613978000162765,,3320.903076171875,39850.8369140625,78158.47501692668,0.0003,5.060177326202393,37.3106894493103,51a86202db31,40ac021c4ae2,7.779191348200366,12.34666398613453,0.0271826861458341,1,M,7993152,9586944,0.0049856223069525,0.0041567820688284,,,,,,,,300000000,,FLAT,100,2.0057493899e-06,39479.0,0.47119,3.5959958323836325,wd0,0.0,constant,0,0.0005,0.0,1,FLAT_seed2_M_wd0
FLAT,0.5,16,2,0.0003,928256,26034033,274385,3292620,6.950261495414599,,19392.01147460937,232704.1376953125,298698.7837265553,0.0002,5.033294200897217,80.08790946006775,51a86202db31,40ac021c4ae2,7.188542728862465,12.441666293811798,0.0709185997776846,1,M,7993152,9586944,0.0291129378867451,0.0242730256581568,,,,,,,,300000000,,FLAT,100,2.0057493899e-06,39479.0,0.55426,4.578403219610452,wd0,0.0,constant,0,0.0005,0.0005,1,FLAT_seed2_M_wd0
FLAT,0.5,16,2,0.0003,2096512,58800742,452540,5430480,2.7174046008843464,,71637.5166015625,859650.19921875,1005643.2387828304,0.0004,4.931079387664795,174.29025506973267,51a86202db31,40ac021c4ae2,2.911145277797748,13.029903852629662,0.1585451009855482,1,M,7993152,9586944,0.1075483362781978,0.0896688453816722,,,,,,,,300000000,,FLAT,100,2.0057493899e-06,39479.0,0.851975,1.5331856269799171,wd0,0.0,constant,0,0.0,0.0,1,FLAT_seed2_M_wd0
FLAT,0.5,16,2,0.0003,4735360,132815534,646345,7756140,1.4156020746882911,,106770.20092773438,1281242.4111328125,1461639.573033451,0.0002,4.873473167419434,383.6979792118073,51a86202db31,40ac021c4ae2,1.54436983969267,13.102812080574036,0.1654348683752485,1,M,7993152,9586944,0.1602925117816867,0.1336445076901265,,,,,,,,300000000,,FLAT,100,2.0057493899e-06,39479.0,0.922,0.5065493174772709,wd0,0.0,constant,0,0.9805,0.999,1,FLAT_seed2_M_wd0
FLAT,0.5,16,2,0.0003,10696192,300002541,845007,10140084,0.8992280563040893,,148991.69946289062,1787900.3935546875,2000532.3404273572,0.0002,4.826010704040527,851.0773913860321,51a86202db31,40ac021c4ae2,0.9778736402572832,13.063072590112686,0.1765642178112134,1,M,7993152,9586944,0.2236790184341155,0.1864932551556249,,,,,,,,300000000,,FLAT,100,2.0057493899e-06,39479.0,0.94334,0.1897652761945501,wd0,0.0,constant,0,0.0155,0.012,1,FLAT_seed2_M_wd0
RAW,0.5,16,1,0.0003,35712,1002054,16521,198252,11.701813578205108,,8.966552734375,107.5986328125,2169.6000081238744,0.0002,5.094951152801514,3.9264168739318848,51a86202db31,d9d7e870df78,11.738358301830292,12.321704481506348,0.000786877307669,1,M,7993152,9586944,1.3461352018890673e-05,1.1223454816519217e-05,,,,,,,,300000000,,RAW,RAW,,,0.004205,11.057464616775512,wd0,0.0,constant,0,0.0,0.0005,1,RAW_seed1_M_wd0
RAW,0.5,16,1,0.0003,80640,2262035,28614,343368,10.582392554249765,,36.01416015625,432.169921875,10172.886335231924,0.00025,5.040132999420166,8.542054414749146,51a86202db31,d9d7e870df78,10.66943341704607,12.559258230042458,0.0015027608862794,1,M,7993152,9586944,5.406752203323545e-05,4.507900764571066e-05,,,,,,,,300000000,,RAW,RAW,,,0.01442,8.463528336524963,wd0,0.0,constant,0,0.0005,0.001,1,RAW_seed1_M_wd0
RAW,0.5,16,1,0.0003,182016,5105143,48475,581700,7.979771596790925,,1322.165283203125,15865.9833984375,30322.301622978743,0.0001,4.938961029052734,17.5220468044281,51a86202db31,d9d7e870df78,8.113241980829985,12.563619841134548,0.0275193398659102,1,M,7993152,9586944,0.0019849470394704,0.0016549573459944,,,,,,,,300000000,,RAW,RAW,,,0.3268,2.8905656817555427,wd0,0.0,constant,0,0.0,0.0,1,RAW_seed1_M_wd0
RAW,0.5,16,1,0.0003,410880,11524536,80829,969948,4.485653370523869,,6436.266357421875,77235.1962890625,111184.68115034628,0.00015,4.827538013458252,38.44425368309021,51a86202db31,d9d7e870df78,4.577659475282137,12.685600453519822,0.0798723230523698,1,M,7993152,9586944,0.0096626707823224,0.008056289500498,,,,,,,,300000000,,RAW,RAW,,,0.62826,0.0419288239630404,wd0,0.0,constant,0,0.001,0.0,1,RAW_seed1_M_wd0
RAW,0.5,16,1,0.0003,928128,26032025,132442,1589304,2.9981144455048665,,16548.66552734375,198583.986328125,257180.46589639407,0.0001,4.700429916381836,84.7551019191742,51a86202db31,d9d7e870df78,3.0839398925263697,12.734789336133003,0.1251944247293154,1,M,7993152,9586944,0.02484426498184,0.020714002953196,,,,,,,,300000000,,RAW,RAW,,,0.75725,0.0108332492176559,wd0,0.0,constant,0,0.0,0.0,1,RAW_seed1_M_wd0
RAW,0.5,16,1,0.0003,2096512,58801209,212985,2555820,2.351738868948025,,28390.00170898437,340680.0205078125,395872.9653723534,0.0002,4.703784942626953,185.88120675086972,51a86202db31,d9d7e870df78,2.4399745945775293,12.509704119181633,0.1335399206516891,1,M,7993152,9586944,0.0426214865559684,0.0355358308662085,,,,,,,,300000000,,RAW,RAW,,,0.81486,0.0052804193706251,wd0,0.0,constant,0,0.0,0.0,1,RAW_seed1_M_wd0
RAW,0.5,16,1,0.0003,4735616,132815933,324075,3888900,1.9658338036011052,,38619.880126953125,463438.5615234375,508885.81981608,0.00025,4.682103157043457,411.78838419914246,51a86202db31,d9d7e870df78,2.058921257907828,12.452025057053566,0.1194137159608115,1,M,7993152,9586944,0.0579794506001434,0.0483405933656687,,,,,,,,300000000,,RAW,RAW,,,0.847955,0.0035483699322794,wd0,0.0,constant,0,0.895,1.0,1,RAW_seed1_M_wd0
RAW,0.5,16,1,0.0003,10696320,300001987,488690,5864280,1.6554317557366582,,52358.69091796875,628304.291015625,667635.0925899718,0.0002,4.696888446807861,919.638153553009,51a86202db31,d9d7e870df78,1.7715609594416333,12.344623562169074,0.1073850498270887,1,M,7993152,9586944,0.0786053225330414,0.0655374946401715,,,,,,,,300000000,,RAW,RAW,,,0.874765,0.0027654105843976,wd0,0.0,constant,0,0.0095,0.003,1,RAW_seed1_M_wd0
RAW,0.5,16,2,0.0003,35712,1002175,16504,198048,11.636587370646,,15.970703125,191.6484375,2735.7022012496946,0.00035,5.063327789306641,4.172837495803833,51a86202db31,86a644c1ff24,11.678358161184788,12.42180704293251,0.0012118274357731,1,M,7993152,9586944,2.3976578638814827e-05,1.9990566076113515e-05,,,,,,,,300000000,,RAW,RAW,,,0.005375,10.78308157157898,wd0,0.0,constant,0,0.0,0.0,1,RAW_seed2_M_wd0
RAW,0.5,16,2,0.0003,80640,2261705,28300,339600,10.577868887212276,,29.0908203125,349.08984375,10281.960481040478,0.00025,5.033937454223633,9.047980546951294,51a86202db31,86a644c1ff24,10.660882350640296,12.604984035611151,0.0012720848056537,1,M,7993152,9586944,4.367361508326128e-05,3.641304713472823e-05,,,,,,,,300000000,,RAW,RAW,,,0.010405,8.404176476001739,wd0,0.0,constant,0,0.0005,0.001,1,RAW_seed2_M_wd0
RAW,0.5,16,2,0.0003,182016,5104542,48143,577716,8.161468006429523,,1146.246337890625,13754.9560546875,28295.72900571828,5e-05,4.9477739334106445,18.85100817680359,51a86202db31,86a644c1ff24,8.29842186314106,12.554900503778455,0.0240533410880086,1,M,7993152,9586944,0.001720842548057,0.0014347591948683,,,,,,,,300000000,,RAW,RAW,,,0.30114,3.26805289965868,wd0,0.0,constant,0,0.0,0.0,1,RAW_seed2_M_wd0
RAW,0.5,16,2,0.0003,411008,11527477,80709,968508,4.527152636602726,,6254.295654296875,75051.5478515625,109011.03429514902,0.00015,4.795958042144775,39.758907318115234,51a86202db31,86a644c1ff24,4.622152554943466,12.661924662280082,0.0777360641316333,1,M,7993152,9586944,0.009389480877076,0.0078285163501072,,,,,,,,300000000,,RAW,RAW,,,0.624095,0.0435543558197096,wd0,0.0,constant,0,0.0005,0.0,1,RAW_seed2_M_wd0
RAW,0.5,16,2,0.0003,928256,26034033,132534,1590408,2.9995939577477544,,16409.64306640625,196915.716796875,253002.05720094693,0.0002,4.741827011108398,84.86085915565491,51a86202db31,86a644c1ff24,3.0692225269136,12.71290974509716,0.1240587320989331,1,M,7993152,9586944,0.0246355526326629,0.0205399882169829,,,,,,,,300000000,,RAW,RAW,,,0.757575,0.0111115524858469,wd0,0.0,constant,0,0.0,0.0005,1,RAW_seed2_M_wd0
RAW,0.5,16,2,0.0003,2096512,58800742,212453,2549436,2.34868608303398,,28396.131591796875,340753.5791015625,398785.07010719855,0.0003,4.722221374511719,184.7209610939026,51a86202db31,86a644c1ff24,2.4412938126784085,12.5542127058506,0.1339025572714906,1,M,7993152,9586944,0.0426306892576999,0.0355435036547165,,,,,,,,300000000,,RAW,RAW,,,0.81536,0.0051595884853741,wd0,0.0,constant,0,0.0005,0.0,1,RAW_seed2_M_wd0
RAW,0.5,16,2,0.0003,4735360,132815534,323533,3882396,1.9792770605519667,,38627.01245117188,463524.1494140625,508476.785781404,0.00035,4.707129001617432,408.1077456474304,51a86202db31,86a644c1ff24,2.0500463065774097,12.497959613776208,0.1196354004073773,1,M,7993152,9586944,0.0579901582522217,0.0483495209124057,,,,,,,,300000000,,RAW,RAW,,,0.847525,0.0036406519484589,wd0,0.0,constant,0,0.883,0.999,1,RAW_seed2_M_wd0
RAW,0.5,16,2,0.0003,10696192,300002541,488195,5858340,1.6665995556845603,,52785.811767578125,633429.7412109375,678589.281915739,0.00015,4.666046619415283,912.4645690917968,51a86202db31,86a644c1ff24,1.7892729577798594,12.42321755065918,0.1083685822263644,1,M,7993152,9586944,0.0792465527004788,0.0660721227964758,,,,,,,,300000000,,RAW,RAW,,,0.87492,0.002957833703258,wd0,0.0,constant,0,0.006,0.003,1,RAW_seed2_M_wd0
FLAT,0.5,16,1,0.0001,35712,1002054,16521,198252,11.86991133605957,,4.966552734375,59.5986328125,727.3845063813687,0.0003,5.296391010284424,3.997928142547608,51a86202db31,fe1d59711c36,11.952948836746216,12.0487686293602,0.0005447612130016,1,M,7993152,9586944,7.456211618708114e-06,6.216645555924808e-06,,,,,,,,300000000,,FLAT,100,2.0057493899e-06,39479.0,0.00306,11.67153472518921,wd0_lr3,0.0,constant,0,0.0,0.0,1,FLAT_seed1_M_wd0_lr3
FLAT,0.5,16,1,0.0001,80640,2262035,28614,343368,11.32431282604456,,21.01416015625,252.169921875,4272.203813349438,0.0003,5.080766677856445,8.660613298416138,51a86202db31,fe1d59711c36,11.396004515156744,12.266441492557526,0.000978541972461,1,M,7993152,9586944,3.1548245532550865e-05,2.630347291848164e-05,,,,,,,,300000000,,FLAT,100,2.0057493899e-06,39479.0,0.01079,10.30271514415741,wd0_lr3,0.0,constant,0,0.0005,0.0005,1,FLAT_seed1_M_wd0_lr3
FLAT,0.5,16,1,0.0001,182016,5105143,48475,581700,10.03471167305231,,293.165283203125,3517.9833984375,12952.36476622224,0.0002,5.012568950653076,17.91379189491272,51a86202db31,fe1d59711c36,10.13699866055846,12.401413194561004,0.0062919030428055,1,M,7993152,9586944,0.0004401246715235,0.0003669556637065,,,,,,,,300000000,,FLAT,100,2.0057493899e-06,39479.0,0.116395,7.362722397089004,wd0_lr3,0.0,constant,0,0.0,0.0,1,FLAT_seed1_M_wd0_lr3
FLAT,0.5,16,1,0.0001,410880,11524536,123026,1476312,10.017798503904938,,1135.96435546875,13631.572265625,26816.05211701317,0.00045,5.097911834716797,37.637330532073975,51a86202db31,fe1d59711c36,10.076998839598897,12.159094810914992,0.0094776713865361,1,M,7993152,9586944,0.0017054063610481,0.0014218892136665,,,,,,,,300000000,,FLAT,100,2.0057493899e-06,39479.0,0.282525,7.743638005256653,wd0_lr3,0.0,constant,0,0.0005,0.0005,1,FLAT_seed1_M_wd0_lr3
FLAT,0.5,16,1,0.0001,928128,26032025,273807,3285684,9.503058842748404,,3277.152587890625,39325.8310546875,92204.87945555312,0.00065,5.057484149932861,81.03791308403015,51a86202db31,fe1d59711c36,9.756577455104589,12.194529599452018,0.0122129821370527,1,M,7993152,9586944,0.0049199403507762,0.0041020194813579,,,,,,,,300000000,,FLAT,100,2.0057493899e-06,39479.0,0.33879,7.530685609340668,wd0_lr3,0.0,constant,0,0.0005,0.0,1,FLAT_seed1_M_wd0_lr3
FLAT,0.5,16,1,0.0001,2096512,58801209,452941,5435292,6.593195126870647,,34617.418701171875,415409.0244140625,414875.41056416376,0.00025,5.013339996337891,176.84223103523254,51a86202db31,fe1d59711c36,6.927191235298664,12.404551539373395,0.0766722376645081,1,M,7993152,9586944,0.0519706148981106,0.0433307031327253,,,,,,,,300000000,,FLAT,100,2.0057493899e-06,39479.0,0.64896,4.775360864534974,wd0_lr3,0.0,constant,0,0.0005,0.0,1,FLAT_seed1_M_wd0_lr3
FLAT,0.5,16,1,0.0001,4735616,132815933,646872,7762464,1.707773448127848,,92808.072265625,1113696.8671875,1272068.3218996697,0.00025,4.8663763999938965,389.56917214393616,51a86202db31,fe1d59711c36,1.8110877118870805,12.93591767706871,0.1437162220655709,1,M,7993152,9586944,0.1393313760563417,0.1161680789193615,,,,,,,,300000000,,FLAT,100,2.0057493899e-06,39479.0,0.908495,0.6923399487361311,wd0_lr3,0.0,constant,0,1.0,1.0,1,FLAT_seed1_M_wd0_lr3
FLAT,0.5,16,1,0.0001,10696320,300001987,845276,10143312,0.7969866128886095,,164407.6337890625,1972891.60546875,2188997.769609442,0.0001,4.833145618438721,864.7634150981903,51a86202db31,fe1d59711c36,0.8469904285765905,13.046993980288503,0.1947458581575722,1,M,7993152,9586944,0.2468227309412795,0.205789415841873,,,,,,,,300000000,,FLAT,100,2.0057493899e-06,39479.0,0.94759,0.1385077521558851,wd0_lr3,0.0,constant,0,0.0805,0.088,1,FLAT_seed1_M_wd0_lr3
FLAT,0.5,16,2,0.0001,35712,1002175,16504,198048,11.866540104479787,,2.970703125,35.6484375,795.8914834323882,0.00015,5.267453193664551,4.150076389312744,51a86202db31,fff530ca89a3,11.957443725209236,12.05260231218338,0.0004241396025206,1,M,7993152,9586944,4.459872338221517e-06,3.718435979181687e-06,,,,,,,,300000000,,FLAT,100,2.0057493899e-06,39479.0,0.00195,11.651520858764648,wd0_lr3,0.0,constant,0,0.0,0.0,1,FLAT_seed2_M_wd0_lr3
FLAT,0.5,16,2,0.0001,80640,2261705,28300,339600,11.332549086618425,,27.0908203125,325.08984375,4286.551136136055,0.00045,5.072838306427002,9.269015073776243,51a86202db31,fff530ca89a3,11.40668438337326,12.259563035011292,0.0012014134275618,1,M,7993152,9586944,4.067104488316999e-05,3.3909642504431023e-05,,,,,,,,300000000,,FLAT,100,2.0057493899e-06,39479.0,0.01053,10.30984787273407,wd0_lr3,0.0,constant,0,0.0005,0.0005,1,FLAT_seed2_M_wd0_lr3
FLAT,0.5,16,2,0.0001,182016,5104542,48143,577716,10.0352931511271,,309.246337890625,3710.9560546875,12978.47170995462,0.0002,5.003153324127197,19.475659608840942,51a86202db31,fff530ca89a3,10.144602252691984,12.407010435700416,0.0066676360010801,1,M,7993152,9586944,0.0004642669193188,0.0003870843570889,,,,,,,,300000000,,FLAT,100,2.0057493899e-06,39479.0,0.115455,7.380373977661133,wd0_lr3,0.0,constant,0,0.0015,0.001,1,FLAT_seed2_M_wd0_lr3
FLAT,0.5,16,2,0.0001,411008,11527477,123277,1479324,9.978002913793922,,1052.903076171875,12634.8369140625,26298.398446824503,0.0002,5.0684123039245605,41.55035185813904,51a86202db31,fff530ca89a3,10.03792760149002,12.156915935087204,0.0087850937320019,1,M,7993152,9586944,0.001580707700049,0.0013179212180714,,,,,,,,300000000,,FLAT,100,2.0057493899e-06,39479.0,0.26463,7.656113622665405,wd0_lr3,0.0,constant,0,0.0005,0.001,1,FLAT_seed2_M_wd0_lr3
FLAT,0.5,16,2,0.0001,928256,26034033,274385,3292620,9.45709252573371,,3414.011474609375,40968.1376953125,94825.69155031897,0.0001,5.074527740478516,88.34483647346497,51a86202db31,fff530ca89a3,9.716132620288134,12.205872994232177,0.0126865535652459,1,M,7993152,9586944,0.0051254045582158,0.0042733260667124,,,,,,,,300000000,,FLAT,100,2.0057493899e-06,39479.0,0.333345,7.475135845899582,wd0_lr3,0.0,constant,0,0.0,0.0,1,FLAT_seed2_M_wd0_lr3
FLAT,0.5,16,2,0.0001,2096512,58800742,452540,5430480,6.571069706110805,,35115.5166015625,421386.19921875,417660.9140338676,0.00025,5.018001556396484,191.0561945438385,51a86202db31,fff530ca89a3,6.902531986247599,12.40934805457592,0.0778406328722323,1,M,7993152,9586944,0.052718401854331,0.0439541734278149,,,,,,,,300000000,,FLAT,100,2.0057493899e-06,39479.0,0.654225,4.736271440058947,wd0_lr3,0.0,constant,0,0.0,0.0005,1,FLAT_seed2_M_wd0_lr3
FLAT,0.5,16,2,0.0001,4735360,132815534,646345,7756140,1.6952855529068875,,93325.20092773438,1119902.4111328125,1279295.461839959,0.00025,4.886309146881104,417.5917363166809,51a86202db31,fff530ca89a3,1.8024577366295176,12.92994801864624,0.1446332840820305,1,M,7993152,9586944,0.140107733611573,0.1168153700629535,,,,,,,,300000000,,FLAT,100,2.0057493899e-06,39479.0,0.9108,0.6846418475359678,wd0_lr3,0.0,constant,0,1.0,1.0,1,FLAT_seed2_M_wd0_lr3
FLAT,0.5,16,2,0.0001,10696192,300002541,845007,10140084,0.7904959238227829,,165229.69946289062,1982756.3935546875,2207362.4367385604,0.00015,4.811476230621338,924.5577478408812,51a86202db31,fff530ca89a3,0.8403395009809685,13.075716745686533,0.1957806266693648,1,M,7993152,9586944,0.2480568858886566,0.2068183973490079,,,,,,,,300000000,,FLAT,100,2.0057493899e-06,39479.0,0.947985,0.1344496874352917,wd0_lr3,0.0,constant,0,0.076,0.061,1,FLAT_seed2_M_wd0_lr3
RAW,0.5,16,1,0.0001,35712,1002054,16521,198252,11.86991133605957,,4.966552734375,59.5986328125,727.3845063813687,0.0003,5.296391010284424,3.934934616088867,51a86202db31,d626c0b75db8,11.952948836746216,12.0487686293602,0.0005447612130016,1,M,7993152,9586944,7.456211618708114e-06,6.216645555924808e-06,,,,,,,,300000000,,RAW,RAW,,,0.00306,11.67153472518921,wd0_lr3,0.0,constant,0,0.0,0.0,1,RAW_seed1_M_wd0_lr3
RAW,0.5,16,1,0.0001,80640,2262035,28614,343368,11.32431282604456,,21.01416015625,252.169921875,4272.203813349438,0.0003,5.080766677856445,9.237181901931764,51a86202db31,d626c0b75db8,11.396004515156744,12.266441492557526,0.000978541972461,1,M,7993152,9586944,3.1548245532550865e-05,2.630347291848164e-05,,,,,,,,300000000,,RAW,RAW,,,0.01079,10.30271514415741,wd0_lr3,0.0,constant,0,0.0005,0.0005,1,RAW_seed1_M_wd0_lr3
RAW,0.5,16,1,0.0001,182016,5105143,48475,581700,10.03471167305231,,293.165283203125,3517.9833984375,12952.36476622224,0.0002,5.012568950653076,18.23782444000244,51a86202db31,d626c0b75db8,10.13699866055846,12.401413194561004,0.0062919030428055,1,M,7993152,9586944,0.0004401246715235,0.0003669556637065,,,,,,,,300000000,,RAW,RAW,,,0.116395,7.362722397089004,wd0_lr3,0.0,constant,0,0.0,0.0,1,RAW_seed1_M_wd0_lr3
RAW,0.5,16,1,0.0001,410880,11524536,80829,969948,6.275636925917473,,2960.266357421875,35523.1962890625,52206.17960155329,0.00025,4.891646385192871,37.332191705703735,51a86202db31,d626c0b75db8,6.387256065766234,12.330323808026314,0.0368679558079402,1,M,7993152,9586944,0.0044442037745638,0.0037053722530414,,,,,,,,300000000,,RAW,RAW,,,0.48866,0.6436112760044634,wd0_lr3,0.0,constant,0,0.0005,0.0,1,RAW_seed1_M_wd0_lr3
RAW,0.5,16,1,0.0001,928128,26032025,132442,1589304,3.733423227163777,,10042.66552734375,120511.986328125,158995.80279486565,0.00025,4.727991580963135,79.16316056251526,51a86202db31,d626c0b75db8,3.8294357686145184,12.55542463296652,0.0760710348680932,1,M,7993152,9586944,0.0150769041209431,0.0125704276908392,,,,,,,,300000000,,RAW,RAW,,,0.698775,0.0209741560108959,wd0_lr3,0.0,constant,0,0.0,0.0,1,RAW_seed1_M_wd0_lr3
RAW,0.5,16,1,0.0001,2096512,58801209,212985,2555820,2.561913754679052,,23462.00170898437,281544.0205078125,340776.0001376776,0.00035,4.70992374420166,172.53057312965393,51a86202db31,d626c0b75db8,2.635149036194957,12.573697089767457,0.1104021409958447,1,M,7993152,9586944,0.0352231535829435,0.0293674418571562,,,,,,,,300000000,,RAW,RAW,,,0.79588,0.0073586032572202,wd0_lr3,0.0,constant,0,0.0005,0.0,1,RAW_seed1_M_wd0_lr3
RAW,0.5,16,1,0.0001,4735616,132815933,324075,3888900,1.9856163948816177,,41150.880126953125,493810.5615234375,549337.6020449365,0.0003,4.687437057495117,379.17653012275696,51a86202db31,d626c0b75db8,2.0576760731093144,12.588430066990853,0.1272236365038957,1,M,7993152,9586944,0.0617792031883589,0.0515086519253098,,,,,,,,300000000,,RAW,RAW,,,0.84848,0.0055167007483541,wd0_lr3,0.0,constant,0,0.999,1.0,1,RAW_seed1_M_wd0_lr3
RAW,0.5,16,1,0.0001,10696320,300001987,488690,5864280,1.518905165914225,,67247.69091796875,806972.291015625,830099.9999376632,0.0004,4.692544937133789,842.4875376224518,51a86202db31,d626c0b75db8,1.5889900269984003,12.455731198334696,0.1378522171519777,1,M,7993152,9586944,0.1009579563876209,0.0841740904104191,,,,,,,,300000000,,RAW,RAW,,,0.88904,0.0034397258945973,wd0_lr3,0.0,constant,0,0.0315,0.032,1,RAW_seed1_M_wd0_lr3
RAW,0.5,16,2,0.0001,35712,1002175,16504,198048,11.866540104479787,,2.970703125,35.6484375,795.8914834323882,0.00015,5.267453193664551,3.928833723068237,51a86202db31,6df4ce0c92c0,11.957443725209236,12.05260231218338,0.0004241396025206,1,M,7993152,9586944,4.459872338221517e-06,3.718435979181687e-06,,,,,,,,300000000,,RAW,RAW,,,0.00195,11.651520858764648,wd0_lr3,0.0,constant,0,0.0,0.0,1,RAW_seed2_M_wd0_lr3
RAW,0.5,16,2,0.0001,80640,2261705,28300,339600,11.332549086618425,,27.0908203125,325.08984375,4286.551136136055,0.00045,5.072838306427002,8.511412382125854,51a86202db31,6df4ce0c92c0,11.40668438337326,12.259563035011292,0.0012014134275618,1,M,7993152,9586944,4.067104488316999e-05,3.3909642504431023e-05,,,,,,,,300000000,,RAW,RAW,,,0.01053,10.30984787273407,wd0_lr3,0.0,constant,0,0.0005,0.0005,1,RAW_seed2_M_wd0_lr3
RAW,0.5,16,2,0.0001,182016,5104542,48143,577716,10.0352931511271,,309.246337890625,3710.9560546875,12978.47170995462,0.0002,5.003153324127197,17.54298973083496,51a86202db31,6df4ce0c92c0,10.144602252691984,12.407010435700416,0.0066676360010801,1,M,7993152,9586944,0.0004642669193188,0.0003870843570889,,,,,,,,300000000,,RAW,RAW,,,0.115455,7.380373977661133,wd0_lr3,0.0,constant,0,0.0015,0.001,1,RAW_seed2_M_wd0_lr3
RAW,0.5,16,2,0.0001,411008,11527477,80709,968508,6.30116652341662,,2889.295654296875,34671.5478515625,51905.70463638319,0.00025,4.850141525268555,36.83407545089722,51a86202db31,6df4ce0c92c0,6.414140521693863,12.336829250741005,0.036043068307128,1,M,7993152,9586944,0.0043376565154225,0.0036165380596321,,,,,,,,300000000,,RAW,RAW,,,0.484535,0.6555326080843806,wd0_lr3,0.0,constant,0,0.0005,0.0,1,RAW_seed2_M_wd0_lr3
RAW,0.5,16,2,0.0001,928256,26034033,132534,1590408,3.734434614138064,,9989.64306640625,119875.716796875,160369.7730621803,0.00015,4.762946605682373,78.80897760391235,51a86202db31,6df4ce0c92c0,3.826679821384775,12.571041007518769,0.0756183318997389,1,M,7993152,9586944,0.0149973022903699,0.0125040593537288,,,,,,,,300000000,,RAW,RAW,,,0.698055,0.0201225778432562,wd0_lr3,0.0,constant,0,0.0,0.0,1,RAW_seed2_M_wd0_lr3
RAW,0.5,16,2,0.0001,2096512,58800742,212453,2549436,2.5507419998492806,,23677.131591796875,284125.5791015625,344016.0028418589,0.0002,4.723301410675049,171.88603162765503,51a86202db31,6df4ce0c92c0,2.6218098508172942,12.60054744913578,0.1116905856824803,1,M,7993152,9586944,0.0355461248705845,0.0296367204295302,,,,,,,,300000000,,RAW,RAW,,,0.79798,0.0075814396481728,wd0_lr3,0.0,constant,0,0.0,0.001,1,RAW_seed2_M_wd0_lr3
RAW,0.5,16,2,0.0001,4735360,132815534,323533,3882396,1.9850546575817236,,41481.01245117188,497772.1494140625,553540.6851308127,0.0004,4.704203128814697,378.6344406604767,51a86202db31,6df4ce0c92c0,2.0541930240487853,12.58546795258522,0.1284567571159665,1,M,7993152,9586944,0.0622748259277519,0.0519218793198398,,,,,,,,300000000,,RAW,RAW,,,0.848795,0.0055644942922517,wd0_lr3,0.0,constant,0,0.995,1.0,1,RAW_seed2_M_wd0_lr3
RAW,0.5,16,2,0.0001,10696192,300002541,488195,5858340,1.5201931607137755,,67221.81176757812,806661.7412109375,844987.6441269175,0.00015,4.664095401763916,842.4110734462738,51a86202db31,6df4ce0c92c0,1.599521468558999,12.491029051828384,0.137938733497885,1,M,7993152,9586944,0.1009191044047376,0.084141697417961,,,,,,,,300000000,,RAW,RAW,,,0.888175,0.0030937639969633,wd0_lr3,0.0,constant,0,0.0375,0.031,1,RAW_seed2_M_wd0_lr3
CURATEDF,0.5,0,3,0.003,83072,1000430,29062,348744,10.7085585572505,,93.90478515625,1126.857421875,9785.296305226087,0.00015,2.330662965774536,5.617714881896973,51a86202db31,9c4e7b907b7f,10.806255221253634,12.946988978552818,0.003475328607804,1,S,2045568,2972592,0.000550877517577,0.0003790824377765,,,,,,,,300000000,,CURATED,300,1.2418569654e-05,11005.0,0.03598,8.257092401504517,base,0.1,constant,0,0.0,0.0,1,CURATEDF_seed3_S_base
CURATEDF,0.5,0,3,0.003,187520,2258949,49356,592272,6.483942747072782,,2736.9501953125,32843.40234375,59301.828894618055,0.00025,2.023191452026367,12.78010082244873,51a86202db31,9c4e7b907b7f,6.55420228115947,13.703927606773377,0.0556973822838155,1,S,2045568,2972592,0.0160558839128056,0.0110487420889748,,,,,,,,300000000,,CURATED,300,1.2418569654e-05,11005.0,0.45984,0.6086948532480746,base,0.1,constant,0,0.001,0.0005,1,CURATEDF_seed3_S_base
CURATEDF,0.5,0,3,0.003,423680,5103645,82248,986976,4.401216256595334,,7574.919921875,90899.0390625,135650.4536715321,0.0003,1.7225549221038818,28.056468963623047,51a86202db31,9c4e7b907b7f,4.47153114089598,13.666134153807164,0.092342670946406,1,S,2045568,2972592,0.0444370654324373,0.03057904988727,,,,,,,,300000000,,CURATED,300,1.2418569654e-05,11005.0,0.641935,0.0466440966438967,base,0.1,constant,0,0.0,0.0005,1,CURATEDF_seed3_S_base
CURATEDF,0.5,0,3,0.003,956672,11525473,134970,1619640,3.749501660549024,,10954.04833984375,131448.580078125,182372.90007662147,0.0001,1.5998055934906006,61.92522382736206,51a86202db31,9c4e7b907b7f,3.830161301534402,13.408346941900254,0.0814032748018078,1,S,2045568,2972592,0.0642601859621019,0.044220189006135,,,,,,,,300000000,,CURATED,300,1.2418569654e-05,11005.0,0.697765,0.0259266283466713,base,0.1,constant,0,0.0,0.0,1,CURATEDF_seed3_S_base
CURATEDF,0.5,0,3,0.003,2161024,26032537,298999,3587988,3.258712212186991,,24110.002197265625,289320.0263671875,375490.2473536114,0.0001,1.9674808979034424,137.7632176876068,51a86202db31,9c4e7b907b7f,3.348671073870915,13.3068061252594,0.080879869163442,1,S,2045568,2972592,0.1414375011572274,0.097329208437346,,,,,,,,300000000,,CURATED,300,1.2418569654e-05,11005.0,0.770785,1.2833102754577994,base,0.1,constant,0,0.0,0.0,1,CURATEDF_seed3_S_base
CURATEDF,0.5,0,3,0.003,4881024,58800005,481677,5780124,2.4739444488485587,,28130.403076171875,337564.8369140625,412536.5106034098,0.0001,1.8910951614379885,306.8640205860138,51a86202db31,9c4e7b907b7f,2.5899740596947423,12.744784098410609,0.0586451086516483,1,S,2045568,2972592,0.1650225447963902,0.1135590881338786,,,,,,,,300000000,,CURATED,300,1.2418569654e-05,11005.0,0.814565,0.5750427164896391,base,0.1,constant,0,0.008,0.0245,1,CURATEDF_seed3_S_base
CURATEDF,0.5,0,3,0.003,11024896,132816016,698264,8379168,2.157146489464564,,32906.525390625,394878.3046875,464824.7805074455,0.0002,1.785116195678711,685.1093430519104,51a86202db31,9c4e7b907b7f,2.2455445584431337,12.577409793019294,0.0473703355750833,1,S,2045568,2972592,0.1930409082892868,0.1328397252927748,,,,,,,,300000000,,CURATED,300,1.2418569654e-05,11005.0,0.84155,0.3424313529198989,base,0.1,constant,0,0.0005,0.0,1,CURATEDF_seed3_S_base
CURATEDF,0.5,0,3,0.003,24903296,300000701,883055,10596660,1.8962492032590952,,38783.41040039063,465400.9248046875,540101.2495606651,0.00045,1.7575396299362185,1516.7312259674072,51a86202db31,9c4e7b907b7f,1.9776964909982588,12.568579177212715,0.0441637270611683,1,S,2045568,2972592,0.2275167214214768,0.1565640104005822,,,,,,,,300000000,,CURATED,300,1.2418569654e-05,11005.0,0.85839,0.22448057112284,base,0.1,constant,0,0.0005,0.0,1,CURATEDF_seed3_S_base
CURATEDF,0.5,0,4,0.003,83072,1000779,28979,347748,10.767227425726652,,77.925048828125,935.1005859375,9341.986797416328,0.00025,2.309551477432251,5.576472043991089,51a86202db31,0c51ed1e6f7f,10.867210595160724,12.9311028976202,0.0029331584940819,1,S,2045568,2972592,0.0004571349307075,0.0003145741446984,,,,,,,,300000000,,CURATED,300,1.2418569654e-05,11005.0,0.031865,8.371254647493362,base,0.1,constant,0,0.0,0.0005,1,CURATEDF_seed4_S_base
CURATEDF,0.5,0,4,0.003,187520,2259126,49225,590700,6.512511426709546,,2680.982177734375,32171.7861328125,58906.61279454254,0.0003,1.9561560153961184,12.54431653022766,51a86202db31,0c51ed1e6f7f,6.589126327846507,13.775446173208952,0.0547079735906551,1,S,2045568,2972592,0.0157275564209121,0.010822805865323,,,,,,,,300000000,,CURATED,300,1.2418569654e-05,11005.0,0.455165,0.6055951645430178,base,0.1,constant,0,0.0,0.0,1,CURATEDF_seed4_S_base
CURATEDF,0.5,0,4,0.003,423552,5102755,82336,988032,4.442188939350534,,7327.8984375,87934.78125,134031.22047591957,0.0002,1.7751915454864502,27.56275510787964,51a86202db31,0c51ed1e6f7f,4.515788640751847,13.703489379370213,0.0892440730664593,1,S,2045568,2972592,0.0429879531015346,0.0295818535641621,,,,,,,,300000000,,CURATED,300,1.2418569654e-05,11005.0,0.63577,0.0538008526219055,base,0.1,constant,0,0.0,0.0,1,CURATEDF_seed4_S_base
CURATEDF,0.5,0,4,0.003,956672,11525560,135247,1622964,3.7367123522808456,,10763.980712890623,129167.7685546875,183364.19333215625,0.0001,1.642356038093567,60.37505292892456,51a86202db31,0c51ed1e6f7f,3.8797538687553694,13.423260115587713,0.0798317153060696,1,S,2045568,2972592,0.0631451843960638,0.0434529086247582,,,,,,,,300000000,,CURATED,300,1.2418569654e-05,11005.0,0.695575,0.0211472984235733,base,0.1,constant,0,0.001,0.001,1,CURATEDF_seed4_S_base
CURATEDF,0.5,0,4,0.003,2161024,26031875,298632,3583584,3.129922269741511,,23034.091796875,276409.1015625,357607.7230173843,0.0,1.870636820793152,134.44428873062134,51a86202db31,0c51ed1e6f7f,3.2226290815434138,13.125018914675712,0.077376168662434,1,S,2045568,2972592,0.1351258435615437,0.0929858862442272,,,,,,,,300000000,,CURATED,300,1.2418569654e-05,11005.0,0.76888,1.097738932791166,base,0.1,constant,0,0.0005,0.0,1,CURATEDF_seed4_S_base
CURATEDF,0.5,0,4,0.003,4881536,58800588,481807,5781684,2.540918018543284,,26653.371337890625,319840.4560546875,389463.3695812095,0.00025,1.8256367444992063,300.0441632270813,51a86202db31,0c51ed1e6f7f,2.608447058280248,12.783306741952895,0.0555637423283596,1,S,2045568,2972592,0.1563577725378415,0.1075964868554741,,,,,,,,300000000,,CURATED,300,1.2418569654e-05,11005.0,0.812435,0.5691922203088179,base,0.1,constant,0,0.0125,0.0215,1,CURATEDF_seed4_S_base
CURATEDF,0.5,0,4,0.003,11025408,132815653,698503,8382036,2.1689844135734253,,32704.467041015625,392453.6044921875,464003.87554432766,0.0,1.7922370433807373,671.6104552745819,51a86202db31,0c51ed1e6f7f,2.2616536641464986,12.588585697722436,0.0470649374447926,1,S,2045568,2972592,0.1918555650519501,0.1320240397915985,,,,,,,,300000000,,CURATED,300,1.2418569654e-05,11005.0,0.840085,0.3589292966611683,base,0.1,constant,0,0.0,0.0005,1,CURATEDF_seed4_S_base
CURATEDF,0.5,0,4,0.003,24903040,300000974,882867,10594404,1.9017024991316616,,36745.456298828125,440945.4755859375,512636.0997387004,0.00025,1.7678245306015017,1507.4053003787994,51a86202db31,0c51ed1e6f7f,1.9748759422525344,12.541499272489547,0.0418647429340999,1,S,2045568,2972592,0.2155613871481845,0.1483370323226119,,,,,,,,300000000,,CURATED,300,1.2418569654e-05,11005.0,0.85499,0.2012712426166981,base,0.1,constant,0,0.0,0.0,1,CURATEDF_seed4_S_base
CURATEDF,0.5,0,5,0.003,83072,1001318,29087,349044,10.363091605672835,,87.898681640625,1054.7841796875,13852.598131134606,0.0004,2.2699575424194336,5.677960157394409,51a86202db31,b57a47ff1646,10.450194657244682,13.054319173288343,0.0032660638773335,1,S,2045568,2972592,0.0005156436645897,0.0003548365129447,,,,,,,,300000000,,CURATED,300,1.2418569654e-05,11005.0,0.03487,7.584500860929489,base,0.1,constant,0,0.0005,0.0,1,CURATEDF_seed5_S_base
CURATEDF,0.5,0,5,0.003,187520,2259386,49404,592848,6.318220757218655,,2942.9384765625,35315.26171875,62794.755072731255,0.0002,1.9903502464294436,12.843101978302002,51a86202db31,b57a47ff1646,6.393186504969699,13.662874108314512,0.0598129706096672,1,S,2045568,2972592,0.0172642814703544,0.0118802922563035,,,,,,,,300000000,,CURATED,300,1.2418569654e-05,11005.0,0.474055,0.5297185696065426,base,0.1,constant,0,0.0005,0.0,1,CURATEDF_seed5_S_base
CURATEDF,0.5,0,5,0.003,423552,5102320,82648,991776,4.371253035272011,,7758.822265625,93105.8671875,137579.71632339907,0.0001,1.7853162288665771,28.466777563095093,51a86202db31,b57a47ff1646,4.444568974751904,13.58677041451931,0.0941220598199593,1,S,2045568,2972592,0.0455158993431164,0.0313214417543679,,,,,,,,300000000,,CURATED,300,1.2418569654e-05,11005.0,0.644505,0.0455132551360875,base,0.1,constant,0,0.0,0.0,1,CURATEDF_seed5_S_base
CURATEDF,0.5,0,5,0.003,956928,11525013,135156,1621872,3.732743032430255,,11077.0029296875,132924.03515625,184591.89113368432,0.00015,1.5550580024719238,62.67603921890259,51a86202db31,b57a47ff1646,3.831477538546897,13.540810815429689,0.0822013081180265,1,S,2045568,2972592,0.064981479548101,0.0447165420468903,,,,,,,,300000000,,CURATED,300,1.2418569654e-05,11005.0,0.69926,0.0195418593090726,base,0.1,constant,0,0.0005,0.0,1,CURATEDF_seed5_S_base
CURATEDF,0.5,0,5,0.003,2161152,26032060,298923,3587076,3.2666863628393763,,23973.020751953125,287676.2490234375,381320.9785099672,0.00025,1.9200187921524048,139.79832363128662,51a86202db31,b57a47ff1646,3.378725786461225,13.503419155097008,0.0804421205460938,1,S,2045568,2972592,0.1406339212499596,0.0967762306510404,,,,,,,,300000000,,CURATED,300,1.2418569654e-05,11005.0,0.7691,1.2495829018959776,base,0.1,constant,0,0.0,0.0,1,CURATEDF_seed5_S_base
CURATEDF,0.5,0,5,0.003,4881152,58800020,482008,5784096,2.6814038432875367,,29024.322265625,348291.8671875,433366.5519485686,0.0002,1.915450930595398,314.54396653175354,51a86202db31,b57a47ff1646,2.776767785708513,13.068560942959785,0.0604595774343994,1,S,2045568,2972592,0.1702665798387049,0.1171677334755324,,,,,,,,300000000,,CURATED,300,1.2418569654e-05,11005.0,0.81123,0.7558513649106026,base,0.1,constant,0,0.012,0.026,1,CURATEDF_seed5_S_base
CURATEDF,0.5,0,5,0.003,11025024,132815941,698429,8381148,2.160022611466942,,34849.485107421875,418193.8212890625,496922.8606162807,0.00015,1.8202662467956543,715.679500579834,51a86202db31,b57a47ff1646,2.258047904724138,12.75027964785099,0.0501411023883601,1,S,2045568,2972592,0.2044389730818347,0.1406832223490686,,,,,,,,300000000,,CURATED,300,1.2418569654e-05,11005.0,0.8449,0.3744138333564624,base,0.1,constant,0,0.0,0.0005,1,CURATEDF_seed5_S_base
CURATEDF,0.5,0,5,0.003,24903040,300000368,882198,10586376,1.8015562115902408,,40287.61962890625,483451.435546875,569453.1917235821,0.0002,1.7970370054244995,1617.8952796459198,51a86202db31,b57a47ff1646,1.8642150511489783,12.727938447904586,0.0459114620527364,1,S,2045568,2972592,0.2363409261128816,0.1626363239714279,,,,,,,,300000000,,CURATED,300,1.2418569654e-05,11005.0,0.863505,0.1586565962615423,base,0.1,constant,0,0.0,0.0,1,CURATEDF_seed5_S_base
FLAT,0.5,16,1,0.003,35712,1002054,16521,198252,11.937400879859924,,4.966552734375,59.5986328125,1856.110058700085,0.0001,5.091728210449219,3.0120437145233154,51a86202db31,35af13a07464,11.985596735737325,12.63921634902954,0.0005447612130016,1,S,2045568,2975280,2.9135493326303505e-05,2.0031268590687264e-05,,,,,,,,300000000,,FLAT,300,1.2418569654e-05,11005.0,0.0011,11.240478556632995,base,0.1,constant,0,0.0005,0.0,1,FLAT_seed1_S_base
FLAT,0.5,16,1,0.003,80640,2262035,28614,343368,11.779053062443731,,5.01416015625,60.169921875,1964.608532420349,0.0002,5.073015213012695,6.600105285644531,51a86202db31,35af13a07464,11.864961744565964,12.47318895983696,0.0004193751310547,1,S,2045568,2975280,2.9414774710496055e-05,2.0223280455957085e-05,,,,,,,,300000000,,FLAT,300,1.2418569654e-05,11005.0,0.00106,11.078673662185668,base,0.1,constant,0,0.0,0.0,1,FLAT_seed1_S_base
FLAT,0.5,16,1,0.003,182016,5105143,48475,581700,11.74524241153717,,0.165283203125,1.9833984375,2098.023292003869,5e-05,5.068804264068604,13.621474027633669,51a86202db31,35af13a07464,11.843921497778892,12.485000928878785,0.0002475502836513,1,S,2045568,2975280,9.69607677427492e-07,6.666258091675405e-07,,,,,,,,300000000,,FLAT,300,1.2418569654e-05,11005.0,0.00115,11.032875244140625,base,0.1,constant,0,0.0,0.0005,1,FLAT_seed1_S_base
FLAT,0.5,16,1,0.003,410880,11524536,80829,969948,6.104737463013939,,3160.266357421875,37923.1962890625,63327.91218829068,0.0001,4.931987285614014,29.002334117889404,51a86202db31,35af13a07464,6.1893082276187,13.73910821838379,0.0393423152581375,1,S,2045568,2975280,0.0185392009891934,0.0127460932379683,,,,,,,,300000000,,FLAT,300,1.2418569654e-05,11005.0,0.49941,0.3618480764701962,base,0.1,constant,0,0.0005,0.0005,1,FLAT_seed1_S_base
FLAT,0.5,16,1,0.003,928128,26032025,132442,1589304,3.847566105846406,,10070.66552734375,120847.986328125,171901.0659743685,0.00015,4.740569591522217,62.39120864868164,51a86202db31,35af13a07464,3.935234631687933,13.63400213173628,0.0762824481659896,1,S,2045568,2975280,0.0590779609028519,0.0406173490656761,,,,,,,,300000000,,FLAT,300,1.2418569654e-05,11005.0,0.689695,0.0242942935576429,base,0.1,constant,0,0.0,0.001,1,FLAT_seed1_S_base
FLAT,0.5,16,1,0.003,2096512,58801209,292261,3507132,3.208866598292743,,24001.647216796875,288019.7666015625,388213.8402512897,0.0002,4.892889976501465,144.83533263206482,51a86202db31,35af13a07464,3.3753418527375163,13.585535555768011,0.0823681572293258,1,S,2045568,2975280,0.1408018538623807,0.0968042559361009,,,,,,,,300000000,,FLAT,300,1.2418569654e-05,11005.0,0.7693,1.1769037595745175,base,0.1,constant,0,0.0005,0.0005,1,FLAT_seed1_S_base
FLAT,0.5,16,1,0.003,4735616,132815933,473630,5683560,2.737353637570059,,29818.36767578125,357820.412109375,453672.1863501024,0.00025,4.851449966430664,328.40192008018494,51a86202db31,35af13a07464,2.844070710968813,13.452895854353905,0.0632012330300023,1,S,2045568,2975280,0.1749247212067137,0.1202644497692234,,,,,,,,300000000,,FLAT,300,1.2418569654e-05,11005.0,0.815145,0.8579269435945899,base,0.1,constant,0,0.086,0.9455,1,FLAT_seed1_S_base
FLAT,0.5,16,1,0.003,10696320,300001987,690106,8281272,2.207794567578696,,36842.51708984375,442110.205078125,548170.3621865418,0.0002,4.862880229949951,740.3267638683319,51a86202db31,35af13a07464,2.2978833287694305,13.25147232556343,0.0536308914862354,1,S,2045568,2975280,0.2161307788732151,0.1485944869316921,,,,,,,,300000000,,FLAT,300,1.2418569654e-05,11005.0,0.847395,0.4648084983713925,base,0.1,constant,0,0.0,0.0,1,FLAT_seed1_S_base
FLAT,0.5,16,2,0.003,35712,1002175,16504,198048,11.89842312233448,,1.970703125,23.6484375,1843.8875033901213,0.0002,5.060824871063232,2.9946680068969727,51a86202db31,59bc5d7230c9,11.940083676719665,12.617588420534132,0.0003635482307319,1,S,2045568,2975280,1.1560817093345222e-05,7.948306545938533e-06,,,,,,,,300000000,,FLAT,300,1.2418569654e-05,11005.0,0.000915,11.166356758117676,base,0.1,constant,0,0.0,0.0005,1,FLAT_seed2_S_base
FLAT,0.5,16,2,0.003,80640,2261705,28300,339600,11.789659070777892,,2.0908203125,25.08984375,1906.8228964948648,0.0002,5.066405296325684,6.414606809616089,51a86202db31,59bc5d7230c9,11.866345101714137,12.450017613840105,0.0003180212014134,1,S,2045568,2975280,1.2265465508846445e-05,8.43276725215778e-06,,,,,,,,300000000,,FLAT,300,1.2418569654e-05,11005.0,0.001015,11.144756406784058,base,0.1,constant,0,0.0,0.0,1,FLAT_seed2_S_base
FLAT,0.5,16,2,0.003,182016,5104542,48143,577716,11.764203908543587,,8.246337890625,98.9560546875,2122.745030734919,0.00025,5.060511112213135,13.36060070991516,51a86202db31,59bc5d7230c9,11.854292313981055,12.466350409173966,0.0004154290343352,1,S,2045568,2975280,4.837583237883072e-05,3.325940909342986e-05,,,,,,,,300000000,,FLAT,300,1.2418569654e-05,11005.0,0.00152,11.079572605133055,base,0.1,constant,0,0.0,0.0005,1,FLAT_seed2_S_base
FLAT,0.5,16,2,0.003,411008,11527477,80709,968508,6.964232518457807,,2109.295654296875,25311.5478515625,44761.34399201574,0.00015,4.931978225708008,28.43842577934265,51a86202db31,59bc5d7230c9,7.062209991876241,13.63865492992401,0.0263787186063512,1,S,2045568,2975280,0.0123738481690965,0.0085072826260259,,,,,,,,300000000,,FLAT,300,1.2418569654e-05,11005.0,0.423165,0.7593681845106185,base,0.1,constant,0,0.0,0.0,1,FLAT_seed2_S_base
FLAT,0.5,16,2,0.003,928256,26034033,132534,1590408,3.946291076685849,,9265.64306640625,111187.716796875,160974.77311095747,0.00015,4.781285762786865,61.54224562644959,51a86202db31,59bc5d7230c9,4.08730024398952,13.669297052884104,0.0701555827183968,1,S,2045568,2975280,0.0543554244087094,0.0373705052287095,,,,,,,,300000000,,FLAT,300,1.2418569654e-05,11005.0,0.67831,0.0207385782737401,base,0.1,constant,0,0.0,0.0,1,FLAT_seed2_S_base
FLAT,0.5,16,2,0.003,2096512,58800742,291790,3501480,3.4077190226930987,,22751.76220703125,273021.146484375,368549.0721185078,5e-05,4.929812431335449,136.23866772651672,51a86202db31,59bc5d7230c9,3.5914599379587964,13.53233438425064,0.0782172110079166,1,S,2045568,2975280,0.1334696018340016,0.0917631774099832,,,,,,,,300000000,,FLAT,300,1.2418569654e-05,11005.0,0.756535,1.4090488647818566,base,0.1,constant,0,0.0,0.0,1,FLAT_seed2_S_base
FLAT,0.5,16,2,0.003,4735360,132815534,472959,5675508,2.848926216159146,,28401.531494140625,340818.3779296875,445065.5097003885,0.0002,4.882072448730469,303.80126786231995,51a86202db31,59bc5d7230c9,3.012329003332713,13.37907417509556,0.0602948669969278,1,S,2045568,2975280,0.1666130766269747,0.11455001812592,,,,,,,,300000000,,FLAT,300,1.2418569654e-05,11005.0,0.80575,0.962332069326192,base,0.1,constant,0,0.073,0.9315,1,FLAT_seed2_S_base
FLAT,0.5,16,2,0.003,10696192,300002541,689389,8272668,2.167779336157176,,34237.692138671875,410852.3056640625,496390.789664504,0.00035,4.839918613433838,680.5987019538879,51a86202db31,59bc5d7230c9,2.3000450284936607,12.7497199174881,0.0499079619779253,1,S,2045568,2975280,0.2008499867342774,0.1380886187733801,,,,,,,,300000000,,FLAT,300,1.2418569654e-05,11005.0,0.841625,0.3691907023871317,base,0.1,constant,0,0.0,0.001,1,FLAT_seed2_S_base
FLAT,0.5,16,3,0.003,35712,1001638,16497,197964,11.937147257881165,,0.972412109375,11.6689453125,1544.0513881145007,0.00015,5.06028938293457,2.987043857574463,51a86202db31,59bef84e52b5,11.9735442729187,12.48407415342331,0.0003030854094683,1,S,2045568,2975280,5.704501298661301e-06,3.921965432665161e-06,,,,,,,,300000000,,FLAT,300,1.2418569654e-05,11005.0,0.000775,11.368042130470275,base,0.1,constant,0,0.0005,0.0,1,FLAT_seed3_S_base
FLAT,0.5,16,3,0.003,80640,2261581,28569,342828,11.8086096803236,,2.025146484375,24.3017578125,2202.478390574312,0.0001,5.083393573760986,6.442960262298584,51a86202db31,59bef84e52b5,11.874128964719771,12.576685805749891,0.000315026777276,1,S,2045568,2975280,1.1880200419883377e-05,8.167889345708639e-06,,,,,,,,300000000,,FLAT,300,1.2418569654e-05,11005.0,0.00111,11.035438210487364,base,0.1,constant,0,0.0005,0.0005,1,FLAT_seed3_S_base
FLAT,0.5,16,3,0.003,182016,5104936,48307,579684,10.951327292314769,,59.206298828125,710.4755859375,7755.214549017404,0.0002,5.055920600891113,13.436808824539185,51a86202db31,59bef84e52b5,11.044801568806172,12.799386849761008,0.0014697662864595,1,S,2045568,2975280,0.0003473243548674,0.0002387928483831,,,,,,,,300000000,,FLAT,300,1.2418569654e-05,11005.0,0.023435,8.887482919931411,base,0.1,constant,0,0.0005,0.0,1,FLAT_seed3_S_base
FLAT,0.5,16,3,0.003,410880,11524772,80770,969240,5.328866601942603,,4470.28076171875,53643.369140625,89513.71067713459,0.00015,4.868508815765381,28.47866559028625,51a86202db31,59bef84e52b5,5.4009322743223285,13.820822836327553,0.0555899467624117,1,S,2045568,2975280,0.0262241925668689,0.018029687673303,,,,,,,,300000000,,FLAT,300,1.2418569654e-05,11005.0,0.55545,0.1969265680657699,base,0.1,constant,0,0.0,0.0005,1,FLAT_seed3_S_base
FLAT,0.5,16,3,0.003,928128,26033446,132707,1592484,4.085674026697774,,8604.600830078125,103255.2099609375,159794.79420430318,0.00025,4.78109884262085,61.23647284507752,51a86202db31,59bef84e52b5,4.177906781028008,13.727970359879732,0.0650832284657177,1,S,2045568,2975280,0.0504775250497355,0.0347043673069215,,,,,,,,300000000,,FLAT,300,1.2418569654e-05,11005.0,0.654805,0.0743058489020913,base,0.1,constant,0,0.0,0.0,1,FLAT_seed3_S_base
FLAT,0.5,16,3,0.003,2096512,58801633,292265,3507180,4.038162865173649,,18192.64624023437,218311.7548828125,338729.0612937361,0.0003,4.92080020904541,135.36558270454407,51a86202db31,59bef84e52b5,4.233252417175174,13.72536367483735,0.0624912322720818,1,S,2045568,2975280,0.1067242716364415,0.0733751965807629,,,,,,,,300000000,,FLAT,300,1.2418569654e-05,11005.0,0.64882,2.183886619705707,base,0.1,constant,0,0.0,0.0,1,FLAT_seed3_S_base
FLAT,0.5,16,3,0.003,4735488,132816446,473414,5680968,3.3394818135586477,,22030.42041015625,264365.044921875,400874.9031831496,0.0002,4.842102527618408,302.563351392746,51a86202db31,59bef84e52b5,3.524132988019269,13.769690580701829,0.0467793516879517,1,S,2045568,2975280,0.1292379646738094,0.0888538372596444,,,,,,,,300000000,,FLAT,300,1.2418569654e-05,11005.0,0.69769,1.4250225418917837,base,0.1,constant,0,0.038,0.8625,1,FLAT_seed3_S_base
FLAT,0.5,16,3,0.003,10696320,300000624,690039,8280468,2.3854938827328382,,33273.533447265625,399282.4013671875,524787.4474614086,0.0004,4.825943470001221,678.6483428478241,51a86202db31,59bef84e52b5,2.485902611072408,13.512819227534532,0.0484639274012048,1,S,2045568,2975280,0.1951939028021495,0.1341999413054191,,,,,,,,300000000,,FLAT,300,1.2418569654e-05,11005.0,0.834565,0.6068322422150523,base,0.1,constant,0,0.0,0.0,1,FLAT_seed3_S_base
FLAT,0.5,16,4,0.003,35712,1001748,16408,196896,11.957790124349597,,-0.005859375,-0.0703125,1712.267817512894,0.0002,5.104211330413818,3.314295768737793,51a86202db31,58f63e689f6f,11.993129674453735,12.62566594004631,0.000243783520234,1,S,2045568,2975280,-3.437309343908391e-08,-2.363222957167057e-08,,,,,,,,300000000,,FLAT,300,1.2418569654e-05,11005.0,0.000665,11.249832054138183,base,0.1,constant,0,0.0,0.0015,1,FLAT_seed4_S_base
FLAT,0.5,16,4,0.003,80640,2261482,28466,341592,11.801269326267242,,2.05029296875,24.603515625,1905.208486212825,0.00025,5.124598979949951,7.055904388427734,51a86202db31,58f63e689f6f,11.873573322091104,12.515057760095596,0.0003161666549567,1,S,2045568,2975280,1.2027718279226111e-05,8.269310997620392e-06,,,,,,,,300000000,,FLAT,300,1.2418569654e-05,11005.0,0.00108,11.084881475448608,base,0.1,constant,0,0.0005,0.0,1,FLAT_seed4_S_base
FLAT,0.5,16,4,0.003,182016,5104508,48203,578436,11.74440369447708,,4.231689453125,50.7802734375,1983.2237369992251,0.00025,5.05232048034668,14.638596534729004,51a86202db31,58f63e689f6f,11.843027848410609,12.465707281780244,0.0003319295479534,1,S,2045568,2975280,2.482453452415173e-05,1.7067393131906912e-05,,,,,,,,300000000,,FLAT,300,1.2418569654e-05,11005.0,0.00157,11.047945306777954,base,0.1,constant,0,0.0,0.0005,1,FLAT_seed4_S_base
FLAT,0.5,16,4,0.003,411008,11526770,80664,967968,6.510051946272981,,2643.306640625,31719.6796875,52305.77623063639,0.00025,4.863473415374756,31.01859211921692,51a86202db31,58f63e689f6f,6.585979758920269,13.559507540631294,0.0330134880491917,1,S,2045568,2975280,0.0155065388623111,0.0106610738107001,,,,,,,,300000000,,FLAT,300,1.2418569654e-05,11005.0,0.46427,0.4071835835408419,base,0.1,constant,0,0.0,0.0005,1,FLAT_seed4_S_base
FLAT,0.5,16,4,0.003,928256,26033375,132421,1589052,3.870340636677492,,9873.670654296877,118484.0478515625,165790.84242576626,0.00015,4.7423095703125,67.27768683433533,51a86202db31,58f63e689f6f,3.952586391536873,13.48960650086403,0.0748068659804713,1,S,2045568,2975280,0.0579223217470954,0.039822822676038,,,,,,,,300000000,,FLAT,300,1.2418569654e-05,11005.0,0.68755,0.0236267804064555,base,0.1,constant,0,0.0,0.0,1,FLAT_seed4_S_base
FLAT,0.5,16,4,0.003,2096640,58802527,291717,3500604,3.408879960713247,,23058.780029296875,276705.3603515625,368872.4361913916,0.0004,4.900767803192139,147.99140071868896,51a86202db31,58f63e689f6f,3.5075649651883216,13.539814189362524,0.079289174096813,1,S,2045568,2975280,0.1352706731585371,0.093001452082346,,,,,,,,300000000,,FLAT,300,1.2418569654e-05,11005.0,0.76344,1.4366254681777209,base,0.1,constant,0,0.0,0.0,1,FLAT_seed4_S_base
FLAT,0.5,16,4,0.003,4735616,132815513,473379,5680548,2.764921805900289,,28794.428955078125,345533.1474609375,447322.92174491,0.0004,4.9424004554748535,325.9632260799408,51a86202db31,58f63e689f6f,2.915623596079983,13.378710182976723,0.061071572672214,1,S,2045568,2975280,0.1689179472209858,0.1161346654637336,,,,,,,,300000000,,FLAT,300,1.2418569654e-05,11005.0,0.811225,0.8664007152225822,base,0.1,constant,0,0.08,0.937,1,FLAT_seed4_S_base
FLAT,0.5,16,4,0.003,10696576,300003304,689771,8277252,2.3030631843184213,,35712.598876953125,428551.1865234375,541944.992970343,0.0001,4.848927974700928,723.7637968063354,51a86202db31,58f63e689f6f,2.4480197838413997,13.340463851618766,0.0520187134570748,1,S,2045568,2975280,0.2095022930176056,0.1440372625512346,,,,,,,,300000000,,FLAT,300,1.2418569654e-05,11005.0,0.841965,0.5852326825782657,base,0.1,constant,0,0.0005,0.0005,1,FLAT_seed4_S_base
FLAT,0.5,16,5,0.003,35712,1001639,16426,197112,11.886011361079216,,2.98974609375,35.876953125,1759.4749060030945,0.0001,5.0784173011779785,2.975804090499878,51a86202db31,cd41f3b3c26e,11.937628686418533,12.49830586977005,0.0004261536588335,1,S,2045568,2975280,1.7538870927292565e-05,1.2058345138944904e-05,,,,,,,,300000000,,FLAT,300,1.2418569654e-05,11005.0,0.00066,11.21604938030243,base,0.1,constant,0,0.0,0.0005,1,FLAT_seed5_S_base
FLAT,0.5,16,5,0.003,80640,2261912,28383,340596,11.787665104703905,,5.070556640625,60.8466796875,1776.7659369670864,5e-05,5.06227445602417,6.421921968460083,51a86202db31,cd41f3b3c26e,11.862350552639962,12.42795278725624,0.0004227882887644,1,S,2045568,2975280,2.974561573484724e-05,2.0450740665584416e-05,,,,,,,,300000000,,FLAT,300,1.2418569654e-05,11005.0,0.001135,11.150142168045043,base,0.1,constant,0,0.0005,0.0,1,FLAT_seed5_S_base
FLAT,0.5,16,5,0.003,182016,5104940,48309,579708,11.697700924272535,,2.205810546875,26.4697265625,2207.6204884500985,0.0002,5.046759128570557,13.502154350280762,51a86202db31,cd41f3b3c26e,11.789565430569647,12.488391277980805,0.0002898010722639,1,S,2045568,2975280,1.2940037467588465e-05,8.896549757501815e-06,,,,,,,,300000000,,FLAT,300,1.2418569654e-05,11005.0,0.00173,10.901122594833376,base,0.1,constant,0,0.0,0.0005,1,FLAT_seed5_S_base
FLAT,0.5,16,5,0.003,411008,11527225,80933,971196,5.685321193039548,,3719.240966796875,44630.8916015625,74242.3543624562,0.00015,4.877756595611572,28.66658735275269,51a86202db31,cd41f3b3c26e,5.763916398992448,13.7342841578722,0.0461987075729306,1,S,2045568,2975280,0.021818336814793,0.0150005685520564,,,,,,,,300000000,,FLAT,300,1.2418569654e-05,11005.0,0.526665,0.2122703191591426,base,0.1,constant,0,0.0,0.0,1,FLAT_seed5_S_base
FLAT,0.5,16,5,0.003,928256,26033459,132559,1590708,4.096311117576408,,8366.636962890625,100399.6435546875,152726.16176702696,0.00025,4.768178939819336,61.52554702758789,51a86202db31,cd41f3b3c26e,4.1953949776614925,13.668587781596184,0.0633604659057476,1,S,2045568,2975280,0.0490815477924407,0.033744603383442,,,,,,,,300000000,,FLAT,300,1.2418569654e-05,11005.0,0.659655,0.0471005996072199,base,0.1,constant,0,0.0005,0.0,1,FLAT_seed5_S_base
FLAT,0.5,16,5,0.003,2096512,58799778,292003,3504036,3.937641362207243,,18563.710205078125,222764.5224609375,328829.09300125984,0.0003,4.876351356506348,136.3646261692047,51a86202db31,cd41f3b3c26e,4.042335673823589,13.587361233887076,0.063817837487971,1,S,2045568,2975280,0.1089010594910252,0.0748717843231351,,,,,,,,300000000,,FLAT,300,1.2418569654e-05,11005.0,0.6826,1.9395932625457644,base,0.1,constant,0,0.0,0.0,1,FLAT_seed5_S_base
FLAT,0.5,16,5,0.003,4735616,132818051,473572,5682864,2.8767093103354147,,26641.3818359375,319696.58203125,435595.17228115257,0.00035,4.8970255851745605,302.6214339733124,51a86202db31,cd41f3b3c26e,3.054532239983352,13.538046890616418,0.0565003843132617,1,S,2045568,2975280,0.156287438027604,0.1074509229488485,,,,,,,,300000000,,FLAT,300,1.2418569654e-05,11005.0,0.7896,0.9497080696690828,base,0.1,constant,0,0.061,0.9105,1,FLAT_seed5_S_base
FLAT,0.5,16,5,0.003,10696448,300001065,690820,8289840,2.300057509821104,,36162.3427734375,433948.11328125,551277.4685641911,0.00045,4.804450511932373,675.266996383667,51a86202db31,cd41f3b3c26e,2.4435391734213754,13.285077766013146,0.0525911235922526,1,S,2045568,2975280,0.2121406442031015,0.1458511848569714,,,,,,,,300000000,,FLAT,300,1.2418569654e-05,11005.0,0.84066,0.5509919541124254,base,0.1,constant,0,0.0005,0.0,1,FLAT_seed5_S_base
RAW,0.5,16,1,0.003,35712,1002054,16521,198252,11.937400879859924,,4.966552734375,59.5986328125,1856.110058700085,0.0001,5.091728210449219,2.998547315597534,51a86202db31,9f7f0e7f7e9c,11.985596735737325,12.63921634902954,0.0005447612130016,1,S,2045568,2975280,2.9135493326303505e-05,2.0031268590687264e-05,,,,,,,,300000000,,RAW,RAW,,,0.0011,11.240478556632995,base,0.1,constant,0,0.0005,0.0,1,RAW_seed1_S_base
RAW,0.5,16,1,0.003,80640,2262035,28614,343368,11.779053062443731,,5.01416015625,60.169921875,1964.608532420349,0.0002,5.073015213012695,6.418794393539429,51a86202db31,9f7f0e7f7e9c,11.864961744565964,12.47318895983696,0.0004193751310547,1,S,2045568,2975280,2.9414774710496055e-05,2.0223280455957085e-05,,,,,,,,300000000,,RAW,RAW,,,0.00106,11.078673662185668,base,0.1,constant,0,0.0,0.0,1,RAW_seed1_S_base
RAW,0.5,16,1,0.003,182016,5105143,48475,581700,11.74524241153717,,0.165283203125,1.9833984375,2098.023292003869,5e-05,5.068804264068604,13.369118690490724,51a86202db31,9f7f0e7f7e9c,11.843921497778892,12.485000928878785,0.0002475502836513,1,S,2045568,2975280,9.69607677427492e-07,6.666258091675405e-07,,,,,,,,300000000,,RAW,RAW,,,0.00115,11.032875244140625,base,0.1,constant,0,0.0,0.0005,1,RAW_seed1_S_base
RAW,0.5,16,1,0.003,410880,11524536,80829,969948,6.104737463013939,,3160.266357421875,37923.1962890625,63327.91218829068,0.0001,4.931987285614014,28.313992738723755,51a86202db31,9f7f0e7f7e9c,6.1893082276187,13.73910821838379,0.0393423152581375,1,S,2045568,2975280,0.0185392009891934,0.0127460932379683,,,,,,,,300000000,,RAW,RAW,,,0.49941,0.3618480764701962,base,0.1,constant,0,0.0005,0.0005,1,RAW_seed1_S_base
RAW,0.5,16,1,0.003,928128,26032025,132442,1589304,3.847566105846406,,10070.66552734375,120847.986328125,171901.0659743685,0.00015,4.740569591522217,61.3867928981781,51a86202db31,9f7f0e7f7e9c,3.935234631687933,13.63400213173628,0.0762824481659896,1,S,2045568,2975280,0.0590779609028519,0.0406173490656761,,,,,,,,300000000,,RAW,RAW,,,0.689695,0.0242942935576429,base,0.1,constant,0,0.0,0.001,1,RAW_seed1_S_base
RAW,0.5,16,1,0.003,2096512,58801209,212985,2555820,3.327040227513223,,13118.001708984377,157416.0205078125,209376.72493928424,0.0002,4.749048233032227,134.6657965183258,51a86202db31,9f7f0e7f7e9c,3.4538881113034665,13.02491765768528,0.0618353405169378,1,S,2045568,2975280,0.0769546749400716,0.0529079684963474,,,,,,,,300000000,,RAW,RAW,,,0.72728,0.0109034043035353,base,0.1,constant,0,0.001,0.0005,1,RAW_seed1_S_base
RAW,0.5,16,1,0.003,4735616,132815933,324075,3888900,3.010178166803694,,14577.880126953123,174934.5615234375,219395.56424948387,0.0001,4.720658779144287,299.37468695640564,51a86202db31,9f7f0e7f7e9c,3.178542122641247,12.463117405068877,0.0452271850651855,1,S,2045568,2975280,0.0855188199675774,0.0587959995440555,,,,,,,,300000000,,RAW,RAW,,,0.747075,0.0065337765603908,base,0.1,constant,0,0.0405,0.9375,1,RAW_seed1_S_base
RAW,0.5,16,1,0.003,10696320,300001987,488690,5864280,2.767575170350097,,17677.69091796875,212132.291015625,253577.6822369016,0.0002,4.73004150390625,668.3973062038422,51a86202db31,9f7f0e7f7e9c,2.928166966353821,12.34575618340969,0.036417769956414,1,S,2045568,2975280,0.1037033679719398,0.0712982613453607,,,,,,,,300000000,,RAW,RAW,,,0.771635,0.0063567407939117,base,0.1,constant,0,0.0,0.0005,1,RAW_seed1_S_base
RAW,0.5,16,2,0.003,35712,1002175,16504,198048,11.89842312233448,,1.970703125,23.6484375,1843.8875033901213,0.0002,5.060824871063232,2.9673449993133545,51a86202db31,1cceca9ebba1,11.940083676719665,12.617588420534132,0.0003635482307319,1,S,2045568,2975280,1.1560817093345222e-05,7.948306545938533e-06,,,,,,,,300000000,,RAW,RAW,,,0.000915,11.166356758117676,base,0.1,constant,0,0.0,0.0005,1,RAW_seed2_S_base
RAW,0.5,16,2,0.003,80640,2261705,28300,339600,11.789659070777892,,2.0908203125,25.08984375,1906.8228964948648,0.0002,5.066405296325684,6.397601366043091,51a86202db31,1cceca9ebba1,11.866345101714137,12.450017613840105,0.0003180212014134,1,S,2045568,2975280,1.2265465508846445e-05,8.43276725215778e-06,,,,,,,,300000000,,RAW,RAW,,,0.001015,11.144756406784058,base,0.1,constant,0,0.0,0.0,1,RAW_seed2_S_base
RAW,0.5,16,2,0.003,182016,5104542,48143,577716,11.764203908543587,,8.246337890625,98.9560546875,2122.745030734919,0.00025,5.060511112213135,13.301884412765505,51a86202db31,1cceca9ebba1,11.854292313981055,12.466350409173966,0.0004154290343352,1,S,2045568,2975280,4.837583237883072e-05,3.325940909342986e-05,,,,,,,,300000000,,RAW,RAW,,,0.00152,11.079572605133055,base,0.1,constant,0,0.0,0.0005,1,RAW_seed2_S_base
RAW,0.5,16,2,0.003,411008,11527477,80709,968508,6.964232518457807,,2109.295654296875,25311.5478515625,44761.34399201574,0.00015,4.931978225708008,28.16345691680908,51a86202db31,1cceca9ebba1,7.062209991876241,13.63865492992401,0.0263787186063512,1,S,2045568,2975280,0.0123738481690965,0.0085072826260259,,,,,,,,300000000,,RAW,RAW,,,0.423165,0.7593681845106185,base,0.1,constant,0,0.0,0.0,1,RAW_seed2_S_base
RAW,0.5,16,2,0.003,928256,26034033,132534,1590408,3.946291076685849,,9265.64306640625,111187.716796875,160974.77311095747,0.00015,4.781285762786865,61.23404049873352,51a86202db31,1cceca9ebba1,4.08730024398952,13.669297052884104,0.0701555827183968,1,S,2045568,2975280,0.0543554244087094,0.0373705052287095,,,,,,,,300000000,,RAW,RAW,,,0.67831,0.0207385782737401,base,0.1,constant,0,0.0,0.0,1,RAW_seed2_S_base
RAW,0.5,16,2,0.003,2096512,58800742,212453,2549436,3.4117158056718577,,12747.131591796877,152965.5791015625,214256.27288695995,0.00015,4.754781723022461,134.1043598651886,51a86202db31,1cceca9ebba1,3.6003392722633447,13.23746288397312,0.0602439127712952,1,S,2045568,2975280,0.0747790242619959,0.0514121625869035,,,,,,,,300000000,,RAW,RAW,,,0.7216,0.0187603028969606,base,0.1,constant,0,0.0,0.0,1,RAW_seed2_S_base
RAW,0.5,16,2,0.003,4735360,132815534,323533,3882396,3.07634916363386,,14200.012451171877,170400.1494140625,216390.21916983943,0.0003,4.740394115447998,299.66910314559937,51a86202db31,1cceca9ebba1,3.24446338560287,12.512327802705764,0.0441346014162388,1,S,2045568,2975280,0.0833021192226621,0.0572719708444457,,,,,,,,300000000,,RAW,RAW,,,0.742765,0.0080688925616559,base,0.1,constant,0,0.035,0.934,1,RAW_seed2_S_base
RAW,0.5,16,2,0.003,10696192,300002541,488195,5858340,2.7884060899494054,,17159.811767578125,205917.7412109375,248567.82708360843,0.00025,4.704420566558838,669.0581612586975,51a86202db31,1cceca9ebba1,2.951740735285214,12.332898533582688,0.0353936439332643,1,S,2045568,2975280,0.1006653121338119,0.0692095336274023,,,,,,,,300000000,,RAW,RAW,,,0.76774,0.0059823574232868,base,0.1,constant,0,0.0,0.001,1,RAW_seed2_S_base
RAW,0.5,16,3,0.003,35712,1001638,16497,197964,11.937147257881165,,0.972412109375,11.6689453125,1544.0513881145007,0.00015,5.06028938293457,3.0192248821258545,51a86202db31,46dad8e8823c,11.9735442729187,12.48407415342331,0.0003030854094683,1,S,2045568,2975280,5.704501298661301e-06,3.921965432665161e-06,,,,,,,,300000000,,RAW,RAW,,,0.000775,11.368042130470275,base,0.1,constant,0,0.0005,0.0,1,RAW_seed3_S_base
RAW,0.5,16,3,0.003,80640,2261581,28569,342828,11.8086096803236,,2.025146484375,24.3017578125,2202.478390574312,0.0001,5.083393573760986,6.4982569217681885,51a86202db31,46dad8e8823c,11.874128964719771,12.576685805749891,0.000315026777276,1,S,2045568,2975280,1.1880200419883377e-05,8.167889345708639e-06,,,,,,,,300000000,,RAW,RAW,,,0.00111,11.035438210487364,base,0.1,constant,0,0.0005,0.0005,1,RAW_seed3_S_base
RAW,0.5,16,3,0.003,182016,5104936,48307,579684,10.951327292314769,,59.206298828125,710.4755859375,7755.214549017404,0.0002,5.055920600891113,13.555706977844238,51a86202db31,46dad8e8823c,11.044801568806172,12.799386849761008,0.0014697662864595,1,S,2045568,2975280,0.0003473243548674,0.0002387928483831,,,,,,,,300000000,,RAW,RAW,,,0.023435,8.887482919931411,base,0.1,constant,0,0.0005,0.0,1,RAW_seed3_S_base
RAW,0.5,16,3,0.003,410880,11524772,80770,969240,5.328866601942603,,4470.28076171875,53643.369140625,89513.71067713459,0.00015,4.868508815765381,28.81471610069275,51a86202db31,46dad8e8823c,5.4009322743223285,13.820822836327553,0.0555899467624117,1,S,2045568,2975280,0.0262241925668689,0.018029687673303,,,,,,,,300000000,,RAW,RAW,,,0.55545,0.1969265680657699,base,0.1,constant,0,0.0,0.0005,1,RAW_seed3_S_base
RAW,0.5,16,3,0.003,928128,26033446,132707,1592484,4.085674026697774,,8604.600830078125,103255.2099609375,159794.79420430318,0.00025,4.78109884262085,62.14746904373169,51a86202db31,46dad8e8823c,4.177906781028008,13.727970359879732,0.0650832284657177,1,S,2045568,2975280,0.0504775250497355,0.0347043673069215,,,,,,,,300000000,,RAW,RAW,,,0.654805,0.0743058489020913,base,0.1,constant,0,0.0,0.0,1,RAW_seed3_S_base
RAW,0.5,16,3,0.003,2096512,58801633,213041,2556492,3.608387631624241,,11380.988037109377,136571.8564453125,204299.5860824266,0.00025,4.77327299118042,136.35645127296448,51a86202db31,46dad8e8823c,3.787197953770797,13.638104171955586,0.0536657263155918,1,S,2045568,2975280,0.0667647599323574,0.0459021861624158,,,,,,,,300000000,,RAW,RAW,,,0.697445,0.0385332653929945,base,0.1,constant,0,0.0,0.0,1,RAW_seed3_S_base
RAW,0.5,16,3,0.003,4735488,132816446,324142,3889704,3.1666290880751142,,14842.86376953125,178114.365234375,236280.4643680861,0.00025,4.689718723297119,303.0797281265259,51a86202db31,46dad8e8823c,3.340995146851633,12.974542798876762,0.0460353795558736,1,S,2045568,2975280,0.0870733044486299,0.059864740540176,,,,,,,,300000000,,RAW,RAW,,,0.73935,0.0181709908012999,base,0.1,constant,0,0.04,0.923,1,RAW_seed3_S_base
RAW,0.5,16,3,0.003,10696320,300000624,488867,5866404,2.815320022829667,,18135.647705078125,217627.7724609375,264343.36061802984,0.00025,4.707564353942871,674.1119635105133,51a86202db31,46dad8e8823c,2.976528587565521,12.57627548582554,0.037341444605588,1,S,2045568,2975280,0.1063898987767395,0.0731453081595471,,,,,,,,300000000,,RAW,RAW,,,0.771095,0.0096060205771354,base,0.1,constant,0,0.001,0.0,1,RAW_seed3_S_base
RAW,0.5,16,4,0.003,35712,1001748,16408,196896,11.957790124349597,,-0.005859375,-0.0703125,1712.267817512894,0.0002,5.104211330413818,3.00935959815979,51a86202db31,0dadbf1cbcee,11.993129674453735,12.62566594004631,0.000243783520234,1,S,2045568,2975280,-3.437309343908391e-08,-2.363222957167057e-08,,,,,,,,300000000,,RAW,RAW,,,0.000665,11.249832054138183,base,0.1,constant,0,0.0,0.0015,1,RAW_seed4_S_base
RAW,0.5,16,4,0.003,80640,2261482,28466,341592,11.801269326267242,,2.05029296875,24.603515625,1905.208486212825,0.00025,5.124598979949951,6.469068765640259,51a86202db31,0dadbf1cbcee,11.873573322091104,12.515057760095596,0.0003161666549567,1,S,2045568,2975280,1.2027718279226111e-05,8.269310997620392e-06,,,,,,,,300000000,,RAW,RAW,,,0.00108,11.084881475448608,base,0.1,constant,0,0.0005,0.0,1,RAW_seed4_S_base
RAW,0.5,16,4,0.003,182016,5104508,48203,578436,11.74440369447708,,4.231689453125,50.7802734375,1983.2237369992251,0.00025,5.05232048034668,13.490002155303957,51a86202db31,0dadbf1cbcee,11.843027848410609,12.465707281780244,0.0003319295479534,1,S,2045568,2975280,2.482453452415173e-05,1.7067393131906912e-05,,,,,,,,300000000,,RAW,RAW,,,0.00157,11.047945306777954,base,0.1,constant,0,0.0,0.0005,1,RAW_seed4_S_base
RAW,0.5,16,4,0.003,411008,11526770,80664,967968,6.510051946272981,,2643.306640625,31719.6796875,52305.77623063639,0.00025,4.863473415374756,28.64629316329956,51a86202db31,0dadbf1cbcee,6.585979758920269,13.559507540631294,0.0330134880491917,1,S,2045568,2975280,0.0155065388623111,0.0106610738107001,,,,,,,,300000000,,RAW,RAW,,,0.46427,0.4071835835408419,base,0.1,constant,0,0.0,0.0005,1,RAW_seed4_S_base
RAW,0.5,16,4,0.003,928256,26033375,132421,1589052,3.870340636677492,,9873.670654296877,118484.0478515625,165790.84242576626,0.00015,4.7423095703125,62.16382336616516,51a86202db31,0dadbf1cbcee,3.952586391536873,13.48960650086403,0.0748068659804713,1,S,2045568,2975280,0.0579223217470954,0.039822822676038,,,,,,,,300000000,,RAW,RAW,,,0.68755,0.0236267804064555,base,0.1,constant,0,0.0,0.0,1,RAW_seed4_S_base
RAW,0.5,16,4,0.003,2096640,58802527,212395,2548740,3.428775373769738,,12833.145751953123,153997.7490234375,210268.24184455967,5e-05,4.728657245635986,135.91300654411316,51a86202db31,0dadbf1cbcee,3.5932610694461795,13.373767455005646,0.0606652698980672,1,S,2045568,2975280,0.0752836126804083,0.0517590778089583,,,,,,,,300000000,,RAW,RAW,,,0.72334,0.0140462495897663,base,0.1,constant,0,0.0005,0.0005,1,RAW_seed4_S_base
RAW,0.5,16,4,0.003,4735616,132815513,323568,3882816,3.059207747933791,,14452.00390625,173424.046875,217560.43017171585,0.00025,4.803570747375488,301.99638056755066,51a86202db31,0dadbf1cbcee,3.231214660081605,12.478302640259264,0.0449086436235968,1,S,2045568,2975280,0.0847803870978623,0.058288311310196,,,,,,,,300000000,,RAW,RAW,,,0.744105,0.0072847789924708,base,0.1,constant,0,0.043,0.92,1,RAW_seed4_S_base
RAW,0.5,16,4,0.003,10696576,300003304,488499,5861988,2.763002374605524,,17590.737548828125,211088.8505859375,249686.3958889025,0.00025,4.729654312133789,676.5319302082062,51a86202db31,0dadbf1cbcee,2.9276587967695,12.325051117897036,0.0362539124952149,1,S,2045568,2975280,0.1031932698330915,0.0709475580738409,,,,,,,,300000000,,RAW,RAW,,,0.771265,0.0058177533377893,base,0.1,constant,0,0.0,0.001,1,RAW_seed4_S_base
RAW,0.5,16,5,0.003,35712,1001639,16426,197112,11.886011361079216,,2.98974609375,35.876953125,1759.4749060030945,0.0001,5.0784173011779785,3.032156467437744,51a86202db31,a932a2d8e3a5,11.937628686418533,12.49830586977005,0.0004261536588335,1,S,2045568,2975280,1.7538870927292565e-05,1.2058345138944904e-05,,,,,,,,300000000,,RAW,RAW,,,0.00066,11.21604938030243,base,0.1,constant,0,0.0,0.0005,1,RAW_seed5_S_base
RAW,0.5,16,5,0.003,80640,2261912,28383,340596,11.787665104703905,,5.070556640625,60.8466796875,1776.7659369670864,5e-05,5.06227445602417,6.4789135456085205,51a86202db31,a932a2d8e3a5,11.862350552639962,12.42795278725624,0.0004227882887644,1,S,2045568,2975280,2.974561573484724e-05,2.0450740665584416e-05,,,,,,,,300000000,,RAW,RAW,,,0.001135,11.150142168045043,base,0.1,constant,0,0.0005,0.0,1,RAW_seed5_S_base
RAW,0.5,16,5,0.003,182016,5104940,48309,579708,11.697700924272535,,2.205810546875,26.4697265625,2207.6204884500985,0.0002,5.046759128570557,13.485687255859377,51a86202db31,a932a2d8e3a5,11.789565430569647,12.488391277980805,0.0002898010722639,1,S,2045568,2975280,1.2940037467588465e-05,8.896549757501815e-06,,,,,,,,300000000,,RAW,RAW,,,0.00173,10.901122594833376,base,0.1,constant,0,0.0,0.0005,1,RAW_seed5_S_base
RAW,0.5,16,5,0.003,411008,11527225,80933,971196,5.685321193039548,,3719.240966796875,44630.8916015625,74242.3543624562,0.00015,4.877756595611572,28.721413373947144,51a86202db31,a932a2d8e3a5,5.763916398992448,13.7342841578722,0.0461987075729306,1,S,2045568,2975280,0.021818336814793,0.0150005685520564,,,,,,,,300000000,,RAW,RAW,,,0.526665,0.2122703191591426,base,0.1,constant,0,0.0,0.0,1,RAW_seed5_S_base
RAW,0.5,16,5,0.003,928256,26033459,132559,1590708,4.096311117576408,,8366.636962890625,100399.6435546875,152726.16176702696,0.00025,4.768178939819336,61.886798620224,51a86202db31,a932a2d8e3a5,4.1953949776614925,13.668587781596184,0.0633604659057476,1,S,2045568,2975280,0.0490815477924407,0.033744603383442,,,,,,,,300000000,,RAW,RAW,,,0.659655,0.0471005996072199,base,0.1,constant,0,0.0005,0.0,1,RAW_seed5_S_base
RAW,0.5,16,5,0.003,2096512,58799778,212931,2555172,3.533309371323037,,11658.014892578123,139896.1787109375,201799.5838666499,0.00025,4.743219375610352,137.41021466255188,51a86202db31,a932a2d8e3a5,3.719940962273901,13.487116922432184,0.0549943408897718,1,S,2045568,2975280,0.0683898940103372,0.0470195002523922,,,,,,,,300000000,,RAW,RAW,,,0.70888,0.0238413412191439,base,0.1,constant,0,0.0005,0.0,1,RAW_seed5_S_base
RAW,0.5,16,5,0.003,4735616,132818051,324013,3888156,3.108896804595538,,14480.895263671877,173770.7431640625,223071.62892236616,0.00025,4.757158279418945,303.4648268222809,51a86202db31,a932a2d8e3a5,3.2820136689077,12.697419418263436,0.0449364685984821,1,S,2045568,2975280,0.0849498736605492,0.0584048369108327,,,,,,,,300000000,,RAW,RAW,,,0.743435,0.0100683892507804,base,0.1,constant,0,0.0495,0.9235,1,RAW_seed5_S_base
RAW,0.5,16,5,0.003,10696448,300001065,489052,5868624,2.7754009450931645,,17426.6025390625,209119.23046875,252722.25568461043,0.00015,4.689344882965088,677.3519239425659,51a86202db31,a932a2d8e3a5,2.940125121706715,12.353625958204267,0.0358775753907559,1,S,2045568,2975280,0.1022303978497659,0.0702855631969932,,,,,,,,300000000,,RAW,RAW,,,0.77,0.0053422867726185,base,0.1,constant,0,0.0,0.0005,1,RAW_seed5_S_base
FLAT,0.5,16,1,0.003,35712,1002054,16521,198252,11.990416564011571,,3.966552734375,47.5986328125,1406.436302830124,0.00015,,2.955300807952881,51a86202db31,1b85708a6743,12.033490372457504,12.488807594823838,0.0004842321893347,0,S,2045568,2975280,2.326915204603318e-05,1.599803474378882e-05,,,,,,,,300000000,,FLAT,300,1.2418569654e-05,11005.0,0.000705,11.487080962181093,cosine,0.1,cosine,1,0.0005,,1,FLAT_seed1_S_cosine
FLAT,0.5,16,1,0.003,80640,2262035,28614,343368,11.808442428636551,,3.01416015625,36.169921875,1651.435569152165,0.00015,5.109543323516846,6.149056434631348,51a86202db31,1b85708a6743,11.88213413508892,12.327820559597017,0.0003494792758789,0,S,2045568,2975280,1.7682092149955416e-05,1.21568127621602e-05,,,,,,,,300000000,,FLAT,300,1.2418569654e-05,11005.0,0.00122,11.2723900308609,cosine,0.1,cosine,1,0.0,,1,FLAT_seed1_S_cosine
FLAT,0.5,16,1,0.003,182016,5105143,48475,581700,11.52398492055416,,15.165283203125,181.9833984375,4188.539618250727,0.00015,5.107103824615479,12.610164165496826,51a86202db31,1b85708a6743,11.631107598278522,12.825291966795922,0.0005569881382155,0,S,2045568,2975280,8.89647268814823e-05,6.116513351264419e-05,,,,,,,,300000000,,FLAT,300,1.2418569654e-05,11005.0,0.00428,10.166058118343352,cosine,0.1,cosine,1,0.001,,1,FLAT_seed1_S_cosine
FLAT,0.5,16,1,0.003,410880,11524536,80829,969948,6.060484870213422,,3397.266357421875,40767.1962890625,72101.17533573842,0.0001,4.98820948600769,26.68160891532898,51a86202db31,1b85708a6743,6.159096331089667,13.958369028675556,0.0422744312066213,0,S,2045568,2975280,0.0199295238726175,0.0137019696596832,,,,,,,,300000000,,FLAT,300,1.2418569654e-05,11005.0,0.490255,0.6037938494915143,cosine,0.1,cosine,1,0.0,,1,FLAT_seed1_S_cosine
FLAT,0.5,16,1,0.003,928128,26032025,132442,1589304,4.655782659794818,,7096.66552734375,85159.986328125,133241.90932184397,0.00015,4.824419260025024,57.19906997680664,51a86202db31,1b85708a6743,4.748523145425555,14.074134972131253,0.053827335739418,0,S,2045568,2975280,0.0416314619353279,0.0286225116050002,,,,,,,,300000000,,FLAT,300,1.2418569654e-05,11005.0,0.6122,0.1998412703083013,cosine,0.1,cosine,1,0.0,,1,FLAT_seed1_S_cosine
FLAT,0.5,16,1,0.003,2096512,58801209,292261,3507132,5.935424266000297,,12102.647216796877,145231.7666015625,240375.57897295465,0.0002,4.9859970808029175,125.74001622200012,51a86202db31,1b85708a6743,6.083431936916127,13.938206648129224,0.0416545485028792,0,S,2045568,2975280,0.0709982589684442,0.0488128063918563,,,,,,,,300000000,,FLAT,300,1.2418569654e-05,11005.0,0.448485,4.214341217863374,cosine,0.1,cosine,1,0.001,,1,FLAT_seed1_S_cosine
FLAT,0.5,16,1,0.003,4735616,132815933,473630,5683560,5.072994686220187,,17494.36767578125,209932.412109375,310470.11881035246,0.00015,4.986704230308533,278.2204840183258,51a86202db31,1b85708a6743,5.191013650786803,14.189635640260578,0.0371809218166079,0,S,2045568,2975280,0.1026279312686622,0.0705588758400469,,,,,,,,300000000,,FLAT,300,1.2418569654e-05,11005.0,0.543375,3.41417230444774,cosine,0.1,cosine,1,0.005,,1,FLAT_seed1_S_cosine
FLAT,0.5,16,1,0.003,10696320,300001987,690106,8281272,2.2993464242692245,,42558.51708984375,510702.205078125,657803.3421966464,0.00015,4.857975006103516,618.7877550125122,51a86202db31,1b85708a6743,2.4537267360323227,13.571090633177755,0.0619136770293259,0,S,2045568,2975280,0.2496627856312403,0.1716484516005636,,,,,,,,300000000,,FLAT,300,1.2418569654e-05,11005.0,0.830845,0.7807189212534577,cosine,0.1,cosine,0,0.0,,1,FLAT_seed1_S_cosine
FLAT,0.5,16,2,0.003,35712,1002175,16504,198048,12.009111518678663,,2.970703125,35.6484375,1168.737212362671,0.00015,,2.958268642425537,51a86202db31,5216d7556992,12.05010882850647,12.372910150003433,0.0004241396025206,0,S,2045568,2975280,1.7427158373615543e-05,1.1981540392836976e-05,,,,,,,,300000000,,FLAT,300,1.2418569654e-05,11005.0,0.000685,11.607519882202148,cosine,0.1,cosine,1,0.0005,,1,FLAT_seed2_S_cosine
FLAT,0.5,16,2,0.003,80640,2261705,28300,339600,11.827530910344125,,-1.9091796875,-22.91015625,1738.8579344701766,0.00015,5.130992412567139,6.147202968597412,51a86202db31,5216d7556992,11.908842238807678,12.429798111438751,0.0001766784452296,0,S,2045568,2975280,-1.1199899612234842e-05,-7.700168135435993e-06,,,,,,,,300000000,,FLAT,300,1.2418569654e-05,11005.0,0.000965,11.234043380737305,cosine,0.1,cosine,1,0.0005,,1,FLAT_seed2_S_cosine
FLAT,0.5,16,2,0.003,182016,5104542,48143,577716,11.77616560304165,,7.246337890625,86.9560546875,2132.5496578690527,0.0004,5.1057233810424805,12.58949613571167,51a86202db31,5216d7556992,11.876649996380806,12.551602598571778,0.0003946575826184,0,S,2045568,2975280,4.25094910985604e-05,2.922617524653142e-05,,,,,,,,300000000,,FLAT,300,1.2418569654e-05,11005.0,0.0012,11.0154333820343,cosine,0.1,cosine,1,0.0005,,1,FLAT_seed2_S_cosine
FLAT,0.5,16,2,0.003,411008,11527477,80709,968508,8.305546230263822,,1221.295654296875,14655.5478515625,30270.506138831788,0.00025,5.065838932991028,26.348109245300293,51a86202db31,5216d7556992,8.426172698897478,13.553044831192494,0.0153762281777744,0,S,2045568,2975280,0.0071645371122165,0.0049257709699801,,,,,,,,300000000,,FLAT,300,1.2418569654e-05,11005.0,0.30166,2.747744150925428,cosine,0.1,cosine,1,0.0,,1,FLAT_seed2_S_cosine
FLAT,0.5,16,2,0.003,928256,26034033,132534,1590408,4.821175191654027,,6473.64306640625,77683.716796875,121170.04853170556,0.00015,4.854219198226929,56.66994214057922,51a86202db31,5216d7556992,4.9419308544597325,13.97616590782404,0.0490892902953204,0,S,2045568,2975280,0.0379765995541947,0.0261097163281691,,,,,,,,300000000,,FLAT,300,1.2418569654e-05,11005.0,0.60277,0.2348934605887625,cosine,0.1,cosine,1,0.0,,1,FLAT_seed2_S_cosine
FLAT,0.5,16,2,0.003,2096512,58800742,291790,3501480,6.093404371161032,,11081.76220703125,132981.146484375,232398.60971580129,0.0001,5.004646062850952,124.80204892158508,51a86202db31,5216d7556992,6.33485742916436,13.955384886586666,0.0382226944035093,0,S,2045568,2975280,0.0650093990932469,0.0446953384166784,,,,,,,,300000000,,FLAT,300,1.2418569654e-05,11005.0,0.42112,4.448834639993031,cosine,0.1,cosine,1,0.0005,,1,FLAT_seed2_S_cosine
FLAT,0.5,16,2,0.003,4735360,132815534,472959,5675508,5.065616332816959,,16571.531494140625,198858.3779296875,308219.09555875114,0.00015,4.971480846405029,277.1182508468628,51a86202db31,5216d7556992,5.281059593110038,14.111940397703648,0.0352821280491543,0,S,2045568,2975280,0.0972142592813768,0.0668368617171114,,,,,,,,300000000,,FLAT,300,1.2418569654e-05,11005.0,0.53762,3.2837767176139168,cosine,0.1,cosine,1,0.004,,1,FLAT_seed2_S_cosine
FLAT,0.5,16,2,0.003,10696192,300002541,689389,8272668,2.362127522043361,,41330.69213867188,495968.3056640625,645044.8459749817,0.0001,4.834171891212463,618.4483497142792,51a86202db31,5216d7556992,2.5041009677706043,13.604488390612602,0.0601967829483789,0,S,2045568,2975280,0.2424599454352348,0.1666963464494308,,,,,,,,300000000,,FLAT,300,1.2418569654e-05,11005.0,0.830245,0.7922821388789453,cosine,0.1,cosine,0,0.0,,1,FLAT_seed2_S_cosine
RAW,0.5,16,1,0.003,35712,1002054,16521,198252,11.990416564011571,,3.966552734375,47.5986328125,1406.436302830124,0.00015,,2.9544098377227783,51a86202db31,0ad48d6de649,12.033490372457504,12.488807594823838,0.0004842321893347,0,S,2045568,2975280,2.326915204603318e-05,1.599803474378882e-05,,,,,,,,300000000,,RAW,RAW,,,0.000705,11.487080962181093,cosine,0.1,cosine,1,0.0005,,1,RAW_seed1_S_cosine
RAW,0.5,16,1,0.003,80640,2262035,28614,343368,11.808442428636551,,3.01416015625,36.169921875,1651.435569152165,0.00015,5.109543323516846,6.165542125701904,51a86202db31,0ad48d6de649,11.88213413508892,12.327820559597017,0.0003494792758789,0,S,2045568,2975280,1.7682092149955416e-05,1.21568127621602e-05,,,,,,,,300000000,,RAW,RAW,,,0.00122,11.2723900308609,cosine,0.1,cosine,1,0.0,,1,RAW_seed1_S_cosine
RAW,0.5,16,1,0.003,182016,5105143,48475,581700,11.52398492055416,,15.165283203125,181.9833984375,4188.539618250727,0.00015,5.107103824615479,12.661082983016968,51a86202db31,0ad48d6de649,11.631107598278522,12.825291966795922,0.0005569881382155,0,S,2045568,2975280,8.89647268814823e-05,6.116513351264419e-05,,,,,,,,300000000,,RAW,RAW,,,0.00428,10.166058118343352,cosine,0.1,cosine,1,0.001,,1,RAW_seed1_S_cosine
RAW,0.5,16,1,0.003,410880,11524536,80829,969948,6.060484870213422,,3397.266357421875,40767.1962890625,72101.17533573842,0.0001,4.98820948600769,26.38090443611145,51a86202db31,0ad48d6de649,6.159096331089667,13.958369028675556,0.0422744312066213,0,S,2045568,2975280,0.0199295238726175,0.0137019696596832,,,,,,,,300000000,,RAW,RAW,,,0.490255,0.6037938494915143,cosine,0.1,cosine,1,0.0,,1,RAW_seed1_S_cosine
RAW,0.5,16,1,0.003,928128,26032025,132442,1589304,4.655782659794818,,7096.66552734375,85159.986328125,133241.90932184397,0.00015,4.824419260025024,56.883750915527344,51a86202db31,0ad48d6de649,4.748523145425555,14.074134972131253,0.053827335739418,0,S,2045568,2975280,0.0416314619353279,0.0286225116050002,,,,,,,,300000000,,RAW,RAW,,,0.6122,0.1998412703083013,cosine,0.1,cosine,1,0.0,,1,RAW_seed1_S_cosine
RAW,0.5,16,1,0.003,2096512,58801209,212985,2555820,4.305742285808174,,8771.001708984375,105252.0205078125,158539.69470708125,0.00025,4.800950050354004,124.99860334396362,51a86202db31,0ad48d6de649,4.432504046601953,14.02844775221944,0.0414254524966546,0,S,2045568,2975280,0.0514536893947365,0.0353755009638798,,,,,,,,300000000,,RAW,RAW,,,0.642315,0.1287654609124947,cosine,0.1,cosine,1,0.001,,1,RAW_seed1_S_cosine
RAW,0.5,16,1,0.003,4735616,132815933,324075,3888900,3.902379770423408,,10833.880126953123,130006.5615234375,179585.86197142035,0.0004,4.8175612688064575,283.34771704673767,51a86202db31,0ad48d6de649,4.097758848577825,13.453744985711577,0.0336743037877034,0,S,2045568,2975280,0.0635552382142453,0.0436955720212677,,,,,,,,300000000,,RAW,RAW,,,0.669845,0.1002319315839922,cosine,0.1,cosine,1,0.0045,,1,RAW_seed1_S_cosine
RAW,0.5,16,1,0.003,10696320,300001987,488690,5864280,2.6494116122245464,,22182.69091796875,266192.291015625,312869.60328898963,0.00015,4.737004399299622,656.2935500144958,51a86202db31,0ad48d6de649,2.803471755628564,12.524144672465324,0.0456362929464486,0,S,2045568,2975280,0.1301312354395576,0.0894679798256382,,,,,,,,300000000,,RAW,RAW,,,0.786965,0.0257268272777437,cosine,0.1,cosine,0,0.0,,1,RAW_seed1_S_cosine
RAW,0.5,16,2,0.003,35712,1002175,16504,198048,12.009111518678663,,2.970703125,35.6484375,1168.737212362671,0.00015,,3.275485038757324,51a86202db31,ea2f1049e7ad,12.05010882850647,12.372910150003433,0.0004241396025206,0,S,2045568,2975280,1.7427158373615543e-05,1.1981540392836976e-05,,,,,,,,300000000,,RAW,RAW,,,0.000685,11.607519882202148,cosine,0.1,cosine,1,0.0005,,1,RAW_seed2_S_cosine
RAW,0.5,16,2,0.003,80640,2261705,28300,339600,11.827530910344125,,-1.9091796875,-22.91015625,1738.8579344701766,0.00015,5.130992412567139,6.847623586654663,51a86202db31,ea2f1049e7ad,11.908842238807678,12.429798111438751,0.0001766784452296,0,S,2045568,2975280,-1.1199899612234842e-05,-7.700168135435993e-06,,,,,,,,300000000,,RAW,RAW,,,0.000965,11.234043380737305,cosine,0.1,cosine,1,0.0005,,1,RAW_seed2_S_cosine
RAW,0.5,16,2,0.003,182016,5104542,48143,577716,11.77616560304165,,7.246337890625,86.9560546875,2132.5496578690527,0.0004,5.1057233810424805,14.143157720565796,51a86202db31,ea2f1049e7ad,11.876649996380806,12.551602598571778,0.0003946575826184,0,S,2045568,2975280,4.25094910985604e-05,2.922617524653142e-05,,,,,,,,300000000,,RAW,RAW,,,0.0012,11.0154333820343,cosine,0.1,cosine,1,0.0005,,1,RAW_seed2_S_cosine
RAW,0.5,16,2,0.003,411008,11527477,80709,968508,8.305546230263822,,1221.295654296875,14655.5478515625,30270.506138831788,0.00025,5.065838932991028,28.95579671859741,51a86202db31,ea2f1049e7ad,8.426172698897478,13.553044831192494,0.0153762281777744,0,S,2045568,2975280,0.0071645371122165,0.0049257709699801,,,,,,,,300000000,,RAW,RAW,,,0.30166,2.747744150925428,cosine,0.1,cosine,1,0.0,,1,RAW_seed2_S_cosine
RAW,0.5,16,2,0.003,928256,26034033,132534,1590408,4.821175191654027,,6473.64306640625,77683.716796875,121170.04853170556,0.00015,4.854219198226929,61.39140224456787,51a86202db31,ea2f1049e7ad,4.9419308544597325,13.97616590782404,0.0490892902953204,0,S,2045568,2975280,0.0379765995541947,0.0261097163281691,,,,,,,,300000000,,RAW,RAW,,,0.60277,0.2348934605887625,cosine,0.1,cosine,1,0.0,,1,RAW_seed2_S_cosine
RAW,0.5,16,2,0.003,2096512,58800742,212453,2549436,4.460279311240871,,8245.131591796875,98941.5791015625,151987.93696030133,0.00015,4.805392026901245,133.3228178024292,51a86202db31,ea2f1049e7ad,4.667300320697759,13.9937784850955,0.0390533435630468,0,S,2045568,2975280,0.0483687558182189,0.0332545438081667,,,,,,,,300000000,,RAW,RAW,,,0.62543,0.1946305242291127,cosine,0.1,cosine,1,0.0,,1,RAW_seed2_S_cosine
RAW,0.5,16,2,0.003,4735360,132815534,323533,3882396,3.883765053604891,,10762.012451171877,129144.1494140625,175027.04816379753,0.0001,4.802250623703003,294.4671456813812,51a86202db31,ea2f1049e7ad,4.078818703727951,13.42447146422863,0.0335081738184358,0,S,2045568,2975280,0.0631336379010927,0.0434057128788088,,,,,,,,300000000,,RAW,RAW,,,0.672145,0.0874920113259422,cosine,0.1,cosine,1,0.005,,1,RAW_seed2_S_cosine
RAW,0.5,16,2,0.003,10696192,300002541,488195,5858340,2.647120947904713,,22102.811767578125,265233.7412109375,307075.6256872845,0.00015,4.7069233655929565,657.2100591659546,51a86202db31,ea2f1049e7ad,2.8001469167133606,12.368387343168258,0.045518696422536,0,S,2045568,2975280,0.1296626370821881,0.0891458085326213,,,,,,,,300000000,,RAW,RAW,,,0.786725,0.0227574783411546,cosine,0.1,cosine,0,0.0,,1,RAW_seed2_S_cosine
FLAT,0.5,16,1,0.003,35712,1002054,16521,198252,11.92495546544552,,2.966552734375,35.5986328125,1749.1625182530406,0.00015,5.0935163497924805,3.00740909576416,51a86202db31,7869fedb6b74,11.965754191942215,12.56316824274063,0.0004237031656679,1,S,2045568,2975280,1.740281076576286e-05,1.1964800896890377e-05,,,,,,,,300000000,,FLAT,300,1.2418569654e-05,11005.0,0.000685,11.280409296035767,wd0,0.0,constant,0,0.0005,0.0,1,FLAT_seed1_S_wd0
FLAT,0.5,16,1,0.003,80640,2262035,28614,343368,11.789080241160391,,5.01416015625,60.169921875,1909.8679209722516,0.0002,5.073166847229004,6.484934568405151,51a86202db31,7869fedb6b74,11.864554177803994,12.471859891986847,0.0004193751310547,1,S,2045568,2975280,2.9414774710496055e-05,2.0223280455957085e-05,,,,,,,,300000000,,FLAT,300,1.2418569654e-05,11005.0,0.00106,11.102956546783448,wd0,0.0,constant,0,0.0,0.0,1,FLAT_seed1_S_wd0
FLAT,0.5,16,1,0.003,182016,5105143,48475,581700,11.747040412650108,,4.165283203125,49.9833984375,2048.91447333336,0.0004,5.067850589752197,13.43252444267273,51a86202db31,7869fedb6b74,11.840774069008829,12.489083937692644,0.0003300670448684,1,S,2045568,2975280,2.4434972798508777e-05,1.6799561196761313e-05,,,,,,,,300000000,,FLAT,300,1.2418569654e-05,11005.0,0.00139,11.029065298080443,wd0,0.0,constant,0,0.0,0.0005,1,FLAT_seed1_S_wd0
FLAT,0.5,16,1,0.003,410880,11524536,80829,969948,6.128531200660402,,3150.266357421875,37803.1962890625,61774.68854320473,0.0002,4.943024158477783,28.495404958724976,51a86202db31,7869fedb6b74,6.215851000054907,13.7414505692482,0.0392185972856276,1,S,2045568,2975280,0.0184805375763907,0.0127057608994993,,,,,,,,300000000,,FLAT,300,1.2418569654e-05,11005.0,0.49832,0.3666125034159049,wd0,0.0,constant,0,0.0,0.0,1,FLAT_seed1_S_wd0
FLAT,0.5,16,1,0.003,928128,26032025,132442,1589304,3.989127498630012,,8826.66552734375,105919.986328125,153049.66395016765,0.0002,4.758838176727295,61.64147186279297,51a86202db31,7869fedb6b74,4.115056739436907,13.61292756767869,0.0668896573594479,1,S,2045568,2975280,0.0517802323501956,0.0356000061601345,,,,,,,,300000000,,FLAT,300,1.2418569654e-05,11005.0,0.67493,0.0300469400519505,wd0,0.0,constant,0,0.0,0.0,1,FLAT_seed1_S_wd0
FLAT,0.5,16,1,0.003,2096512,58801209,292261,3507132,3.314618941805391,,22231.647216796875,266779.7666015625,356311.45549079287,0.0002,4.902845859527588,136.0890667438507,51a86202db31,7869fedb6b74,3.436762822031551,13.74601444694996,0.0763119266682862,1,S,2045568,2975280,0.1304184297963023,0.0896654320270907,,,,,,,,300000000,,FLAT,300,1.2418569654e-05,11005.0,0.767805,1.266688192974776,wd0,0.0,constant,0,0.001,0.001,1,FLAT_seed1_S_wd0
FLAT,0.5,16,1,0.003,4735616,132815933,473630,5683560,2.660284128946024,,28267.36767578125,339208.412109375,433356.992397744,0.0003,4.84629487991333,302.304658651352,51a86202db31,7869fedb6b74,2.821985928124115,13.529935188674926,0.0599265249245191,1,S,2045568,2975280,0.1658260258810144,0.1140089040726839,,,,,,,,300000000,,FLAT,300,1.2418569654e-05,11005.0,0.81893,0.7715242397375405,wd0,0.0,constant,0,0.227,0.956,1,FLAT_seed1_S_wd0
FLAT,0.5,16,1,0.003,10696320,300001987,690106,8281272,2.1164680581278725,,34639.51708984375,415674.205078125,510317.9721987151,0.00015,4.853512287139893,675.1368250846863,51a86202db31,7869fedb6b74,2.271893163876771,13.143011318922042,0.0504386282687007,1,S,2045568,2975280,0.2032072290327796,0.1397092727669748,,,,,,,,300000000,,FLAT,300,1.2418569654e-05,11005.0,0.84709,0.3556686785370112,wd0,0.0,constant,0,0.0025,0.0035,1,FLAT_seed1_S_wd0
FLAT,0.5,16,2,0.003,35712,1002175,16504,198048,11.90847932243824,,0.970703125,11.6484375,1840.9365226100929,0.00025,5.06170654296875,3.2692646980285645,51a86202db31,77701ba5a677,11.93687052889347,12.58081089372635,0.0003029568589432,1,S,2045568,2975280,5.694475813074901e-06,3.91507269904009e-06,,,,,,,,300000000,,FLAT,300,1.2418569654e-05,11005.0,0.000685,11.228673286437989,wd0,0.0,constant,0,0.0005,0.0,1,FLAT_seed2_S_wd0
FLAT,0.5,16,2,0.003,80640,2261705,28300,339600,11.788764495797157,,2.0908203125,25.08984375,1941.17894443512,0.0002,5.067864418029785,7.236992359161377,51a86202db31,77701ba5a677,11.863654475317002,12.45453087296486,0.0003180212014134,1,S,2045568,2975280,1.2265465508846445e-05,8.43276725215778e-06,,,,,,,,300000000,,FLAT,300,1.2418569654e-05,11005.0,0.000985,11.140547713279725,wd0,0.0,constant,0,0.0,0.0,1,FLAT_seed2_S_wd0
FLAT,0.5,16,2,0.003,182016,5104542,48143,577716,11.7485170714283,,7.246337890625,86.9560546875,2048.349203447484,0.00025,5.061272621154785,15.439383506774902,51a86202db31,77701ba5a677,11.838304823293686,12.439239684677124,0.0003946575826184,1,S,2045568,2975280,4.25094910985604e-05,2.922617524653142e-05,,,,,,,,300000000,,FLAT,300,1.2418569654e-05,11005.0,0.001465,11.075166584014893,wd0,0.0,constant,0,0.0,0.0005,1,FLAT_seed2_S_wd0
FLAT,0.5,16,2,0.003,411008,11527477,80709,968508,6.381563851218102,,2758.295654296875,33099.5478515625,55897.47101966135,0.0002,4.921750068664551,32.11741304397583,51a86202db31,77701ba5a677,6.466927284139274,13.690390315771102,0.0344199531650745,1,S,2045568,2975280,0.0161811036599919,0.011124851392663,,,,,,,,300000000,,FLAT,300,1.2418569654e-05,11005.0,0.475845,0.429906973645091,wd0,0.0,constant,0,0.0,0.0,1,FLAT_seed2_S_wd0
FLAT,0.5,16,2,0.003,928256,26034033,132534,1590408,3.9364779541146326,,9096.64306640625,109159.716796875,157242.05946141377,0.00015,4.7926225662231445,68.32924365997314,51a86202db31,77701ba5a677,4.053070511467123,13.509366487550736,0.0688804382271719,1,S,2045568,2975280,0.0533640127323437,0.0366888887085837,,,,,,,,300000000,,FLAT,300,1.2418569654e-05,11005.0,0.67943,0.0259918312332592,wd0,0.0,constant,0,0.0005,0.0,1,FLAT_seed2_S_wd0
FLAT,0.5,16,2,0.003,2096512,58800742,291790,3501480,3.0424761232169857,,24004.76220703125,288057.146484375,381684.33152284287,0.00015,4.919769287109375,149.13678288459778,51a86202db31,77701ba5a677,3.2205704282693053,13.691016980242727,0.0825113951814661,1,S,2045568,2975280,0.1408201274581803,0.096816819420147,,,,,,,,300000000,,FLAT,300,1.2418569654e-05,11005.0,0.78444,0.965561531353742,wd0,0.0,constant,0,0.0,0.0005,1,FLAT_seed2_S_wd0
FLAT,0.5,16,2,0.003,4735360,132815534,472959,5675508,2.517085188099714,,30012.531494140625,360150.3779296875,461395.101791499,0.00025,4.870805740356445,328.5941174030304,51a86202db31,77701ba5a677,2.685775358855715,13.475918881893158,0.0637010819119627,1,S,2045568,2975280,0.1760637524294902,0.1210475578532734,,,,,,,,300000000,,FLAT,300,1.2418569654e-05,11005.0,0.824875,0.619793055254966,wd0,0.0,constant,0,0.264,0.962,1,FLAT_seed2_S_wd0
FLAT,0.5,16,2,0.003,10696192,300002541,689389,8272668,2.0201625704310926,,36452.69213867188,437432.3056640625,532856.1388016767,0.00025,4.829231262207031,732.1546297073364,51a86202db31,77701ba5a677,2.169052283545921,13.011123823571204,0.0531209520314365,1,S,2045568,2975280,0.2138439326700762,0.1470222317442602,,,,,,,,300000000,,FLAT,300,1.2418569654e-05,11005.0,0.85253,0.2814465355449356,wd0,0.0,constant,0,0.004,0.001,1,FLAT_seed2_S_wd0
RAW,0.5,16,1,0.003,35712,1002054,16521,198252,11.92495546544552,,2.966552734375,35.5986328125,1749.1625182530406,0.00015,5.0935163497924805,3.013489007949829,51a86202db31,ec227f110339,11.965754191942215,12.56316824274063,0.0004237031656679,1,S,2045568,2975280,1.740281076576286e-05,1.1964800896890377e-05,,,,,,,,300000000,,RAW,RAW,,,0.000685,11.280409296035767,wd0,0.0,constant,0,0.0005,0.0,1,RAW_seed1_S_wd0
RAW,0.5,16,1,0.003,80640,2262035,28614,343368,11.789080241160391,,5.01416015625,60.169921875,1909.8679209722516,0.0002,5.073166847229004,6.476815700531006,51a86202db31,ec227f110339,11.864554177803994,12.471859891986847,0.0004193751310547,1,S,2045568,2975280,2.9414774710496055e-05,2.0223280455957085e-05,,,,,,,,300000000,,RAW,RAW,,,0.00106,11.102956546783448,wd0,0.0,constant,0,0.0,0.0,1,RAW_seed1_S_wd0
RAW,0.5,16,1,0.003,182016,5105143,48475,581700,11.747040412650108,,4.165283203125,49.9833984375,2048.91447333336,0.0004,5.067850589752197,13.447840452194214,51a86202db31,ec227f110339,11.840774069008829,12.489083937692644,0.0003300670448684,1,S,2045568,2975280,2.4434972798508777e-05,1.6799561196761313e-05,,,,,,,,300000000,,RAW,RAW,,,0.00139,11.029065298080443,wd0,0.0,constant,0,0.0,0.0005,1,RAW_seed1_S_wd0
RAW,0.5,16,1,0.003,410880,11524536,80829,969948,6.128531200660402,,3150.266357421875,37803.1962890625,61774.68854320473,0.0002,4.943024158477783,28.50247693061829,51a86202db31,ec227f110339,6.215851000054907,13.7414505692482,0.0392185972856276,1,S,2045568,2975280,0.0184805375763907,0.0127057608994993,,,,,,,,300000000,,RAW,RAW,,,0.49832,0.3666125034159049,wd0,0.0,constant,0,0.0,0.0,1,RAW_seed1_S_wd0
RAW,0.5,16,1,0.003,928128,26032025,132442,1589304,3.989127498630012,,8826.66552734375,105919.986328125,153049.66395016765,0.0002,4.758838176727295,61.32701063156128,51a86202db31,ec227f110339,4.115056739436907,13.61292756767869,0.0668896573594479,1,S,2045568,2975280,0.0517802323501956,0.0356000061601345,,,,,,,,300000000,,RAW,RAW,,,0.67493,0.0300469400519505,wd0,0.0,constant,0,0.0,0.0,1,RAW_seed1_S_wd0
RAW,0.5,16,1,0.003,2096512,58801209,212985,2555820,3.44157432642271,,12477.001708984377,149724.0205078125,203852.4487203661,0.0002,4.746063709259033,134.30747723579407,51a86202db31,ec227f110339,3.577839140612747,13.501732066863775,0.0588257389018005,1,S,2045568,2975280,0.0731943501794183,0.0503226656004855,,,,,,,,300000000,,RAW,RAW,,,0.72535,0.018704700047383,wd0,0.0,constant,0,0.0,0.0,1,RAW_seed1_S_wd0
RAW,0.5,16,1,0.003,4735616,132815933,324075,3888900,3.1026969277744683,,14613.880126953123,175366.5615234375,227319.12205090205,0.00025,4.720547199249268,301.8472492694855,51a86202db31,ec227f110339,3.309064497039842,12.911564083588123,0.0453382704620843,1,S,2045568,2975280,0.0857300082536672,0.0589411959625438,,,,,,,,300000000,,RAW,RAW,,,0.74822,0.0119700277752708,wd0,0.0,constant,0,0.1675,0.953,1,RAW_seed1_S_wd0
RAW,0.5,16,1,0.003,10696320,300001987,488690,5864280,2.8113289470255807,,17446.69091796875,209360.291015625,253669.42744331295,0.0001,4.733829498291016,674.2031397819519,51a86202db31,ec227f110339,3.003241880216076,12.579697773838044,0.0359450776565921,1,S,2045568,2975280,0.1023482431361973,0.0703665843267272,,,,,,,,300000000,,RAW,RAW,,,0.77344,0.0072467301138094,wd0,0.0,constant,0,0.0015,0.0005,1,RAW_seed1_S_wd0
RAW,0.5,16,2,0.003,35712,1002175,16504,198048,11.90847932243824,,0.970703125,11.6484375,1840.9365226100929,0.00025,5.06170654296875,2.979866743087769,51a86202db31,a8cb50f61ce0,11.93687052889347,12.58081089372635,0.0003029568589432,1,S,2045568,2975280,5.694475813074901e-06,3.91507269904009e-06,,,,,,,,300000000,,RAW,RAW,,,0.000685,11.228673286437989,wd0,0.0,constant,0,0.0005,0.0,1,RAW_seed2_S_wd0
RAW,0.5,16,2,0.003,80640,2261705,28300,339600,11.788764495797157,,2.0908203125,25.08984375,1941.17894443512,0.0002,5.067864418029785,6.383537530899048,51a86202db31,a8cb50f61ce0,11.863654475317002,12.45453087296486,0.0003180212014134,1,S,2045568,2975280,1.2265465508846445e-05,8.43276725215778e-06,,,,,,,,300000000,,RAW,RAW,,,0.000985,11.140547713279725,wd0,0.0,constant,0,0.0,0.0,1,RAW_seed2_S_wd0
RAW,0.5,16,2,0.003,182016,5104542,48143,577716,11.7485170714283,,7.246337890625,86.9560546875,2048.349203447484,0.00025,5.061272621154785,13.392714977264404,51a86202db31,a8cb50f61ce0,11.838304823293686,12.439239684677124,0.0003946575826184,1,S,2045568,2975280,4.25094910985604e-05,2.922617524653142e-05,,,,,,,,300000000,,RAW,RAW,,,0.001465,11.075166584014893,wd0,0.0,constant,0,0.0,0.0005,1,RAW_seed2_S_wd0
RAW,0.5,16,2,0.003,411008,11527477,80709,968508,6.381563851218102,,2758.295654296875,33099.5478515625,55897.47101966135,0.0002,4.921750068664551,28.30734705924988,51a86202db31,a8cb50f61ce0,6.466927284139274,13.690390315771102,0.0344199531650745,1,S,2045568,2975280,0.0161811036599919,0.011124851392663,,,,,,,,300000000,,RAW,RAW,,,0.475845,0.429906973645091,wd0,0.0,constant,0,0.0,0.0,1,RAW_seed2_S_wd0
RAW,0.5,16,2,0.003,928256,26034033,132534,1590408,3.9364779541146326,,9096.64306640625,109159.716796875,157242.05946141377,0.00015,4.7926225662231445,60.975815296173096,51a86202db31,a8cb50f61ce0,4.053070511467123,13.509366487550736,0.0688804382271719,1,S,2045568,2975280,0.0533640127323437,0.0366888887085837,,,,,,,,300000000,,RAW,RAW,,,0.67943,0.0259918312332592,wd0,0.0,constant,0,0.0005,0.0,1,RAW_seed2_S_wd0
RAW,0.5,16,2,0.003,2096512,58800742,212453,2549436,3.3191421504450944,,13144.131591796877,157729.5791015625,214174.57817788876,0.00025,4.754764080047607,134.24877285957336,51a86202db31,a8cb50f61ce0,3.5427142183346767,13.193766056060792,0.062112561366514,1,S,2045568,2975280,0.0771079617502632,0.0530133564241222,,,,,,,,300000000,,RAW,RAW,,,0.731045,0.0141073309652274,wd0,0.0,constant,0,0.0,0.0005,1,RAW_seed2_S_wd0
RAW,0.5,16,2,0.003,4735360,132815534,323533,3882396,3.1057964888656517,,15160.012451171877,181920.1494140625,228341.16305991152,0.0002,4.742454051971436,299.1816434860229,51a86202db31,a8cb50f61ce0,3.2442961095333462,13.054022897577283,0.0471018412341244,1,S,2045568,2975280,0.0889338068517216,0.0611438753374682,,,,,,,,300000000,,RAW,RAW,,,0.75215,0.0098431329787126,wd0,0.0,constant,0,0.1605,0.9625,1,RAW_seed2_S_wd0
RAW,0.5,16,2,0.003,10696192,300002541,488195,5858340,2.7318974205022,,18337.811767578125,220053.7412109375,264366.04727188125,0.0003,4.703200817108154,669.9142677783966,51a86202db31,a8cb50f61ce0,2.929498325720276,12.568814544057846,0.0378066141603252,1,S,2045568,2975280,0.1075758621619704,0.0739606830990486,,,,,,,,300000000,,RAW,RAW,,,0.778225,0.0046688441855658,wd0,0.0,constant,0,0.0025,0.0005,1,RAW_seed2_S_wd0
